crash_record_id,crash_date,posted_speed_limit,traffic_control_device,device_condition,weather_condition,lighting_condition,first_crash_type,trafficway_type,alignment,roadway_surface_cond,road_defect,report_type,crash_type,damage,date_police_notified,prim_contributory_cause,sec_contributory_cause,street_no,street_direction,street_name,beat_of_occurrence,num_units,most_severe_injury,injuries_total,injuries_fatal,injuries_incapacitating,injuries_non_incapacitating,injuries_reported_not_evident,injuries_no_indication,injuries_unknown,crash_hour,crash_day_of_week,crash_month,latitude,longitude,location,speed_limit
ddf9b1bf0231efa968f313043ecb44b8c28ff85cd11ea05865ebd024bfadb327aa136c51e8977060eaab377409fb47e160b0ceb777a82b93e7edcd1dda3ecbae,2025/3/6 15:24,15,NO CONTROLS,NO CONTROLS,CLEAR,DAYLIGHT,PARKED MOTOR VEHICLE,PARKING LOT,STRAIGHT AND LEVEL,DRY,NO DEFECTS,ON SCENE,NO INJURY / DRIVE AWAY,"OVER $1,500",2025-03-06T15:28:00.000,UNABLE TO DETERMINE,NOT APPLICABLE,2501,W,ADDISON ST,1921,2,NO INDICATION OF INJURY,0,0,0,0,0,11,0,15,5,3,41.94661693,-87.69105603,POINT (-87.691056027306 41.946616932302),15
564be6ed259d3adf77954ddeb923d3d5fe27577d004e441266a9bc69dd28b558e1891758649ff2d424053157bde631d28efdd8e19f2f5dea61c128bc52951c7b,2025/3/6 15:21,25,NO CONTROLS,NO CONTROLS,CLEAR,DAYLIGHT,TURNING,NOT DIVIDED,STRAIGHT AND LEVEL,DRY,NO DEFECTS,ON SCENE,INJURY AND / OR TOW DUE TO CRASH,"OVER $1,500",2025-03-06T15:21:00.000,UNABLE TO DETERMINE,NOT APPLICABLE,2810,N,WOLCOTT AVE,1931,2,NO INDICATION OF INJURY,0,0,0,0,0,3,0,15,5,3,41.932669,-87.67584365,POINT (-87.675843651291 41.932669003275),25
36e95d251f13b8d95f76c14b8f72a44c4340f7352e78f79e1e2e798a2015bfbcf21dc0d22eacb4d6d74422f5c0f53b46260f9397787d847fca2b30c9221e663b,2025/3/6 15:20,30,NO CONTROLS,NO CONTROLS,CLEAR,DAYLIGHT,TURNING,NOT DIVIDED,STRAIGHT AND LEVEL,UNKNOWN,UNKNOWN,NOT ON SCENE (DESK REPORT),NO INJURY / DRIVE AWAY,"OVER $1,500",2025-03-06T15:50:00.000,FAILING TO YIELD RIGHT-OF-WAY,NOT APPLICABLE,5151,S,PULASKI RD,822,2,NO INDICATION OF INJURY,0,0,0,0,0,4,0,15,5,3,41.79901235,-87.72318127,POINT (-87.723181270253 41.799012353103),30
5c5acacc5b5c2f1cf060ca54528a1e02bf3a22fd43fa31c74bd0250c96adcd29380f3d073440dd111dbddf91bb593fa7cdb3f2b106abec400f024526e2636938,2025/3/6 15:15,35,NO CONTROLS,NO CONTROLS,CLEAR,DAYLIGHT,PARKED MOTOR VEHICLE,NOT DIVIDED,STRAIGHT AND LEVEL,DRY,UNKNOWN,ON SCENE,NO INJURY / DRIVE AWAY,"OVER $1,500",2025-03-06T16:30:00.000,IMPROPER OVERTAKING/PASSING,IMPROPER OVERTAKING/PASSING,6417,S,CENTRAL AVE,813,2,NO INDICATION OF INJURY,0,0,0,0,0,1,0,15,5,3,41.77565161,-87.76148593,POINT (-87.761485927218 41.775651607149),35
591c071048735b375a25685963ee0a28b07e8c081754a7e79e906c32bcddccbc588b7d2614355edb24f67f14df1116ceca1f947f4861dd2020af0b2ad998a35b,2025/3/6 15:10,30,NO CONTROLS,NO CONTROLS,CLEAR,DAYLIGHT,PARKED MOTOR VEHICLE,NOT DIVIDED,STRAIGHT AND LEVEL,DRY,UNKNOWN,ON SCENE,NO INJURY / DRIVE AWAY,"OVER $1,500",2025-03-06T15:10:00.000,IMPROPER OVERTAKING/PASSING,NOT APPLICABLE,4424,N,PULASKI RD,1722,2,NO INDICATION OF INJURY,0,0,0,0,0,1,0,15,5,3,41.96170873,-87.72799409,POINT (-87.727994088597 41.961708725802),30
a2a82d52de476af6c112ed841968c7844f20c798235b4a49bdfb6c8938e08799b91ad217be05a34e523cc72fa992a64e75381a35d9a36fadeffdba2aa0af4e8c,2025/3/6 15:10,30,TRAFFIC SIGNAL,FUNCTIONING PROPERLY,CLEAR,DAYLIGHT,TURNING,FOUR WAY,STRAIGHT AND LEVEL,DRY,NO DEFECTS,ON SCENE,INJURY AND / OR TOW DUE TO CRASH,"OVER $1,500",2025-03-06T15:24:00.000,FAILING TO YIELD RIGHT-OF-WAY,NOT APPLICABLE,1200,N,ASHLAND AVE,1424,2,NO INDICATION OF INJURY,0,0,0,0,0,2,0,15,5,3,41.90337747,-87.66764314,POINT (-87.667643142275 41.903377467567),30
94041e12569fd421b039c72b79d2f7670a1d300625f7cddbe0ba896f1c962a75172d41771cb450ed8755d87367cae861766aaf875953915dc76fbc15a6ecff5c,2025/3/6 15:08,30,TRAFFIC SIGNAL,FUNCTIONING PROPERLY,CLEAR,DAYLIGHT,ANGLE,FOUR WAY,STRAIGHT AND LEVEL,UNKNOWN,UNKNOWN,ON SCENE,INJURY AND / OR TOW DUE TO CRASH,"OVER $1,500",2025-03-06T15:08:00.000,DISREGARDING TRAFFIC SIGNALS,UNABLE TO DETERMINE,100,E,LOWER WACKER DR,114,2,NO INDICATION OF INJURY,0,0,0,0,0,4,0,15,5,3,41.88843209,-87.62442469,POINT (-87.624424686932 41.88843209205),30
733088b702d9dca99f0d1d45978c4908655e8f4f1557fc6c1c74381ee61ac7df8e8011ae00f169d3b8075d4fa08c7ff73c514853a7ea4d9aa86bdf49265ead05,2025/3/6 15:05,20,NO CONTROLS,NO CONTROLS,CLEAR,DAYLIGHT,PARKED MOTOR VEHICLE,PARKING LOT,STRAIGHT AND LEVEL,DRY,NO DEFECTS,ON SCENE,NO INJURY / DRIVE AWAY,$500 OR LESS,2025-03-06T15:10:00.000,IMPROPER BACKING,FAILING TO YIELD RIGHT-OF-WAY,5620,N,RIDGE AVE,2013,2,NO INDICATION OF INJURY,0,0,0,0,0,1,0,15,5,3,41.98400421,-87.66091802,POINT (-87.660918020743 41.984004207136),20
20517f0b2ee79f03657350990099a678523580b4928c35653e813d3dae4f1bb4b37baece47720b7888ce821c5fae93ec54cb28dcbffc7f254ebef80f2cdc1159,2025/3/6 15:00,30,NO CONTROLS,NO CONTROLS,CLEAR,DAYLIGHT,PARKED MOTOR VEHICLE,ONE-WAY,STRAIGHT AND LEVEL,DRY,UNKNOWN,NOT ON SCENE (DESK REPORT),NO INJURY / DRIVE AWAY,"OVER $1,500",2025-03-06T16:35:00.000,UNABLE TO DETERMINE,NOT APPLICABLE,1927,N,SAWYER AVE,1421,2,NO INDICATION OF INJURY,0,0,0,0,0,1,0,15,5,3,41.91634879,-87.70848803,POINT (-87.708488026026 41.916348793038),30
854eada2de66c327850f164f03d5eac931e7f078b88b6c6313d9bbe02bccb0e6e4d56e020e9e24d66ecfb17db7745c9af5c57f2f1abadee32f7502d9ce9e8af0,2025/3/6 15:00,20,NO CONTROLS,NO CONTROLS,CLEAR,DAYLIGHT,ANGLE,OTHER,STRAIGHT AND LEVEL,UNKNOWN,UNKNOWN,ON SCENE,INJURY AND / OR TOW DUE TO CRASH,"OVER $1,500",2025-03-06T15:10:00.000,DRIVING SKILLS/KNOWLEDGE/EXPERIENCE,NOT APPLICABLE,1165,S,LYTLE ST,1231,2,NONINCAPACITATING INJURY,1,0,0,1,0,1,0,15,5,3,41.86702166,-87.65775425,POINT (-87.657754254302 41.867021655693),20
9c29d276d533ce0bbc0a23e1c1326bfdac36dfd425881e7c11300df6d0b726613691477c9ce4ad56b0420c93fd04c7519678a75a0abbca58cca915ebe05909cb,2025/3/6 15:00,35,NO CONTROLS,NO CONTROLS,CLEAR,DAYLIGHT,TURNING,DIVIDED - W/MEDIAN (NOT RAISED),STRAIGHT AND LEVEL,DRY,NO DEFECTS,ON SCENE,NO INJURY / DRIVE AWAY,"OVER $1,500",2025-03-06T15:30:00.000,FAILING TO YIELD RIGHT-OF-WAY,UNABLE TO DETERMINE,5820,S,WESTERN AVE,824,2,NO INDICATION OF INJURY,0,0,0,0,0,2,0,15,5,3,41.78769638,-87.68401142,POINT (-87.684011417859 41.787696375843),35
a43f306b73e39de5709eeb14cbfd6de0c51dcd1b2def1c2c3d0a1438f4b041a21076e0c796373c582afbea23e92a4426858d635100a9f4a541e6c76be6e81ff0,2025/3/6 15:00,30,TRAFFIC SIGNAL,FUNCTIONING PROPERLY,CLEAR,DAYLIGHT,REAR END,FOUR WAY,STRAIGHT AND LEVEL,UNKNOWN,UNKNOWN,NOT ON SCENE (DESK REPORT),NO INJURY / DRIVE AWAY,"OVER $1,500",2025-03-06T15:23:00.000,UNABLE TO DETERMINE,UNABLE TO DETERMINE,3000,W,VAN BUREN ST,1124,2,NO INDICATION OF INJURY,0,0,0,0,0,2,0,15,5,3,41.87603817,-87.70110302,POINT (-87.701103023191 41.876038171488),30
d2318dd1e202c772605201b2bbfb9a67139f5d9b2adec1edf752fb07b0e6fbf871eb01d5bbd5b8c97bae1217c1233fa0a70c437ab0f270557ae5ed122b86c074,2025/3/6 15:00,30,NO CONTROLS,NO CONTROLS,CLEAR,DAYLIGHT,PARKED MOTOR VEHICLE,DIVIDED - W/MEDIAN (NOT RAISED),STRAIGHT AND LEVEL,DRY,NO DEFECTS,ON SCENE,INJURY AND / OR TOW DUE TO CRASH,"OVER $1,500",2025-03-06T15:03:00.000,"OPERATING VEHICLE IN ERRATIC, RECKLESS, CARELESS, NEGLIGENT OR AGGRESSIVE MANNER",DRIVING SKILLS/KNOWLEDGE/EXPERIENCE,1945,W,AUGUSTA BLVD,1212,2,NO INDICATION OF INJURY,0,0,0,0,0,2,0,15,5,3,41.89945217,-87.6764978,POINT (-87.676497801556 41.899452165822),30
3fa0f8dd981f3270a87465b9455136b136ad7fac7c77b43be00b880e0d229b49f8d94c1536bf4619e10fb9317ab80af8033746c42bd9b91f957ca37a661c015d,2025/3/6 14:54,30,STOP SIGN/FLASHER,FUNCTIONING PROPERLY,CLEAR,DAYLIGHT,TURNING,FOUR WAY,STRAIGHT AND LEVEL,DRY,NO DEFECTS,ON SCENE,INJURY AND / OR TOW DUE TO CRASH,"OVER $1,500",2025-03-06T14:55:00.000,FAILING TO YIELD RIGHT-OF-WAY,FAILING TO REDUCE SPEED TO AVOID CRASH,5200,S,KOSTNER AVE,815,5,NONINCAPACITATING INJURY,1,0,0,1,0,4,0,14,5,3,41.79851495,-87.73326262,POINT (-87.733262617493 41.798514949084),30
57a2ae3f4311be245778bb123f804b2c2e1ce4dd49a37baedd8b3f9cad812fccbaf2f32cc95b9e953199280b3bc7557204a97e6964acd0926c1e28d89bc47e79,2025/3/6 14:50,25,NO CONTROLS,NO CONTROLS,CLEAR,DAYLIGHT,HEAD ON,NOT DIVIDED,STRAIGHT AND LEVEL,DRY,NO DEFECTS,NOT ON SCENE (DESK REPORT),NO INJURY / DRIVE AWAY,"OVER $1,500",2025-03-06T15:30:00.000,UNABLE TO DETERMINE,UNABLE TO DETERMINE,11000,S,HERMOSA AVE,2212,2,NO INDICATION OF INJURY,0,0,0,0,0,3,0,14,5,3,41.69387489,-87.66543192,POINT (-87.665431915619 41.693874885913),25
8516491a668c2171fd3ac786b1a8f27f9c4f9dae1403c54a637d2fbacf3a9d1d8a4c978eaae37e715c73c07829ac2d54433bee49f203ebce762fde0a0e000698,2025/3/6 14:50,30,TRAFFIC SIGNAL,FUNCTIONING PROPERLY,CLEAR,DAYLIGHT,REAR END,NOT DIVIDED,STRAIGHT AND LEVEL,DRY,UNKNOWN,NOT ON SCENE (DESK REPORT),NO INJURY / DRIVE AWAY,"$501 - $1,500",2025-03-06T16:25:00.000,UNABLE TO DETERMINE,DRIVING SKILLS/KNOWLEDGE/EXPERIENCE,11500,S,FRONT AVE,532,2,NO INDICATION OF INJURY,0,0,0,0,0,4,0,14,5,3,41.68537827,-87.61254416,POINT (-87.612544162001 41.685378266193),30
0349e3531c59e197e7e12062b924c2183754083d48673dd3e792b05aacd08d3b02a05d9fd90197683f54402c13d305a088b35b6ba428b51cb0879a402161a231,2025/3/6 14:47,25,NO CONTROLS,NO CONTROLS,CLEAR,DAYLIGHT,PARKED MOTOR VEHICLE,NOT DIVIDED,STRAIGHT AND LEVEL,DRY,NO DEFECTS,ON SCENE,NO INJURY / DRIVE AWAY,"OVER $1,500",2025-03-06T14:48:00.000,FAILING TO REDUCE SPEED TO AVOID CRASH,NOT APPLICABLE,2020,W,35TH ST,912,2,NO INDICATION OF INJURY,0,0,0,0,0,1,0,14,5,3,41.83049081,-87.67612842,POINT (-87.676128420555 41.830490810015),25
cfae3eb86cb57f4f56be48236260fcd038f22c301d19509b69919d7adbe38197fd357b1b3be9cdac761caa61aec07c08115409a1132c33c526f6c3de40a4c1c2,2025/3/6 14:41,30,UNKNOWN,UNKNOWN,UNKNOWN,UNKNOWN,SIDESWIPE SAME DIRECTION,NOT DIVIDED,STRAIGHT AND LEVEL,UNKNOWN,UNKNOWN,NOT ON SCENE (DESK REPORT),NO INJURY / DRIVE AWAY,"OVER $1,500",2025-03-06T15:30:00.000,UNABLE TO DETERMINE,UNABLE TO DETERMINE,4020,N,WESTERN AVE,1911,2,NO INDICATION OF INJURY,0,0,0,0,0,2,0,14,5,3,41.95469497,-87.68863281,POINT (-87.688632814267 41.95469497189),30
40640f7517345803895e9a500ed7aea34c9ccef27e2f703dfdb32858e87a51909b08a6c09fbf6fd90f544ce11e5a4c7f0e97fdf1061fc88d15c58bcb453d659d,2025/3/6 14:40,30,UNKNOWN,UNKNOWN,CLEAR,DAYLIGHT,SIDESWIPE SAME DIRECTION,NOT DIVIDED,STRAIGHT AND LEVEL,UNKNOWN,UNKNOWN,NOT ON SCENE (DESK REPORT),NO INJURY / DRIVE AWAY,"OVER $1,500",2025-03-06T16:00:00.000,UNABLE TO DETERMINE,NOT APPLICABLE,4000,N,WESTERN AVE,1911,2,NO INDICATION OF INJURY,0,0,0,0,0,2,0,14,5,3,41.95405671,-87.68861447,POINT (-87.688614471985 41.954056713542),30
2cef69e6accd7eb3d416cd2f612ed24df8fa5c31f3989047105ad5919d1ed79e32c82e32c5e13e3db65ca104b75e9ad2664ff94f44348dad9c7fd191faa6be02,2025/3/6 14:30,25,NO CONTROLS,NO CONTROLS,CLEAR,DAYLIGHT,SIDESWIPE SAME DIRECTION,FOUR WAY,STRAIGHT AND LEVEL,DRY,NO DEFECTS,NOT ON SCENE (DESK REPORT),INJURY AND / OR TOW DUE TO CRASH,"OVER $1,500",2025-03-06T15:30:00.000,UNABLE TO DETERMINE,NOT APPLICABLE,1560,W,111TH ST,2234,2,NO INDICATION OF INJURY,0,0,0,0,0,2,0,14,5,3,41.6922276,-87.66180975,POINT (-87.661809747988 41.69222759706),25
36634ebab7019a94b64bd496fc3a5a125e4e00549ca77c78e557e4d3e9beb8e809bad708eda2a7a1068219db8bc15ed8f3058f21709005a482158def329edb2e,2025/3/6 14:20,30,NO CONTROLS,NO CONTROLS,CLEAR,DAYLIGHT,ANGLE,NOT DIVIDED,STRAIGHT AND LEVEL,DRY,NO DEFECTS,NOT ON SCENE (DESK REPORT),NO INJURY / DRIVE AWAY,"$501 - $1,500",2025-03-06T15:00:00.000,FAILING TO YIELD RIGHT-OF-WAY,FAILING TO YIELD RIGHT-OF-WAY,4400,W,MONTROSE AVE,1722,2,NO INDICATION OF INJURY,0,0,0,0,0,2,0,14,5,3,41.96093771,-87.73849688,POINT (-87.738496884005 41.960937710781),30
fcce209c2827701cc213aee352c028a7b351db165062fac1699d220b350d5989c0438353001ad5613bd073fc9f0bfb37b657af43a1a9667a8ad7e46958c4af48,2025/3/6 14:16,30,TRAFFIC SIGNAL,FUNCTIONING PROPERLY,CLEAR,DAYLIGHT,SIDESWIPE SAME DIRECTION,FOUR WAY,STRAIGHT AND LEVEL,DRY,NO DEFECTS,NOT ON SCENE (DESK REPORT),NO INJURY / DRIVE AWAY,"$501 - $1,500",2025-03-06T14:50:00.000,IMPROPER OVERTAKING/PASSING,NOT APPLICABLE,3150,N,PULASKI RD,2523,2,NO INDICATION OF INJURY,0,0,0,0,0,3,0,14,5,3,41.93877461,-87.72732277,POINT (-87.727322766472 41.938774610373),30
85458a7398d8da53fea42f34f5497b8a82fbd7f37305d7c51f554e371d0a03fb4e4a8117e69ef48a5b8f8b74176f1ac3b4e87f88fe2510e53e6e9f206e722897,2025/3/6 14:08,30,NO CONTROLS,NO CONTROLS,CLEAR,DAYLIGHT,SIDESWIPE SAME DIRECTION,NOT DIVIDED,STRAIGHT AND LEVEL,DRY,NO DEFECTS,ON SCENE,NO INJURY / DRIVE AWAY,"OVER $1,500",2025-03-06T16:16:00.000,DRIVING SKILLS/KNOWLEDGE/EXPERIENCE,FOLLOWING TOO CLOSELY,299,E,CHICAGO AVE,1833,2,NO INDICATION OF INJURY,0,0,0,0,0,2,0,14,5,3,41.89667397,-87.62043849,POINT (-87.620438488802 41.896673966901),30
b0b05b8e0a377906908ea037ca3f2b198cdc355235fa6050e5481ae1c26451310c92bafa6d0596932e108a713887233b2d2f515f03e88f5a179776c9e9d3ba3d,2025/3/6 14:05,25,TRAFFIC SIGNAL,FUNCTIONING PROPERLY,CLEAR,DAYLIGHT,REAR END,ONE-WAY,STRAIGHT AND LEVEL,DRY,NO DEFECTS,NOT ON SCENE (DESK REPORT),NO INJURY / DRIVE AWAY,"$501 - $1,500",2025-03-06T15:39:00.000,NOT APPLICABLE,NOT APPLICABLE,2000,W,VAN BUREN ST,1225,2,NO INDICATION OF INJURY,0,0,0,0,0,3,0,14,5,3,41.87631722,-87.67664419,POINT (-87.676644193783 41.876317220175),25
e3e6d4c6d7704888bd108c81caeb004905e9a2aba2e2c064a2a5b6294d48336d727efb40690df896db76e4393f08f7f92efe7aabd67a64a49b389327b24b06db,2025/3/6 14:00,10,NO CONTROLS,NO CONTROLS,CLEAR,DARKNESS,REAR TO REAR,UNKNOWN,STRAIGHT AND LEVEL,DRY,NO DEFECTS,ON SCENE,NO INJURY / DRIVE AWAY,"OVER $1,500",2025-03-06T14:02:00.000,NOT APPLICABLE,NOT APPLICABLE,1725,W,HARRISON ST,1231,2,NO INDICATION OF INJURY,0,0,0,0,0,4,0,14,5,3,41.87401634,-87.67026083,POINT (-87.670260828397 41.874016335282),10
a2ca1780f947195d9b5ff90d60bb1645c9486a9227f1ee7734808c110520d49d032b91ef842a13e472b6c48fe4326aa77308ea11115e8feb62ba0e2dd514262f,2025/3/6 13:55,30,NO CONTROLS,NO CONTROLS,CLEAR,DAYLIGHT,SIDESWIPE SAME DIRECTION,NOT DIVIDED,STRAIGHT AND LEVEL,DRY,NO DEFECTS,NOT ON SCENE (DESK REPORT),NO INJURY / DRIVE AWAY,"$501 - $1,500",2025-03-06T14:36:00.000,IMPROPER OVERTAKING/PASSING,NOT APPLICABLE,1128,W,71ST ST,733,2,NO INDICATION OF INJURY,0,0,0,0,0,3,0,13,5,3,41.7651817,-87.65283849,POINT (-87.652838492432 41.765181703891),30
6ef19b0bc0d4ab96ae433d4181f29371fd1c930077521f730585107988c9a9d22e2cba26520c297e79f02741bfb2c5335b3ded307b92131c72cf6b853401e878,2025/3/6 13:45,10,NO CONTROLS,NO CONTROLS,CLEAR,DAYLIGHT,PARKED MOTOR VEHICLE,PARKING LOT,STRAIGHT AND LEVEL,DRY,NO DEFECTS,ON SCENE,NO INJURY / DRIVE AWAY,"OVER $1,500",2025-03-06T17:07:00.000,PHYSICAL CONDITION OF DRIVER,NOT APPLICABLE,8306,S,ST LAWRENCE AVE,632,2,NO INDICATION OF INJURY,0,0,0,0,0,1,0,13,5,3,41.74365776,-87.61001515,POINT (-87.610015152073 41.743657763605),10
b2e964724f47b0bd6cdfe74413d404cd5d4890004cc40082bd652a2f87b930213a01767f1ee266b71bec5e6536d61b31d8072fb8c9bd564eef04f0f406987c52,2025/3/6 13:45,30,TRAFFIC SIGNAL,FUNCTIONING PROPERLY,CLEAR,DAYLIGHT,REAR END,DIVIDED - W/MEDIAN (NOT RAISED),STRAIGHT AND LEVEL,DRY,NO DEFECTS,NOT ON SCENE (DESK REPORT),NO INJURY / DRIVE AWAY,"OVER $1,500",2025-03-06T15:30:00.000,UNABLE TO DETERMINE,NOT APPLICABLE,3419,W,IRVING PARK RD,1732,3,NO INDICATION OF INJURY,0,0,0,0,0,3,0,13,5,3,41.95373531,-87.71372313,POINT (-87.713723131811 41.953735307478),30
f4e8dc784a70b721aad4fd6a9e61ae78c34f96c0f6e93305c857b7ea530a91e14e93d5c406c43ac1fdbda184b9cba67f32935d4070acd9881168f43740107e32,2025/3/6 13:43,30,TRAFFIC SIGNAL,FUNCTIONING PROPERLY,CLEAR,DAYLIGHT,TURNING,FOUR WAY,STRAIGHT AND LEVEL,DRY,UNKNOWN,ON SCENE,NO INJURY / DRIVE AWAY,"OVER $1,500",2025-03-06T14:14:00.000,IMPROPER OVERTAKING/PASSING,NOT APPLICABLE,698,N,DEARBORN ST,1832,2,NO INDICATION OF INJURY,0,0,0,0,0,2,0,13,5,3,41.8948151,-87.62987176,POINT (-87.629871762573 41.894815095408),30
0bb2269141972b4ca43682793c010acb51c8f3d082764d5151e4207aecbf8adaf7802990d2e9ea086977c93c6f0b83faea85370a5d12cf06938b991e95229600,2025/3/6 13:30,10,NO CONTROLS,NO CONTROLS,CLEAR,DAYLIGHT,PARKED MOTOR VEHICLE,PARKING LOT,STRAIGHT AND LEVEL,DRY,NO DEFECTS,ON SCENE,NO INJURY / DRIVE AWAY,"$501 - $1,500",2025-03-06T13:32:00.000,PHYSICAL CONDITION OF DRIVER,DRIVING SKILLS/KNOWLEDGE/EXPERIENCE,6107,S,ARCHER AVE,811,2,NO INDICATION OF INJURY,0,0,0,0,0,1,0,13,5,3,41.79435485,-87.77052715,POINT (-87.770527152113 41.794354853197),10
df57bc3e0d636449a95a1784ee9b0bb572d225df449419abf7f68aa7a9ae4dcec63d874ce090668e814ae758b519cc0b8e287d5c20e09a3a96f6979ccb7cc1b7,2025/3/6 13:04,30,TRAFFIC SIGNAL,NO CONTROLS,CLEAR,DAYLIGHT,ANGLE,NOT DIVIDED,STRAIGHT AND LEVEL,DRY,NO DEFECTS,ON SCENE,NO INJURY / DRIVE AWAY,"OVER $1,500",2025-03-06T13:11:00.000,UNABLE TO DETERMINE,UNABLE TO DETERMINE,6300,S,STATE ST,312,2,NO INDICATION OF INJURY,0,0,0,0,0,2,0,13,5,3,41.78000828,-87.62552251,POINT (-87.625522511916 41.780008277408),30
42324a36926b9e0e3667db4e335fce4c7c65c9f9949163c6fee32e7491e92b7a53c307cb06d86d4656a5ada84353100469ec3819e2c39f271720f9725f2e7828,2025/3/6 13:00,30,NO CONTROLS,NO CONTROLS,CLEAR,DAYLIGHT,TURNING,NOT DIVIDED,STRAIGHT AND LEVEL,DRY,NO DEFECTS,NOT ON SCENE (DESK REPORT),NO INJURY / DRIVE AWAY,"$501 - $1,500",2025-03-06T13:20:00.000,FAILING TO YIELD RIGHT-OF-WAY,NOT APPLICABLE,528,W,ADDISON ST,1925,2,NO INDICATION OF INJURY,0,0,0,0,0,2,0,13,5,3,41.94837181,-87.64460151,POINT (-87.64460150568 41.948371808789),30
c5bc9c534e98f68c8954bbae25efc40fc1574f98db58e9c5ea47892b902ee2d8c5465ad7937068ab96a57e3c5282ff05c4f2779c03ccb75e1d79a0104bfa200e,2025/3/6 13:00,30,NO CONTROLS,NO CONTROLS,CLEAR,DAYLIGHT,PARKED MOTOR VEHICLE,ONE-WAY,STRAIGHT AND LEVEL,DRY,NO DEFECTS,NOT ON SCENE (DESK REPORT),NO INJURY / DRIVE AWAY,"$501 - $1,500",2025-03-06T14:25:00.000,UNABLE TO DETERMINE,NOT APPLICABLE,8729,S,STATE ST,632,2,NO INDICATION OF INJURY,0,0,0,0,0,1,0,13,5,3,41.73544455,-87.62399713,POINT (-87.623997130837 41.73544454655),30
e612b75474f7a639cd6e3419fc7422e423610d443777436625677daef2dd65e5d27656c20d40e2e49e7a942792ec9c2dda196fe364b2acd079de4a7a395eb348,2025/3/6 13:00,30,UNKNOWN,UNKNOWN,UNKNOWN,DAYLIGHT,REAR TO FRONT,NOT DIVIDED,STRAIGHT AND LEVEL,UNKNOWN,UNKNOWN,NOT ON SCENE (DESK REPORT),NO INJURY / DRIVE AWAY,"OVER $1,500",2025-03-06T13:50:00.000,UNABLE TO DETERMINE,NOT APPLICABLE,8201,S,COTTAGE GROVE AVE,631,2,NO INDICATION OF INJURY,0,0,0,0,0,2,0,13,5,3,41.74570903,-87.60493513,POINT (-87.604935133712 41.745709033939),30
75abe5076849846bce3aaecb969f14ce79bcbaf3757a761672691a1f225a6a56aca47920cdcbc51f78dea01cf8bd4258e54e69a4afca77160fc58dd9612f41ff,2025/3/6 12:40,30,TRAFFIC SIGNAL,FUNCTIONING PROPERLY,CLEAR,DAYLIGHT,REAR END,DIVIDED - W/MEDIAN (NOT RAISED),STRAIGHT AND LEVEL,DRY,NO DEFECTS,NOT ON SCENE (DESK REPORT),NO INJURY / DRIVE AWAY,"$501 - $1,500",2025-03-06T14:00:00.000,FOLLOWING TOO CLOSELY,FOLLOWING TOO CLOSELY,36,E,CONGRESS PKWY,113,2,NO INDICATION OF INJURY,0,0,0,0,0,2,0,12,5,3,41.87579421,-87.6262805,POINT (-87.626280504313 41.875794208351),30
9c30743f920a796d02ff52c47779c49950eff4ffffd5621cb7e3a75be46504e7d157d573561802c8ab4a4a28cdfa8f7c19d3786f0b467b74d921524623adbc2f,2025/3/6 12:20,30,TRAFFIC SIGNAL,FUNCTIONING PROPERLY,CLEAR,DAYLIGHT,SIDESWIPE SAME DIRECTION,NOT DIVIDED,STRAIGHT AND LEVEL,DRY,NO DEFECTS,NOT ON SCENE (DESK REPORT),NO INJURY / DRIVE AWAY,"OVER $1,500",2025-03-06T14:45:00.000,UNABLE TO DETERMINE,NOT APPLICABLE,4754,W,FULLERTON AVE,2521,2,NO INDICATION OF INJURY,0,0,0,0,0,2,0,12,5,3,41.92435238,-87.74608614,POINT (-87.746086140838 41.9243523792),30
7fa8b53fc1b1331af11c93db3c0602e0b9a2b86a45fc298dbeaa9b3afbef40ba68aca7765180133a5165b0a79e271879380b4c53d113ea542e3647af948c4101,2025/3/6 12:08,30,TRAFFIC SIGNAL,FUNCTIONING PROPERLY,CLEAR,DAYLIGHT,PARKED MOTOR VEHICLE,DIVIDED - W/MEDIAN (NOT RAISED),STRAIGHT AND LEVEL,DRY,NO DEFECTS,ON SCENE,NO INJURY / DRIVE AWAY,"$501 - $1,500",2025-03-06T12:12:00.000,NOT APPLICABLE,NOT APPLICABLE,1834,W,MONTROSE AVE,1912,2,NO INDICATION OF INJURY,0,0,0,0,0,1,0,12,5,3,41.96160567,-87.67596677,POINT (-87.675966766838 41.96160566995),30
438735bef5eefd325c3b1a5f5373e83c3e70f4a41923b1c7b77804e855b43c024cda4f269cb1ee380b3de97be3687c03eb873880629b8885533e48f8cac1843f,2025/3/6 11:59,30,NO CONTROLS,NO CONTROLS,CLEAR,DAYLIGHT,ANGLE,DIVIDED - W/MEDIAN (NOT RAISED),STRAIGHT AND LEVEL,DRY,NO DEFECTS,ON SCENE,INJURY AND / OR TOW DUE TO CRASH,"OVER $1,500",2025-03-06T11:59:00.000,FAILING TO YIELD RIGHT-OF-WAY,FAILING TO REDUCE SPEED TO AVOID CRASH,5299,S,WESTERN BLVD,932,3,"REPORTED, NOT EVIDENT",1,0,0,0,1,3,0,11,5,3,41.79758508,-87.68342248,POINT (-87.683422482552 41.797585083),30