crash_record_id,crash_date,posted_speed_limit,traffic_control_device,device_condition,weather_condition,lighting_condition,first_crash_type,trafficway_type,alignment,roadway_surface_cond,road_defect,report_type,crash_type,damage,date_police_notified,prim_contributory_cause,sec_contributory_cause,street_no,street_direction,street_name,beat_of_occurrence,num_units,most_severe_injury,injuries_total,injuries_fatal,injuries_incapacitating,injuries_non_incapacitating,injuries_reported_not_evident,injuries_no_indication,injuries_unknown,crash_hour,crash_day_of_week,crash_month,latitude,longitude,location,speed_limit
17d2c1d439fa86c2f19e456c806da1bd3b2c2d05ccc46dddcc1d20ac8bc87e3e06f39bc86e79fc933a5631c3684e47f93bb3297768db705c4b56adf27a81423d,2025/3/6 11:40,30,NO CONTROLS,NO CONTROLS,CLEAR,DAYLIGHT,SIDESWIPE SAME DIRECTION,DIVIDED - W/MEDIAN (NOT RAISED),STRAIGHT AND LEVEL,DRY,UNKNOWN,NOT ON SCENE (DESK REPORT),NO INJURY / DRIVE AWAY,"$501 - $1,500",2025-03-06T18:50:00.000,UNABLE TO DETERMINE,NOT APPLICABLE,1455,N,MILWAUKEE AVE,1424,2,NO INDICATION OF INJURY,0,0,0,0,0,2,0,11,5,3,41.90843729,-87.67420831,POINT (-87.674208308851 41.908437289767),30
e961ffe07492361a0cbd2804cf477e658cc4dbb3ffbd0120e86768c515a4741b5b9e6c369b9b90fe82fd963942c7e7dcf55b73a82ff8f5d512c47ec6639c0f34,2025/3/6 11:38,30,NO CONTROLS,NO CONTROLS,CLEAR,DAYLIGHT,TURNING,FOUR WAY,STRAIGHT AND LEVEL,DRY,NO DEFECTS,NOT ON SCENE (DESK REPORT),NO INJURY / DRIVE AWAY,"OVER $1,500",2025-03-06T12:00:00.000,FAILING TO YIELD RIGHT-OF-WAY,NOT APPLICABLE,3600,N,PULASKI RD,1732,2,NO INDICATION OF INJURY,0,0,0,0,0,5,0,11,5,3,41.94641594,-87.72754949,POINT (-87.727549490998 41.94641594219),30
0b3f4c56513a4e7d7c75a0e3bdd72dd309a6b12296c4ccb8cc192e39df2ddeeed9909887abb388570c68b2ebc68fe05d6cb391c5198a9b6f7846f58ef67949c8,2025/3/6 11:35,30,TRAFFIC SIGNAL,FUNCTIONING PROPERLY,CLEAR,DAYLIGHT,REAR END,NOT DIVIDED,STRAIGHT AND LEVEL,DRY,UNKNOWN,ON SCENE,INJURY AND / OR TOW DUE TO CRASH,"OVER $1,500",2025-03-06T11:50:00.000,FOLLOWING TOO CLOSELY,FOLLOWING TOO CLOSELY,5432,W,DEVON AVE,1621,2,NO INDICATION OF INJURY,0,0,0,0,0,3,0,11,5,3,41.99744621,-87.76509045,POINT (-87.765090448521 41.997446210154),30
bae9f2ee9f71b03b25a2f51dbe1c5fa496704b1b4785834eb619a1419f84e684b05817483f0144db8a34cb3b45e5021c36ed94ef99be69ea7a8c68adfe8c7ed4,2025/3/6 11:35,30,TRAFFIC SIGNAL,FUNCTIONING PROPERLY,CLEAR,DAYLIGHT,REAR END,DIVIDED - W/MEDIAN (NOT RAISED),STRAIGHT AND LEVEL,DRY,NO DEFECTS,NOT ON SCENE (DESK REPORT),NO INJURY / DRIVE AWAY,$500 OR LESS,2025-03-06T12:12:00.000,IMPROPER BACKING,UNABLE TO DETERMINE,4724,N,DAMEN AVE,1911,2,NO INDICATION OF INJURY,0,0,0,0,0,2,0,11,5,3,41.96778696,-87.67930513,POINT (-87.679305126868 41.967786964485),30
7b50db6c315fb0fa6ca85a3b2ce165e92f7d2db236c2e3d9ccbfdbde51ab6adab1f1999d89c74baa03019f546e5724bc87b6deec6b3717fa1efc8952ae9637c2,2025/3/6 11:30,25,STOP SIGN/FLASHER,FUNCTIONING PROPERLY,CLEAR,DAYLIGHT,SIDESWIPE OPPOSITE DIRECTION,NOT DIVIDED,STRAIGHT AND LEVEL,DRY,NO DEFECTS,NOT ON SCENE (DESK REPORT),NO INJURY / DRIVE AWAY,"OVER $1,500",2025-03-06T12:25:00.000,UNABLE TO DETERMINE,NOT APPLICABLE,12458,S,EGGLESTON AVE,523,2,NO INDICATION OF INJURY,0,0,0,0,0,2,0,11,5,3,41.66708914,-87.63326639,POINT (-87.633266392122 41.667089141609),25
22eaa17bd445e8951947dfea35386a59f574d48b7b114b7d085a4b195edf2d0da085bb011f130f87719f68d183ff5d436b6e518fa6ebec7263a47c7331dee6e0,2025/3/6 11:19,30,NO CONTROLS,NO CONTROLS,CLEAR,DAYLIGHT,SIDESWIPE SAME DIRECTION,NOT DIVIDED,STRAIGHT AND LEVEL,DRY,NO DEFECTS,ON SCENE,INJURY AND / OR TOW DUE TO CRASH,"$501 - $1,500",2025-03-06T11:32:00.000,IMPROPER OVERTAKING/PASSING,NOT APPLICABLE,100,E,79TH ST,623,2,NO INDICATION OF INJURY,0,0,0,0,0,3,0,11,5,3,41.75111814,-87.62130733,POINT (-87.621307332466 41.751118140854),30
39d2a6fd463ee64ec00d7f9b69c456eb71eed6d9adad0d449841cb1ec604aab820c5a8c22116a82436c1530b87a1125e7f68f34065d4efb7be24f05afe64795c,2025/3/6 11:18,30,STOP SIGN/FLASHER,FUNCTIONING PROPERLY,CLEAR,DAYLIGHT,PARKED MOTOR VEHICLE,NOT DIVIDED,STRAIGHT AND LEVEL,DRY,NO DEFECTS,ON SCENE,NO INJURY / DRIVE AWAY,"$501 - $1,500",2025-03-06T11:22:00.000,IMPROPER BACKING,NOT APPLICABLE,300,S,SEELEY AVE,1225,2,NO INDICATION OF INJURY,0,0,0,0,0,2,0,11,5,3,41.87740897,-87.67791261,POINT (-87.677912607812 41.877408970225),30
81ca3f970842ae44e77f3de1f52e8d34b6c8e32c6d59325333bd1277e4f3506e14c5a4fb39df9f934a25100287908f0760ae4bd5217a0b6aeb8618926c1db82a,2025/3/6 11:05,30,STOP SIGN/FLASHER,FUNCTIONING PROPERLY,CLEAR,DAYLIGHT,SIDESWIPE SAME DIRECTION,FOUR WAY,STRAIGHT AND LEVEL,DRY,NO DEFECTS,ON SCENE,NO INJURY / DRIVE AWAY,"$501 - $1,500",2025-03-06T11:10:00.000,UNABLE TO DETERMINE,UNABLE TO DETERMINE,11500,S,CHAMPLAIN AVE,532,2,NO INDICATION OF INJURY,0,0,0,0,0,3,0,11,5,3,41.68545335,-87.60720243,POINT (-87.607202430264 41.685453352497),30
607f0c7ed24462ad80731f75ded22891703f86c36c842ef630a8a207ab435d246b90195d1463f279b6e4c4b737581bba06e751144ecdef64758164a7f24208ed,2025/3/6 11:00,30,TRAFFIC SIGNAL,FUNCTIONING PROPERLY,CLEAR,DAYLIGHT,REAR END,NOT DIVIDED,STRAIGHT AND LEVEL,UNKNOWN,UNKNOWN,NOT ON SCENE (DESK REPORT),NO INJURY / DRIVE AWAY,"OVER $1,500",2025-03-06T12:55:00.000,FOLLOWING TOO CLOSELY,NOT APPLICABLE,7201,S,CICERO AVE,833,2,NO INDICATION OF INJURY,0,0,0,0,0,2,0,11,5,3,41.76184806,-87.74167065,POINT (-87.741670647349 41.761848063557),30
89bd66c0f008adab16f84bae8943993f699364c64ac4e9a527e006b180c08177590691cbcf6281757e206df4e1694d78637474b6b945adf91ca337ebfa0a0b68,2025/3/6 11:00,30,UNKNOWN,UNKNOWN,UNKNOWN,UNKNOWN,PARKED MOTOR VEHICLE,UNKNOWN,STRAIGHT AND LEVEL,UNKNOWN,UNKNOWN,NOT ON SCENE (DESK REPORT),NO INJURY / DRIVE AWAY,"OVER $1,500",2025-03-06T18:05:00.000,UNABLE TO DETERMINE,UNABLE TO DETERMINE,676,N,ST CLAIR ST,1834,2,NO INDICATION OF INJURY,0,0,0,0,0,1,0,11,5,3,41.89485296,-87.6229018,POINT (-87.622901800428 41.89485296136),30
b69ace74f6e6b58cf1c58bca7e1e0b41456c55037a52a8f746ff337bd0d87c232ba6721ef84fd5077a814565963d5f8eaab68aea7da7f20f083b166ec7cbd85c,2025/3/6 11:00,20,NO CONTROLS,NO CONTROLS,CLEAR,DAYLIGHT,PARKED MOTOR VEHICLE,ONE-WAY,STRAIGHT AND LEVEL,DRY,NO DEFECTS,NOT ON SCENE (DESK REPORT),NO INJURY / DRIVE AWAY,"$501 - $1,500",2025-03-06T11:00:00.000,UNABLE TO DETERMINE,NOT APPLICABLE,8719,S,EGGLESTON AVE,2223,2,NO INDICATION OF INJURY,0,0,0,0,0,1,0,11,5,3,41.73533858,-87.63493762,POINT (-87.634937620853 41.735338583552),20
d8647db8eca3ddf8ac2ae5e4f68c6a2cd0009bdab34cbfc8e0f69ac68afd97eda53c483970b57efacb743c0becc54823849d8e018a615e0f2578def22fda8add,2025/3/6 10:40,10,NO CONTROLS,NO CONTROLS,CLEAR,DAYLIGHT,PARKED MOTOR VEHICLE,PARKING LOT,STRAIGHT AND LEVEL,DRY,UNKNOWN,NOT ON SCENE (DESK REPORT),NO INJURY / DRIVE AWAY,"$501 - $1,500",2025-03-06T11:40:00.000,DRIVING SKILLS/KNOWLEDGE/EXPERIENCE,UNABLE TO DETERMINE,10824,S,DOTY AVE W,513,2,NO INDICATION OF INJURY,0,0,0,0,0,1,0,10,5,3,41.6975246,-87.59597945,POINT (-87.59597944768 41.697524596524),10
67ee56775e16e1c47c6823faf6574dd1aecd3dae80ad94477c3d2f9ad91a23ff85d8513ecb8b546ea146331a9e6c6b4a00bba54db877a5bd3c674ee857f9efb9,2025/3/6 10:38,30,NO CONTROLS,NO CONTROLS,CLEAR,DAYLIGHT,TURNING,TRAFFIC ROUTE,STRAIGHT AND LEVEL,DRY,NO DEFECTS,ON SCENE,NO INJURY / DRIVE AWAY,"OVER $1,500",2025-03-06T10:40:00.000,IMPROPER TURNING/NO SIGNAL,DISTRACTION - FROM INSIDE VEHICLE,200,W,GARFIELD BLVD,225,2,NO INDICATION OF INJURY,0,0,0,0,0,2,0,10,5,3,41.79467038,-87.63054748,POINT (-87.630547476056 41.794670384689),30
8af9c814a6efbbb6d22d40fcfe7cc3c35a7b7af1fe214b9d0f99156f4cdfd0076cceab22f504a84190f4ebfce71d8bb6dae48725fc35cfa71cfaa67472051d9c,2025/3/6 10:37,30,TRAFFIC SIGNAL,FUNCTIONING IMPROPERLY,CLEAR,DAYLIGHT,ANGLE,NOT DIVIDED,STRAIGHT AND LEVEL,DRY,NO DEFECTS,ON SCENE,INJURY AND / OR TOW DUE TO CRASH,"OVER $1,500",2025-03-06T10:39:00.000,UNABLE TO DETERMINE,NOT APPLICABLE,5700,S,WOODLAWN AVE,235,2,NONINCAPACITATING INJURY,1,0,0,1,0,1,0,10,5,3,41.79135357,-87.5966016,POINT (-87.596601603669 41.791353570933),30
0a43fa8ea1736789867357cf1d066fc837c72c0d045bf0714c2cd9e6510cc6c6c84e3ff9400dd3cbe45381e83ed965364a4b7ad06cfd9813df9cff1f94c37c1e,2025/3/6 10:20,25,NO CONTROLS,NO CONTROLS,CLEAR,DAYLIGHT,PARKED MOTOR VEHICLE,NOT DIVIDED,STRAIGHT AND LEVEL,DRY,NO DEFECTS,NOT ON SCENE (DESK REPORT),NO INJURY / DRIVE AWAY,"OVER $1,500",2025-03-06T10:45:00.000,DRIVING SKILLS/KNOWLEDGE/EXPERIENCE,DRIVING SKILLS/KNOWLEDGE/EXPERIENCE,6141,N,MOODY AVE,1611,2,NO INDICATION OF INJURY,0,0,0,0,0,2,0,10,5,3,41.99316489,-87.78146019,POINT (-87.781460186022 41.993164893804),25
7a562196483ef627ee3b0c8281c9468a1e7371a3708f8b5293cf61b7e9cf3e46fbf402426ec6abc5b2206c1e06ba1fd9ac0c13df0c4793352b42ece6bec8f8e9,2025/3/6 10:20,30,NO CONTROLS,NO CONTROLS,CLEAR,DAYLIGHT,PARKED MOTOR VEHICLE,ONE-WAY,STRAIGHT AND LEVEL,DRY,NO DEFECTS,NOT ON SCENE (DESK REPORT),NO INJURY / DRIVE AWAY,"OVER $1,500",2025-03-06T12:13:00.000,IMPROPER BACKING,NOT APPLICABLE,131,S,WABASH AVE,112,2,NO INDICATION OF INJURY,0,0,0,0,0,1,0,10,5,3,41.88004476,-87.62600028,POINT (-87.626000280067 41.880044763707),30
9f5aa3cfbe57e422872e30a4bf3efe31c065f2978444ab556cabdeda3393a51dc3c78ca0ee76070443867a4090ed041bfefeb143cdf8c764d6f600d816cb4dbc,2025/3/6 10:19,30,NO CONTROLS,NO CONTROLS,CLEAR,DAYLIGHT,REAR END,NOT DIVIDED,STRAIGHT AND LEVEL,DRY,NO DEFECTS,ON SCENE,NO INJURY / DRIVE AWAY,"OVER $1,500",2025-03-06T10:19:00.000,FAILING TO REDUCE SPEED TO AVOID CRASH,NOT APPLICABLE,300,N,LOWER COLUMBUS DR,114,2,NO INDICATION OF INJURY,0,0,0,0,0,2,0,10,5,3,41.88688372,-87.62088012,POINT (-87.620880115813 41.886883717417),30
68b8a70024573982598f3ad5f4f40274558aee9ad5b3f5b1e7a27f78f6cebff946d0dccb85fde61fe51844466de8a019c9ccdd187d006b1b12c81822d28c6c6a,2025/3/6 10:00,30,UNKNOWN,NO CONTROLS,UNKNOWN,DAYLIGHT,PARKED MOTOR VEHICLE,UNKNOWN,STRAIGHT AND LEVEL,UNKNOWN,UNKNOWN,NOT ON SCENE (DESK REPORT),NO INJURY / DRIVE AWAY,"OVER $1,500",2025-03-06T16:25:00.000,UNABLE TO DETERMINE,UNABLE TO DETERMINE,5500,S,SHORE DR,235,2,NO INDICATION OF INJURY,0,0,0,0,0,1,0,10,5,3,41.79518502,-87.58059777,POINT (-87.580597771682 41.795185016057),30
4aadeccd6084c264e1e7ab4ca96759c31eca53ce9116b603ef3c69c8b9929f914c6e4902b14ba424b3add18d79a25de7a607b063913f6d0a67d022a9d9f5d83c,2025/3/6 9:58,30,NO CONTROLS,NO CONTROLS,CLEAR,DAYLIGHT,REAR END,NOT DIVIDED,STRAIGHT AND LEVEL,DRY,NO DEFECTS,NOT ON SCENE (DESK REPORT),NO INJURY / DRIVE AWAY,"OVER $1,500",2025-03-06T12:19:00.000,UNABLE TO DETERMINE,NOT APPLICABLE,2115,S,ASHLAND AVE,1235,3,NO INDICATION OF INJURY,0,0,0,0,0,3,0,9,5,3,41.85370351,-87.66589383,POINT (-87.665893826237 41.853703510375),30
f93086424a2485cd51857cfa77fb3059cf6c1624b475b07b0201866cab68ccb59d844c6bf02ab7662939f04971b707dd23ee78c5470080bf569ed26c533d3389,2025/3/6 9:52,30,NO CONTROLS,NO CONTROLS,CLEAR,DAYLIGHT,TURNING,T-INTERSECTION,STRAIGHT AND LEVEL,DRY,NO DEFECTS,NOT ON SCENE (DESK REPORT),NO INJURY / DRIVE AWAY,"$501 - $1,500",2025-03-06T10:00:00.000,FAILING TO YIELD RIGHT-OF-WAY,FAILING TO YIELD RIGHT-OF-WAY,1918,S,CANALPORT AVE,1235,2,NO INDICATION OF INJURY,0,0,0,0,0,2,0,9,5,3,41.85652299,-87.64267673,POINT (-87.642676734871 41.856522985167),30
67bef4af89840aecc3b3cdbeae698c9bf420a151d82b4f350f075fd17e3c85c48ba01cefc39c9710ca0be2b8f4afdddb276c593f466fe5bbbf5fb2918fe1c46c,2025/3/6 9:50,25,NO CONTROLS,NO CONTROLS,CLEAR,DAYLIGHT,PARKED MOTOR VEHICLE,PARKING LOT,STRAIGHT AND LEVEL,DRY,UNKNOWN,ON SCENE,NO INJURY / DRIVE AWAY,"$501 - $1,500",2025-03-06T10:33:00.000,IMPROPER BACKING,IMPROPER BACKING,2300,S,THROOP ST,1235,2,NO INDICATION OF INJURY,0,0,0,0,0,1,0,9,5,3,41.85045102,-87.65879786,POINT (-87.658797855679 41.85045102427),25
25c9c48387fc23e5a741ed32d979ff2cd27db8947919383b82003dd600a1a0d0109ef05e935d8faf1327c118df405cc8c3175638fed0fcc19ed3484bacbf04c5,2025/3/6 9:30,30,NO CONTROLS,NO CONTROLS,CLEAR,DAYLIGHT,REAR END,NOT DIVIDED,STRAIGHT AND LEVEL,DRY,NO DEFECTS,NOT ON SCENE (DESK REPORT),NO INJURY / DRIVE AWAY,"OVER $1,500",2025-03-06T13:16:00.000,FOLLOWING TOO CLOSELY,NOT APPLICABLE,3102,S,ASHLAND AVE,912,3,NO INDICATION OF INJURY,0,0,0,0,0,3,0,9,5,3,41.83762234,-87.66588718,POINT (-87.665887180546 41.837622344158),30
76345cb5d7a445c9078c795c11c8f73cecb3f1676a27af9723f9f404e77be33604d8a5ed2f7713ff6f5f1c3b346789a3f8e975c2a87836856cc35f8ae6a84b7f,2025/3/6 9:20,30,NO CONTROLS,NO CONTROLS,CLEAR,DAYLIGHT,FIXED OBJECT,ALLEY,STRAIGHT AND LEVEL,DRY,NO DEFECTS,NOT ON SCENE (DESK REPORT),NO INJURY / DRIVE AWAY,"OVER $1,500",2025-03-06T13:00:00.000,UNABLE TO DETERMINE,NOT APPLICABLE,3465,N,KIMBALL AVE,1733,1,NO INDICATION OF INJURY,0,0,0,0,0,1,0,9,5,3,41.94457048,-87.71250204,POINT (-87.712502043089 41.944570477818),30
c58db2885edf6b705f0bdee14f972ecc3358d82366f90b4addef496790b5fa0d28e74cabf68dff71414239793c39e4453dcab4618315bb27302bcd6298425e28,2025/3/6 9:20,30,TRAFFIC SIGNAL,FUNCTIONING PROPERLY,CLEAR,DAYLIGHT,REAR END,DIVIDED - W/MEDIAN (NOT RAISED),STRAIGHT AND LEVEL,DRY,NO DEFECTS,NOT ON SCENE (DESK REPORT),NO INJURY / DRIVE AWAY,$500 OR LESS,2025-03-06T09:40:00.000,FOLLOWING TOO CLOSELY,FAILING TO REDUCE SPEED TO AVOID CRASH,1600,N,AUSTIN AVE,2513,2,NO INDICATION OF INJURY,0,0,0,0,0,3,0,9,5,3,41.90939057,-87.7756631,POINT (-87.77566310108 41.909390566307),30
dd3bfbab0c6106348aebe4f44ccf6cc037666b1a3a5dfef373e69ec65df1668fe7d3cdb575952089472a35b83b9f064f2fcbfd5cfaef303b126fcbabd9516175,2025/3/6 9:15,30,STOP SIGN/FLASHER,FUNCTIONING PROPERLY,CLEAR,DAYLIGHT,ANGLE,FOUR WAY,STRAIGHT AND LEVEL,DRY,NO DEFECTS,ON SCENE,INJURY AND / OR TOW DUE TO CRASH,"OVER $1,500",2025-03-06T09:22:00.000,UNABLE TO DETERMINE,UNABLE TO DETERMINE,5200,S,KOSTNER AVE,815,2,NO INDICATION OF INJURY,0,0,0,0,0,2,0,9,5,3,41.79851495,-87.73326262,POINT (-87.733262617493 41.798514949084),30
91922ac34713394fb83ec33b87a7fb44707d60378a635758f93164f3c93ccd020a5605d959ab7584c8365c207dd5ff6d8c5a9de0d1f3201f4084bfc6c2d3adb4,2025/3/6 9:10,20,NO CONTROLS,NO CONTROLS,CLEAR,DAYLIGHT,SIDESWIPE SAME DIRECTION,OTHER,STRAIGHT AND LEVEL,DRY,NO DEFECTS,ON SCENE,INJURY AND / OR TOW DUE TO CRASH,"$501 - $1,500",2025-03-06T09:15:00.000,UNABLE TO DETERMINE,UNABLE TO DETERMINE,7040,S,MAY ST,733,2,NO INDICATION OF INJURY,0,0,0,0,0,2,0,9,5,3,41.76566903,-87.65306277,POINT (-87.653062774378 41.765669025135),20
b440ca50b05007b23ad8920055610a3e6e2716764985a6f185fce6bf6d45bfd34eb3405b3dac6eea95bba60d5ed3e5aecaf1330752b6ddd45ad2597155ee490b,2025/3/6 9:10,30,TRAFFIC SIGNAL,FUNCTIONING PROPERLY,CLEAR,DAYLIGHT,SIDESWIPE SAME DIRECTION,DIVIDED - W/MEDIAN BARRIER,STRAIGHT AND LEVEL,DRY,NO DEFECTS,ON SCENE,NO INJURY / DRIVE AWAY,$500 OR LESS,2025-03-06T09:25:00.000,IMPROPER OVERTAKING/PASSING,NOT APPLICABLE,123,N,WACKER DR,122,2,NO INDICATION OF INJURY,0,0,0,0,0,2,0,9,5,3,41.88374822,-87.63666184,POINT (-87.63666183831 41.883748216941),30
545354e2d371456988bb2517e48fad6efab73f843cda235519b8738fdf8c989a55527efa66a656cfe3687e71260801e6dc2b9a4fb8f2807e35fb1e9291d29834,2025/3/6 9:07,30,NO CONTROLS,NO CONTROLS,CLEAR,DAYLIGHT,HEAD ON,NOT DIVIDED,STRAIGHT AND LEVEL,DRY,NO DEFECTS,ON SCENE,NO INJURY / DRIVE AWAY,"OVER $1,500",2025-03-06T09:07:00.000,IMPROPER LANE USAGE,NOT APPLICABLE,6000,S,PRAIRIE AVE,311,2,NO INDICATION OF INJURY,0,0,0,0,0,2,0,9,5,3,41.78555625,-87.61913871,POINT (-87.619138713501 41.785556254912),30
0a8114ec1807e47aae0ac74e33ce63100c23e481140cfcb4ffd97ae41ff605d12fa0d26501708f2f2dbfdb24e75faf1b381e6c8fa711550c444c6c17c42a19cc,2025/3/6 9:00,20,NO CONTROLS,NO CONTROLS,CLEAR,DAYLIGHT,PARKED MOTOR VEHICLE,PARKING LOT,STRAIGHT AND LEVEL,DRY,NO DEFECTS,NOT ON SCENE (DESK REPORT),NO INJURY / DRIVE AWAY,"OVER $1,500",2025-03-06T10:25:00.000,UNABLE TO DETERMINE,UNABLE TO DETERMINE,3516,N,SPAULDING AVE,1733,2,NO INDICATION OF INJURY,0,0,0,0,0,1,0,9,5,3,41.9453473,-87.70995026,POINT (-87.709950257369 41.945347302947),20
45ee5ebd57d696b03a9dce059b9b92cd8fc8771e52f31558d7ad0b5d063741dd25d775595aa73922502d53e9849e0674c1eef937cbb961e8dcc72f2b9f5f09c1,2025/3/6 9:00,35,TRAFFIC SIGNAL,FUNCTIONING PROPERLY,UNKNOWN,DAYLIGHT,ANGLE,FOUR WAY,STRAIGHT AND LEVEL,UNKNOWN,UNKNOWN,ON SCENE,INJURY AND / OR TOW DUE TO CRASH,"OVER $1,500",2025-03-06T09:20:00.000,UNABLE TO DETERMINE,UNABLE TO DETERMINE,8900,S,MACKINAW AVE,424,2,NO INDICATION OF INJURY,0,0,0,0,0,2,0,9,5,3,41.73374084,-87.54312791,POINT (-87.543127912691 41.733740838081),35
6183d6508bd74c664de50845a37675d2c699fbbbe05fdc58a8228f42ee9ab442d75ea27474a3a2bee632c054d6cca3da15a49b616765e379a591f84fb325983c,2025/3/6 9:00,30,NO CONTROLS,NO CONTROLS,CLEAR,DAYLIGHT,SIDESWIPE SAME DIRECTION,ONE-WAY,STRAIGHT AND LEVEL,DRY,NO DEFECTS,NOT ON SCENE (DESK REPORT),NO INJURY / DRIVE AWAY,"OVER $1,500",2025-03-06T11:00:00.000,IMPROPER LANE USAGE,UNABLE TO DETERMINE,180,W,WASHINGTON ST,122,2,NO INDICATION OF INJURY,0,0,0,0,0,2,0,9,5,3,41.88331789,-87.63329669,POINT (-87.633296691093 41.883317894491),30
67cb21e75357f07bf4e16395b653af3885071de8911786e945103d2abfcd1ac32523474180774ce2c7ab6b065267d85446900f14a2e98568251ae0b20aa8629c,2025/3/6 9:00,30,NO CONTROLS,NO CONTROLS,CLEAR,DAYLIGHT,ANGLE,NOT DIVIDED,STRAIGHT AND LEVEL,DRY,NO DEFECTS,NOT ON SCENE (DESK REPORT),NO INJURY / DRIVE AWAY,"$501 - $1,500",2025-03-06T10:00:00.000,DRIVING SKILLS/KNOWLEDGE/EXPERIENCE,DRIVING SKILLS/KNOWLEDGE/EXPERIENCE,805,E,61ST ST,313,2,NO INDICATION OF INJURY,0,0,0,0,0,2,0,9,5,3,41.78395256,-87.60576226,POINT (-87.605762255747 41.783952556629),30
002ab0bddf6b771b9d94f69ea4fbf95d1986bcd9d89420de22d330ec91ef83a487e14b82d5091151d3c9223755b667b57af3a148304480a7f3195ee686ee20e0,2025/3/6 8:59,30,NO CONTROLS,NO CONTROLS,CLEAR,DAYLIGHT,REAR END,NOT DIVIDED,STRAIGHT AND LEVEL,DRY,NO DEFECTS,ON SCENE,NO INJURY / DRIVE AWAY,"OVER $1,500",2025-03-06T09:02:00.000,UNABLE TO DETERMINE,NOT APPLICABLE,5301,W,GRAND AVE,2515,2,NO INDICATION OF INJURY,0,0,0,0,0,4,0,8,5,3,41.91734378,-87.75874555,POINT (-87.758745545736 41.917343778856),30
b67ceaa2d0d263a4b6d40f573f7c91c99d90e76c6bbf1bd7c6d525283a186452d2b99071868e09dff05cf1edabb70e97d40ede292832d5a45a9869bcfa3abd79,2025/3/6 8:57,30,NO CONTROLS,NO CONTROLS,CLEAR,DAYLIGHT,SIDESWIPE SAME DIRECTION,ONE-WAY,STRAIGHT AND LEVEL,DRY,NO DEFECTS,ON SCENE,NO INJURY / DRIVE AWAY,"OVER $1,500",2025-03-06T09:19:00.000,FAILING TO YIELD RIGHT-OF-WAY,NOT APPLICABLE,6712,N,WHIPPLE ST,2412,2,NO INDICATION OF INJURY,0,0,0,0,0,2,0,8,5,3,42.00333643,-87.70594892,POINT (-87.705948922753 42.003336428018),30
4c670e468c888feac19aed3fc5cf7ebd8dcda6a06fa2272d20188532d3bf6890ded31b97be963f8c4cca5d8ad3ef8ca5e048908609bc576b502af4d3ba870d2a,2025/3/6 8:55,30,TRAFFIC SIGNAL,FUNCTIONING PROPERLY,CLEAR,DAYLIGHT,TURNING,DIVIDED - W/MEDIAN BARRIER,STRAIGHT AND LEVEL,DRY,NO DEFECTS,ON SCENE,NO INJURY / DRIVE AWAY,"OVER $1,500",2025-03-06T09:05:00.000,IMPROPER TURNING/NO SIGNAL,IMPROPER LANE USAGE,150,S,WACKER DR,122,2,NO INDICATION OF INJURY,0,0,0,0,0,2,0,8,5,3,41.87941085,-87.63710396,POINT (-87.637103957484 41.879410845774),30
4e1248ae553af011700b9dc6eaa9872a5fd36b06f30cec4dd9c7756f6362abb2de89ec508bdf45749e1751dba2079759b1ebb5909c62e1b9faff955c849c8fec,2025/3/6 8:53,30,UNKNOWN,UNKNOWN,CLEAR,DAYLIGHT,TURNING,DIVIDED - W/MEDIAN (NOT RAISED),STRAIGHT AND LEVEL,DRY,NO DEFECTS,ON SCENE,INJURY AND / OR TOW DUE TO CRASH,"OVER $1,500",2025-03-06T08:57:00.000,NOT APPLICABLE,NOT APPLICABLE,2609,S,KEDZIE AVE,1033,2,NO INDICATION OF INJURY,0,0,0,0,0,3,0,8,5,3,41.84420224,-87.70488699,POINT (-87.704886994392 41.844202240983),30
99f97cbf5cf7bbeb5de184b20122a171d1dc584c53de9bed593003a78022577f2ed45681ba8b09edec6188a4bafd74d8e2534ffb5a9133d6899f3c14f043c1af,2025/3/6 8:45,30,NO CONTROLS,NO CONTROLS,CLEAR,DAYLIGHT,REAR END,UNKNOWN,STRAIGHT AND LEVEL,DRY,UNKNOWN,NOT ON SCENE (DESK REPORT),NO INJURY / DRIVE AWAY,"OVER $1,500",2025-03-06T10:20:00.000,UNABLE TO DETERMINE,UNABLE TO DETERMINE,3500,S,WESTERN AVE,911,2,NO INDICATION OF INJURY,0,0,0,0,0,2,0,8,5,3,41.83018726,-87.68517793,POINT (-87.685177925102 41.830187255269),30
cf225417058641e1ff3a0b0285bd6192b8b7cf7f25ac159de60d04ed3c858f9c126300892933029581632eab307b3c9d7d676869f8e1633d2c4eab5e73d0ade2,2025/3/6 8:43,30,NO CONTROLS,NO CONTROLS,CLEAR,DAYLIGHT,SIDESWIPE SAME DIRECTION,NOT DIVIDED,STRAIGHT AND LEVEL,DRY,NO DEFECTS,NOT ON SCENE (DESK REPORT),NO INJURY / DRIVE AWAY,"OVER $1,500",2025-03-06T09:15:00.000,FAILING TO REDUCE SPEED TO AVOID CRASH,NOT APPLICABLE,5230,S,STATE ST,225,3,NO INDICATION OF INJURY,0,0,0,0,0,4,0,8,5,3,41.79933538,-87.62596925,POINT (-87.625969252395 41.799335380248),30