crash_record_id,crash_date,posted_speed_limit,traffic_control_device,device_condition,weather_condition,lighting_condition,first_crash_type,trafficway_type,alignment,roadway_surface_cond,road_defect,report_type,crash_type,damage,date_police_notified,prim_contributory_cause,sec_contributory_cause,street_no,street_direction,street_name,beat_of_occurrence,num_units,most_severe_injury,injuries_total,injuries_fatal,injuries_incapacitating,injuries_non_incapacitating,injuries_reported_not_evident,injuries_no_indication,injuries_unknown,crash_hour,crash_day_of_week,crash_month,latitude,longitude,location,speed_limit
469ecf7626ae79c2e896885fe3b1f775a0aa7c447cc668c36dcc1fb8693d8e4e9bf70212302e048a65d0058d4c53dfd1a61a789775f41dab6cbdef83301345cc,2025/3/6 8:40,30,TRAFFIC SIGNAL,FUNCTIONING PROPERLY,CLEAR,DAYLIGHT,SIDESWIPE SAME DIRECTION,FOUR WAY,STRAIGHT AND LEVEL,DRY,NO DEFECTS,ON SCENE,NO INJURY / DRIVE AWAY,"OVER $1,500",2025-03-06T08:50:00.000,DRIVING SKILLS/KNOWLEDGE/EXPERIENCE,UNABLE TO DETERMINE,2600,S,KOSTNER AVE,1031,2,NO INDICATION OF INJURY,0,0,0,0,0,2,0,8,5,3,41.84401942,-87.73442573,POINT (-87.734425729972 41.844019421781),30
887b9e792537354dc44f81d439f5bdadef6fc9f1fe166a5c2e6f371c22ee3a4363c168e54709f982300d0b7b40de8b1201708b2a436391e4578b26bec8a5dd53,2025/3/6 8:40,30,TRAFFIC SIGNAL,FUNCTIONING PROPERLY,CLEAR,DAYLIGHT,REAR END,NOT DIVIDED,STRAIGHT AND LEVEL,DRY,NO DEFECTS,ON SCENE,NO INJURY / DRIVE AWAY,"OVER $1,500",2025-03-06T08:43:00.000,UNABLE TO DETERMINE,UNABLE TO DETERMINE,1210,N,LARAMIE AVE,2532,2,NO INDICATION OF INJURY,0,0,0,0,0,2,0,8,5,3,41.90263239,-87.75592976,POINT (-87.755929763232 41.90263239003),30
acbaee2f28f15437109d40b45662167e7905faa41e466720b86f698047a007e7c94fea0f763216c2ccd2c0cdbe734b61d82a235f9b21ce160c0fb5996d57b3f8,2025/3/6 8:40,30,NO CONTROLS,NO CONTROLS,CLEAR,DAYLIGHT,TURNING,ONE-WAY,STRAIGHT AND LEVEL,DRY,NO DEFECTS,ON SCENE,NO INJURY / DRIVE AWAY,"OVER $1,500",2025-03-06T08:45:00.000,UNABLE TO DETERMINE,UNABLE TO DETERMINE,2739,N,DRAKE AVE,1412,2,NO INDICATION OF INJURY,0,0,0,0,0,2,0,8,5,3,41.9312682,-87.7158131,POINT (-87.715813103383 41.931268203406),30
430a486702959ffd15bad7901ce5a57b293f0cee76943e89f35f77f3042c25d78997d6d5b79a4f872ed4022bf72bc2c442820e01f2f2a3ddbba2a1017a7a098f,2025/3/6 8:38,30,NO CONTROLS,NO CONTROLS,CLEAR,DAYLIGHT,REAR END,NOT DIVIDED,STRAIGHT AND LEVEL,DRY,NO DEFECTS,ON SCENE,NO INJURY / DRIVE AWAY,"OVER $1,500",2025-03-06T08:39:00.000,UNABLE TO DETERMINE,DRIVING SKILLS/KNOWLEDGE/EXPERIENCE,7749,S,SOUTH CHICAGO AVE,411,2,NO INDICATION OF INJURY,0,0,0,0,0,2,0,8,5,3,41.75381772,-87.58858996,POINT (-87.58858996435 41.753817720174),30
eb4ac54352942469b2e67a4f6191942c79f067e59f5c760e4b8dad798b8d94b4cc8fd562015e50d5d627d8bcb11f96e907fe7baaf106f3e0719577ea079de615,2025/3/6 8:33,30,NO CONTROLS,NO CONTROLS,CLEAR,DAYLIGHT,SIDESWIPE SAME DIRECTION,DIVIDED - W/MEDIAN (NOT RAISED),STRAIGHT AND LEVEL,DRY,NO DEFECTS,ON SCENE,INJURY AND / OR TOW DUE TO CRASH,"OVER $1,500",2025-03-06T08:42:00.000,UNABLE TO DETERMINE,NOT APPLICABLE,3414,N,MILWAUKEE AVE,1731,2,NO INDICATION OF INJURY,0,0,0,0,0,2,0,8,5,3,41.94324237,-87.73088607,POINT (-87.730886069093 41.943242372157),30
aa1e018f81227701f3a03d77ba2b136fd8eac22d1169f6b379dd3ccd74abdbe73d6c315485c5c67d97983f81c0b0eaf44e3a8d7260137886af3317e6695798f9,2025/3/6 8:32,30,NO CONTROLS,NO CONTROLS,CLEAR,DAYLIGHT,PARKED MOTOR VEHICLE,ONE-WAY,STRAIGHT AND LEVEL,DRY,UNKNOWN,ON SCENE,INJURY AND / OR TOW DUE TO CRASH,"OVER $1,500",2025-03-06T08:37:00.000,UNABLE TO DETERMINE,UNABLE TO DETERMINE,2016,W,65TH ST,726,2,NO INDICATION OF INJURY,0,0,0,0,0,2,0,8,5,3,41.77580626,-87.67454758,POINT (-87.674547575469 41.775806255051),30
34f18e8eb38fb235a11c69fbabd326da691e32cdb705575863d183c28e417a7113bd802bae4cceac723945a79107bf351a628fa90bbbbeb2bc2875389035d113,2025/3/6 8:30,25,TRAFFIC SIGNAL,FUNCTIONING PROPERLY,CLEAR,DAYLIGHT,PEDESTRIAN,NOT DIVIDED,STRAIGHT AND LEVEL,DRY,NO DEFECTS,ON SCENE,INJURY AND / OR TOW DUE TO CRASH,"$501 - $1,500",2025-03-06T08:32:00.000,NOT APPLICABLE,DISREGARDING TRAFFIC SIGNALS,3600,W,POLK ST,1133,4,NONINCAPACITATING INJURY,3,0,0,3,0,1,0,8,5,3,41.87094745,-87.71568394,POINT (-87.715683938462 41.870947448593),25
556f9be89aca2d7e567fd82420d48df337da3687be17c9ef575e529c1aee3f10afbf411a346d9b23a05f37e9a0c35df154180df91858c6cf32a386ef8208a282,2025/3/6 8:30,30,UNKNOWN,UNKNOWN,UNKNOWN,UNKNOWN,TURNING,NOT DIVIDED,STRAIGHT AND LEVEL,UNKNOWN,UNKNOWN,NOT ON SCENE (DESK REPORT),INJURY AND / OR TOW DUE TO CRASH,"OVER $1,500",2025-03-06T20:35:00.000,UNABLE TO DETERMINE,NOT APPLICABLE,7501,S,STONY ISLAND AVE,411,2,INCAPACITATING INJURY,1,0,1,0,0,1,0,8,5,3,41.75872376,-87.5855909,POINT (-87.585590902031 41.758723759994),30
7737df91047043f4960f3460442a7e409852a2470c04230928d4f0515395387b88e1057aaf623364b62e2aabf0d5c182b8be6b2e47e8b5620f55392ac7b0222e,2025/3/6 8:30,30,TRAFFIC SIGNAL,FUNCTIONING PROPERLY,CLEAR,DAYLIGHT,PEDESTRIAN,FOUR WAY,STRAIGHT AND LEVEL,DRY,NO DEFECTS,ON SCENE,NO INJURY / DRIVE AWAY,$500 OR LESS,2025-03-06T08:30:00.000,UNABLE TO DETERMINE,NOT APPLICABLE,551,W,35TH ST,915,2,NO INDICATION OF INJURY,0,0,0,0,0,2,0,8,5,3,41.83071192,-87.64083248,POINT (-87.640832480156 41.830711919042),30
938e5af256c1a4a69670a25cb2a6603a4c7be021fb7f2169153f5ad7599809da48c00cbf17bce2f4dcdf7cf4090b7e32862d87a2a7bd7736b5d56ce5de1e9f71,2025/3/6 8:30,30,TRAFFIC SIGNAL,UNKNOWN,UNKNOWN,UNKNOWN,TURNING,FOUR WAY,STRAIGHT AND LEVEL,DRY,UNKNOWN,NOT ON SCENE (DESK REPORT),NO INJURY / DRIVE AWAY,"OVER $1,500",2025-03-06T08:35:00.000,IMPROPER TURNING/NO SIGNAL,NOT APPLICABLE,5835,S,WELLS ST,711,2,NO INDICATION OF INJURY,0,0,0,0,0,2,0,8,5,3,41.78778173,-87.63177454,POINT (-87.631774541137 41.787781731656),30
0b4c8b533b448d1f6484cced5f5dad9a96f607c9c3e0e18a581b104dc2b0a236517ec04317139ff54305eb9a4fcf0ea927b87bd269e7f76361dedd8979065d35,2025/3/6 8:20,30,STOP SIGN/FLASHER,FUNCTIONING PROPERLY,CLEAR,DAYLIGHT,TURNING,NOT DIVIDED,STRAIGHT AND LEVEL,UNKNOWN,UNKNOWN,NOT ON SCENE (DESK REPORT),NO INJURY / DRIVE AWAY,"OVER $1,500",2025-03-06T17:15:00.000,DRIVING SKILLS/KNOWLEDGE/EXPERIENCE,NOT APPLICABLE,4132,W,48TH ST,815,2,NO INDICATION OF INJURY,0,0,0,0,0,4,0,8,5,3,41.80610542,-87.72726672,POINT (-87.727266723704 41.806105416817),30
a0532b703aea21721b4de50b8870080beef650b1561a821547654c04571ae28a6ae0cf2c51724382bc140585f517910035f460586ed3f2a57186b61332adb027,2025/3/6 8:20,35,TRAFFIC SIGNAL,FUNCTIONING PROPERLY,CLEAR,DAYLIGHT,REAR END,DIVIDED - W/MEDIAN (NOT RAISED),STRAIGHT AND LEVEL,DRY,NO DEFECTS,ON SCENE,INJURY AND / OR TOW DUE TO CRASH,"$501 - $1,500",2025-03-06T08:30:00.000,DRIVING SKILLS/KNOWLEDGE/EXPERIENCE,DRIVING SKILLS/KNOWLEDGE/EXPERIENCE,301,W,47TH ST,935,2,NONINCAPACITATING INJURY,2,0,0,1,1,1,0,8,5,3,41.80896596,-87.63343562,POINT (-87.633435624529 41.808965959624),35
e6c1f8c755be4b9ea943ea84f1e3c722c4bfc6d21406821992dd6a8eec216b1dd9aea567fb3baa397719e23391353a0b9f26fc796b07eaacdac19c63e427b03d,2025/3/6 8:20,30,NO CONTROLS,NO CONTROLS,UNKNOWN,DAYLIGHT,SIDESWIPE OPPOSITE DIRECTION,ONE-WAY,STRAIGHT AND LEVEL,UNKNOWN,UNKNOWN,NOT ON SCENE (DESK REPORT),NO INJURY / DRIVE AWAY,"OVER $1,500",2025-03-06T19:45:00.000,UNABLE TO DETERMINE,NOT APPLICABLE,3110,N,MEADE AVE,2511,2,NO INDICATION OF INJURY,0,0,0,0,0,3,0,8,5,3,41.93692604,-87.77873901,POINT (-87.778739012982 41.936926041392),30
81b6ebb81fb0b5a0a85fffd808ac75bcaafa83a45ae8ef079259a390a07185d05f0ba30d1fc802f37e59d95e0671c0d27ab8297fabb9ef58717597d272f4c5ca,2025/3/6 8:18,30,NO CONTROLS,NO CONTROLS,CLEAR,DAYLIGHT,ANGLE,DIVIDED - W/MEDIAN (NOT RAISED),STRAIGHT AND LEVEL,DRY,NO DEFECTS,ON SCENE,INJURY AND / OR TOW DUE TO CRASH,"OVER $1,500",2025-03-06T08:22:00.000,FAILING TO YIELD RIGHT-OF-WAY,FAILING TO REDUCE SPEED TO AVOID CRASH,3600,N,LINDER AVE,1633,2,NONINCAPACITATING INJURY,2,0,0,2,0,1,0,8,5,3,41.94599664,-87.76444799,POINT (-87.764447985762 41.945996641632),30
e9eb663213245364a25ca8ed9ffdfd3a2b923b62d6678440897a82ad9f328833d733f8979642cd30fc4edcb72dca8547f88041daa7701197d9fb7fc9db895feb,2025/3/6 8:17,30,TRAFFIC SIGNAL,FUNCTIONING PROPERLY,CLEAR,DAYLIGHT,SIDESWIPE SAME DIRECTION,NOT DIVIDED,STRAIGHT AND LEVEL,DRY,NO DEFECTS,NOT ON SCENE (DESK REPORT),NO INJURY / DRIVE AWAY,"OVER $1,500",2025-03-06T08:45:00.000,IMPROPER OVERTAKING/PASSING,NOT APPLICABLE,515,S,STATE ST,123,2,NO INDICATION OF INJURY,0,0,0,0,0,2,0,8,5,3,41.87534754,-87.62747295,POINT (-87.627472947852 41.875347538945),30
3e0dbb202a7bfd07af8101c095f502399bf3762220b842fa5d1d43081bd2b26069a000c547630993d217da610e84fc63581c1e8dfaad38b87e9bd6cc04e11999,2025/3/6 8:15,20,STOP SIGN/FLASHER,FUNCTIONING PROPERLY,CLEAR,DAYLIGHT,ANGLE,DIVIDED - W/MEDIAN (NOT RAISED),STRAIGHT AND LEVEL,DRY,UNKNOWN,ON SCENE,INJURY AND / OR TOW DUE TO CRASH,"OVER $1,500",2025-03-06T08:34:00.000,FAILING TO YIELD RIGHT-OF-WAY,NOT APPLICABLE,7133,W,WAVELAND AVE,1632,2,NO INDICATION OF INJURY,0,0,0,0,0,3,0,8,5,3,41.94701405,-87.80474973,POINT (-87.804749726235 41.94701404717),20
6d515a63c6347a0405aff0fc1928efdcc74e193630e18e0ea09eeb4f362c48b298de38fb33d82c1c39f3900a597d74a1c47089a31845ded13a79a545b0eae071,2025/3/6 8:14,30,TRAFFIC SIGNAL,FUNCTIONING PROPERLY,CLEAR,DAYLIGHT,REAR END,NOT DIVIDED,STRAIGHT AND LEVEL,DRY,UNKNOWN,ON SCENE,NO INJURY / DRIVE AWAY,"OVER $1,500",2025-03-06T08:16:00.000,UNABLE TO DETERMINE,UNABLE TO DETERMINE,4387,N,ELSTON AVE,1722,2,NO INDICATION OF INJURY,0,0,0,0,0,2,0,8,5,3,41.9605487,-87.72892982,POINT (-87.728929820282 41.960548698928),30
139a99b63225228f7f6a224f97f32ce65879c8f9551c3aa18025dbebc78696be4344b6b22724e4afa831a58bdc5bc8811f4c6220984ef7a63a84b650ee56f86e,2025/3/6 8:08,30,NO CONTROLS,NO CONTROLS,CLEAR,DAYLIGHT,SIDESWIPE SAME DIRECTION,NOT DIVIDED,STRAIGHT AND LEVEL,DRY,NO DEFECTS,NOT ON SCENE (DESK REPORT),NO INJURY / DRIVE AWAY,"OVER $1,500",2025-03-06T08:25:00.000,UNABLE TO DETERMINE,NOT APPLICABLE,2123,S,ASHLAND AVE,1235,2,NO INDICATION OF INJURY,0,0,0,0,0,2,0,8,5,3,41.85346553,-87.66588919,POINT (-87.665889194109 41.853465525601),30
c03b63a23c44d48de2356b65dde6bf61d37493446535ceba7590aef53daa66cb7801f4decc4656678b700d8794e5a15c628251791ad3ae46a307e2628d564da4,2025/3/6 8:06,30,NO CONTROLS,NO CONTROLS,CLEAR,DAYLIGHT,REAR END,NOT DIVIDED,STRAIGHT AND LEVEL,WET,NO DEFECTS,ON SCENE,INJURY AND / OR TOW DUE TO CRASH,"$501 - $1,500",2025-03-06T08:22:00.000,FOLLOWING TOO CLOSELY,FOLLOWING TOO CLOSELY,4200,S,WESTERN AVE,921,2,NO INDICATION OF INJURY,0,0,0,0,0,2,0,8,5,3,41.81741987,-87.68481948,POINT (-87.684819475725 41.817419869684),30
a45040b17e23cbcdf9bfa44d15acc528547417d2dbce5d63195c6ebd3d0b79fe54c8a4b358b33a8eca5815dfd91b6fed253b80749d12e50828d58addf9b28280,2025/3/6 8:05,30,TRAFFIC SIGNAL,FUNCTIONING PROPERLY,CLEAR,DAYLIGHT,SIDESWIPE SAME DIRECTION,NOT DIVIDED,STRAIGHT AND LEVEL,DRY,NO DEFECTS,ON SCENE,NO INJURY / DRIVE AWAY,"$501 - $1,500",2025-03-06T08:13:00.000,IMPROPER OVERTAKING/PASSING,FOLLOWING TOO CLOSELY,3958,W,63RD ST,823,2,NO INDICATION OF INJURY,0,0,0,0,0,2,0,8,5,3,41.77876921,-87.7226394,POINT (-87.722639397243 41.778769211741),30
b8cb4efcc615fb522dc62b26d1038ece8502d2641b310381f89534532a1149b355842c206da9701532d3d01512b8793b0038f9ee7cb78a113d50698704178651,2025/3/6 8:05,30,NO CONTROLS,FUNCTIONING PROPERLY,CLEAR,DAYLIGHT,SIDESWIPE SAME DIRECTION,NOT DIVIDED,STRAIGHT AND LEVEL,DRY,NO DEFECTS,NOT ON SCENE (DESK REPORT),NO INJURY / DRIVE AWAY,"OVER $1,500",2025-03-06T12:35:00.000,FOLLOWING TOO CLOSELY,FOLLOWING TOO CLOSELY,1600,W,69TH ST,725,3,NO INDICATION OF INJURY,0,0,0,0,0,3,0,8,5,3,41.76866055,-87.66396288,POINT (-87.663962876119 41.768660553306),30
8dcc4bd82ddb3377211cb516226fddb8926c783e60402d6095eebe85a74eea016df0504f109a9baa52b6914d6f6d2cfffc3bab2d292c396ec3113302f3e793ec,2025/3/6 8:02,30,NO CONTROLS,NO CONTROLS,CLEAR,DAYLIGHT,ANGLE,NOT DIVIDED,STRAIGHT AND LEVEL,DRY,NO DEFECTS,ON SCENE,INJURY AND / OR TOW DUE TO CRASH,"OVER $1,500",2025-03-06T08:15:00.000,FAILING TO YIELD RIGHT-OF-WAY,NOT APPLICABLE,2025,N,WESTERN AVE,1432,2,NO INDICATION OF INJURY,0,0,0,0,0,2,0,8,5,3,41.91829475,-87.68728632,POINT (-87.687286316156 41.918294747387),30
9a1afcfac667430ee9e4f66991ac380d972f3d0249e20f1c4f6a03f12da67d57e5fa497dc83a898f9db5645a780757129ec9f28f15527d25c3d1085cda863373,2025/3/6 8:01,30,NO CONTROLS,NO CONTROLS,CLOUDY/OVERCAST,DAYLIGHT,TURNING,FOUR WAY,STRAIGHT AND LEVEL,DRY,NO DEFECTS,ON SCENE,NO INJURY / DRIVE AWAY,"$501 - $1,500",2025-03-06T08:04:00.000,FAILING TO YIELD RIGHT-OF-WAY,IMPROPER TURNING/NO SIGNAL,60,W,HARRISON ST,123,3,NO INDICATION OF INJURY,0,0,0,0,0,2,0,8,5,3,41.87464333,-87.62972179,POINT (-87.629721791768 41.874643329833),30
05488693d916ddadf4f7bda2549482651da542bcb18a64f44f7969a1255cd7b232d3fcdddd883bcf11e22222aff5f36bf2a064b7e11d7138c05b1b1c928adc8b,2025/3/6 8:00,30,TRAFFIC SIGNAL,FUNCTIONING PROPERLY,UNKNOWN,UNKNOWN,ANGLE,NOT DIVIDED,STRAIGHT AND LEVEL,UNKNOWN,UNKNOWN,NOT ON SCENE (DESK REPORT),NO INJURY / DRIVE AWAY,"$501 - $1,500",2025-03-06T08:33:00.000,UNABLE TO DETERMINE,NOT APPLICABLE,6659,S,KEELER AVE,833,2,NO INDICATION OF INJURY,0,0,0,0,0,2,0,8,5,3,41.77141008,-87.72730826,POINT (-87.727308263389 41.771410078775),30
af50279bbd5fd02f7977027bb487795ed18963a91d4202ac87c201f73359c9538f66cf3422f57d07c1cf4d7b02706cf2c3ab3bbdb5c2e5acb4128e08d3ff5156,2025/3/6 7:55,30,STOP SIGN/FLASHER,FUNCTIONING PROPERLY,CLEAR,DAYLIGHT,PEDALCYCLIST,FOUR WAY,STRAIGHT AND LEVEL,DRY,NO DEFECTS,ON SCENE,NO INJURY / DRIVE AWAY,$500 OR LESS,2025-03-06T07:58:00.000,FAILING TO YIELD RIGHT-OF-WAY,FAILING TO YIELD RIGHT-OF-WAY,6399,W,BALMORAL AVE,1622,2,NO INDICATION OF INJURY,0,0,0,0,0,2,0,7,5,3,41.9791631,-87.78774286,POINT (-87.787742857879 41.979163096959),30
62e0e84be5ef88d96aff943868b7e41f5a6b83e61e8d4a72deaf0ed3bbfb4b5b581a0291c3a555cf95ad1a0907375a42d464c19e0899f3c68e9af2f07660d3c2,2025/3/6 7:50,30,STOP SIGN/FLASHER,FUNCTIONING PROPERLY,CLEAR,DAYLIGHT,ANGLE,NOT DIVIDED,STRAIGHT AND LEVEL,DRY,UNKNOWN,ON SCENE,INJURY AND / OR TOW DUE TO CRASH,"OVER $1,500",2025-03-06T08:00:00.000,FAILING TO REDUCE SPEED TO AVOID CRASH,FAILING TO YIELD RIGHT-OF-WAY,4100,W,LAKE ST,1114,2,"REPORTED, NOT EVIDENT",1,0,0,0,1,4,0,7,5,3,41.88571554,-87.72837561,POINT (-87.728375607159 41.885715539593),30
c5984726894fa8839d08951a1252d977e79c06087c4acc9217522c983de09c44afa533341700dc6d4e298e9a6c30922be47b6191cb6410815da783374c163cec,2025/3/6 7:45,30,NO CONTROLS,NO CONTROLS,CLEAR,DAYLIGHT,TURNING,UNKNOWN,STRAIGHT AND LEVEL,DRY,UNKNOWN,NOT ON SCENE (DESK REPORT),NO INJURY / DRIVE AWAY,"OVER $1,500",2025-03-06T08:35:00.000,UNABLE TO DETERMINE,UNABLE TO DETERMINE,5525,S,PULASKI RD,822,2,NO INDICATION OF INJURY,0,0,0,0,0,2,0,7,5,3,41.79233004,-87.72298623,POINT (-87.722986230219 41.792330039883),30
ba2f6ce365fafdd632b3ff505d0232b7524d3d684bf5b067e73c5ce6e6a91e5bdcc2f30bc8916bf32475a40626d28a3ec93621b5ee341053bcc8c2f5417e81db,2025/3/6 7:41,25,NO CONTROLS,NO CONTROLS,CLEAR,DAYLIGHT,PARKED MOTOR VEHICLE,NOT DIVIDED,STRAIGHT AND LEVEL,DRY,NO DEFECTS,ON SCENE,NO INJURY / DRIVE AWAY,"OVER $1,500",2025-03-06T07:42:00.000,NOT APPLICABLE,NOT APPLICABLE,5940,N,VIRGINIA AVE,2011,2,NO INDICATION OF INJURY,0,0,0,0,0,1,0,7,5,3,41.98948041,-87.70714734,POINT (-87.707147341335 41.989480409535),25
644940ba6afe8f66685ce0da151e6a34cc990e6c989d1635669533d4212fca831c6b6ca3ba05cbd59fe4bc337481b0af56425bb9ec70abbd228b90a61dd6e118,2025/3/6 7:40,20,NO CONTROLS,NO CONTROLS,CLEAR,DAYLIGHT,SIDESWIPE SAME DIRECTION,DIVIDED - W/MEDIAN (NOT RAISED),STRAIGHT AND LEVEL,DRY,NO DEFECTS,ON SCENE,NO INJURY / DRIVE AWAY,"OVER $1,500",2025-03-06T07:43:00.000,FAILING TO YIELD RIGHT-OF-WAY,NOT APPLICABLE,120,E,21ST ST,132,2,NO INDICATION OF INJURY,0,0,0,0,0,2,0,7,5,3,41.85441033,-87.62286365,POINT (-87.622863653226 41.854410331066),20
f22547ffa948dfb93ca80ddf3e297a679ccbe3f99c5e14067875a06a3fe3fd99175b209c2efc884ded24b1939bd7989277b0769b710f641beae24d3539626241,2025/3/6 7:40,30,NO CONTROLS,NO CONTROLS,CLEAR,DAYLIGHT,ANGLE,DIVIDED - W/MEDIAN (NOT RAISED),STRAIGHT AND LEVEL,DRY,NO DEFECTS,NOT ON SCENE (DESK REPORT),NO INJURY / DRIVE AWAY,"OVER $1,500",2025-03-06T08:25:00.000,UNABLE TO DETERMINE,NOT APPLICABLE,2015,W,47TH ST,931,2,NO INDICATION OF INJURY,0,0,0,0,0,3,0,7,5,3,41.80839298,-87.67546126,POINT (-87.675461257185 41.808392978864),30
2c0b8040d2b78df71d3a3d292f8f67739fcd1bcb520a2387f5401edb5bab2d04c64accf8b11e4f17e92577dda300cf7ab5b1f2247d8eea59e0829a89a316f3e8,2025/3/6 7:32,40,NO CONTROLS,NO CONTROLS,CLEAR,DAYLIGHT,REAR END,DIVIDED - W/MEDIAN (NOT RAISED),STRAIGHT AND LEVEL,DRY,NO DEFECTS,ON SCENE,INJURY AND / OR TOW DUE TO CRASH,"OVER $1,500",2025-03-06T07:44:00.000,FAILING TO REDUCE SPEED TO AVOID CRASH,NOT APPLICABLE,5075,N,LAKE SHORE DR NB,2024,2,NONINCAPACITATING INJURY,1,0,0,1,0,1,0,7,5,3,41.97556466,-87.64959381,POINT (-87.649593805482 41.975564663471),40
c018b15c2ad9fa1a10f232a0d53c6318ed2751fe773323761ec03f2891a735c2c17cf79c383a1c87acab63e6e408969ee5be0a6a906695201e0133d355c6cc95,2025/3/6 7:29,30,UNKNOWN,UNKNOWN,UNKNOWN,UNKNOWN,REAR END,NOT DIVIDED,STRAIGHT AND LEVEL,UNKNOWN,UNKNOWN,NOT ON SCENE (DESK REPORT),NO INJURY / DRIVE AWAY,"OVER $1,500",2025-03-06T13:33:00.000,IMPROPER BACKING,DRIVING SKILLS/KNOWLEDGE/EXPERIENCE,9155,S,ASHLAND AVE,2221,2,NO INDICATION OF INJURY,0,0,0,0,0,4,0,7,5,3,41.72687236,-87.66266445,POINT (-87.662664451358 41.726872363206),30
081015ebaf83811600046d24d62bc51d28b0c88fbdde3f73310ac428fbcb93749fc87eca7b6bba96e20a6d006ac778ab161bdb971ca0b65a82d3d7d96c697f46,2025/3/6 7:28,20,TRAFFIC SIGNAL,FUNCTIONING PROPERLY,CLEAR,DAYLIGHT,ANGLE,NOT DIVIDED,STRAIGHT ON GRADE,DRY,UNKNOWN,ON SCENE,INJURY AND / OR TOW DUE TO CRASH,"OVER $1,500",2025-03-06T07:45:00.000,DISREGARDING TRAFFIC SIGNALS,UNABLE TO DETERMINE,199,E,59TH ST,232,2,NO INDICATION OF INJURY,0,0,0,0,0,3,0,7,5,3,41.78733389,-87.62073676,POINT (-87.620736760226 41.787333888665),20
5ca76bbe1b78034f42d703c2732b4eb7116edd0358828516ae2ba8cc9a359138e7e45918086ea9ce064aab8568da1f97ace97d8d4f7193861ce68e401fd525cb,2025/3/6 7:24,30,NO CONTROLS,NO CONTROLS,CLEAR,DAYLIGHT,TURNING,NOT DIVIDED,STRAIGHT AND LEVEL,DRY,NO DEFECTS,ON SCENE,INJURY AND / OR TOW DUE TO CRASH,"OVER $1,500",2025-03-06T07:24:00.000,IMPROPER TURNING/NO SIGNAL,NOT APPLICABLE,4700,W,LAKE ST,1113,2,NONINCAPACITATING INJURY,3,0,0,3,0,1,0,7,5,3,41.88657475,-87.74314214,POINT (-87.743142144178 41.886574747571),30
348807f4552ad63a59b85ab43c7461d88ed446d08a6075899f909e732d7f7cbf45f25ee1b4e9e6332bcc98095a8b6ed15848c203a11c4778f5362c0c723faf27,2025/3/6 7:20,30,STOP SIGN/FLASHER,FUNCTIONING PROPERLY,CLEAR,DAYLIGHT,TURNING,FOUR WAY,STRAIGHT AND LEVEL,DRY,NO DEFECTS,NOT ON SCENE (DESK REPORT),NO INJURY / DRIVE AWAY,$500 OR LESS,2025-03-06T07:45:00.000,FAILING TO YIELD RIGHT-OF-WAY,FAILING TO REDUCE SPEED TO AVOID CRASH,4355,W,CORTLAND ST,2534,2,NO INDICATION OF INJURY,0,0,0,0,0,3,0,7,5,3,41.91511717,-87.73605519,POINT (-87.736055185575 41.915117169806),30
17f7de805a5b915ca3de046feb73d30c428b2f972426951a3528b00bc4d318b291151d8b0877dd67cda9d30c3d91a33fc1cd4d4bd7ae2077ecaf5fd82f1acb1d,2025/3/6 7:15,30,NO CONTROLS,NO CONTROLS,CLEAR,DAYLIGHT,PARKED MOTOR VEHICLE,ONE-WAY,STRAIGHT AND LEVEL,DRY,NO DEFECTS,NOT ON SCENE (DESK REPORT),NO INJURY / DRIVE AWAY,"OVER $1,500",2025-03-06T08:35:00.000,IMPROPER BACKING,NOT APPLICABLE,4846,W,CORNELIA AVE,1634,2,NO INDICATION OF INJURY,0,0,0,0,0,3,0,7,5,3,41.94438605,-87.7488139,POINT (-87.748813896245 41.944386045674),30
cb5e9f8a481111b940e6e0faa0e13338fb11e2695533652c5643f8bb718750bd6c88c60ec87885adff31ee7e3e0f9ab201f18d27400d0e461f6611a3c8706e3f,2025/3/6 7:10,30,NO CONTROLS,NO CONTROLS,CLEAR,DAYLIGHT,FIXED OBJECT,DIVIDED - W/MEDIAN (NOT RAISED),STRAIGHT AND LEVEL,DRY,NO DEFECTS,ON SCENE,NO INJURY / DRIVE AWAY,$500 OR LESS,2025-03-06T07:17:00.000,UNABLE TO DETERMINE,UNABLE TO DETERMINE,5041,S,KEDZIE AVE,923,1,NO INDICATION OF INJURY,0,0,0,0,0,1,0,7,5,3,41.80143871,-87.70363743,POINT (-87.703637426149 41.801438712844),30
875f7cdd8c2613535e95e1831d95629c53061585e0dd4b9ce99f0206747f7ca77f4602aea663587be870c075e02315c0ae2d0acdc2b7feb0a051f4b9bff654b0,2025/3/6 7:00,30,NO CONTROLS,NO CONTROLS,CLEAR,DAYLIGHT,REAR END,DIVIDED - W/MEDIAN (NOT RAISED),STRAIGHT AND LEVEL,DRY,NO DEFECTS,NOT ON SCENE (DESK REPORT),NO INJURY / DRIVE AWAY,"$501 - $1,500",2025-03-06T13:20:00.000,IMPROPER BACKING,DRIVING SKILLS/KNOWLEDGE/EXPERIENCE,4170,N,MARINE DR,1915,2,NO INDICATION OF INJURY,0,0,0,0,0,2,0,7,5,3,41.95757266,-87.6464026,POINT (-87.646402604539 41.95757265589),30