crash_record_id,crash_date,posted_speed_limit,traffic_control_device,device_condition,weather_condition,lighting_condition,first_crash_type,trafficway_type,alignment,roadway_surface_cond,road_defect,report_type,crash_type,damage,date_police_notified,prim_contributory_cause,sec_contributory_cause,street_no,street_direction,street_name,beat_of_occurrence,num_units,most_severe_injury,injuries_total,injuries_fatal,injuries_incapacitating,injuries_non_incapacitating,injuries_reported_not_evident,injuries_no_indication,injuries_unknown,crash_hour,crash_day_of_week,crash_month,latitude,longitude,location,speed_limit
b27aa485e2c6cac5d207846b77db18e476a5680cb8de23af840289d496b4138c3d5cdf5ac877b7581bcc2abb8606dfe409f42e6b421df8c6bbaed046b7499ec6,2025/3/6 6:47,30,NO CONTROLS,NO CONTROLS,CLEAR,DAYLIGHT,REAR END,FOUR WAY,STRAIGHT AND LEVEL,DRY,NO DEFECTS,ON SCENE,NO INJURY / DRIVE AWAY,"OVER $1,500",2025-03-06T06:52:00.000,NOT APPLICABLE,NOT APPLICABLE,4800,W,NORTH AVE,2533,2,NO INDICATION OF INJURY,0,0,0,0,0,3,0,6,5,3,41.90973389,-87.74624497,POINT (-87.746244972959 41.909733890131),30
8cac327a3c5aac454c0239df88fd73821aa4595ffe22fe8ca94fcf64a32d719e694e8e7b023aaf9176eede14a191290a60459c9654fab0a01286a7cc2838d9e2,2025/3/6 6:45,30,UNKNOWN,UNKNOWN,UNKNOWN,UNKNOWN,REAR END,UNKNOWN,STRAIGHT AND LEVEL,UNKNOWN,UNKNOWN,NOT ON SCENE (DESK REPORT),NO INJURY / DRIVE AWAY,"OVER $1,500",2025-03-06T13:10:00.000,FOLLOWING TOO CLOSELY,UNABLE TO DETERMINE,3523,W,BELMONT AVE,1412,2,NO INDICATION OF INJURY,0,0,0,0,0,2,0,6,5,3,41.93912376,-87.71597223,POINT (-87.715972227326 41.939123764878),30
8be7a484be78e640069407a00c115a7dafd1f88c89228e466cd1f1bec83317e331b1a7bc41b2bd26cdcd110f1b3ff1ca223cdb91984b0a971a4994718011e262,2025/3/6 6:40,30,STOP SIGN/FLASHER,FUNCTIONING PROPERLY,CLEAR,DAYLIGHT,REAR END,NOT DIVIDED,STRAIGHT AND LEVEL,DRY,UNKNOWN,ON SCENE,INJURY AND / OR TOW DUE TO CRASH,"OVER $1,500",2025-03-06T06:43:00.000,FOLLOWING TOO CLOSELY,UNABLE TO DETERMINE,7291,W,DEVON AVE,1612,4,"REPORTED, NOT EVIDENT",1,0,0,0,1,3,0,6,5,3,41.99701879,-87.81027296,POINT (-87.810272964162 41.997018790679),30
d8f4dd9899684fd6ab304301243774dab9eff61d7c7bd19b631fee2b2fd93c01f229fd5fe4e488610d53737bec919340b1978059c2a1b891da6dba2f2f444a85,2025/3/6 6:40,15,NO CONTROLS,NO CONTROLS,CLEAR,DAYLIGHT,OTHER NONCOLLISION,PARKING LOT,STRAIGHT AND LEVEL,DRY,NO DEFECTS,ON SCENE,INJURY AND / OR TOW DUE TO CRASH,"OVER $1,500",2025-03-06T07:43:00.000,DRIVING SKILLS/KNOWLEDGE/EXPERIENCE,NOT APPLICABLE,2639,S,DAMEN AVE,1034,2,NONINCAPACITATING INJURY,1,0,0,1,0,1,0,6,5,3,41.84361888,-87.67547236,POINT (-87.675472364536 41.843618878618),15
1f648f381b7769e767b6dbad3d0d607ab7e45c89e99e6851db27cac9b0126e251dbcce836570b6b8ff0d412dbf5a9315a9fcf6cf69d79e9b03b805e6e6c33997,2025/3/6 6:30,30,NO CONTROLS,NO CONTROLS,CLEAR,DAYLIGHT,ANGLE,PARKING LOT,STRAIGHT AND LEVEL,UNKNOWN,UNKNOWN,ON SCENE,NO INJURY / DRIVE AWAY,"$501 - $1,500",2025-03-06T06:41:00.000,UNABLE TO DETERMINE,UNABLE TO DETERMINE,2811,S,KEDZIE AVE,1033,2,NO INDICATION OF INJURY,0,0,0,0,0,2,0,6,5,3,41.84053695,-87.70477333,POINT (-87.704773331071 41.840536950429),30
fdb603d9d651749d0612143e4b90649187d48899a51c17da0adf71633dd1d2ad107da90ac3fb22c75bd0cdb57280bfcf6b417e7101c41cdf098530077b513555,2025/3/6 6:11,30,TRAFFIC SIGNAL,FUNCTIONING PROPERLY,UNKNOWN,UNKNOWN,REAR END,NOT DIVIDED,STRAIGHT AND LEVEL,UNKNOWN,UNKNOWN,NOT ON SCENE (DESK REPORT),NO INJURY / DRIVE AWAY,"$501 - $1,500",2025-03-06T06:45:00.000,UNABLE TO DETERMINE,NOT APPLICABLE,5501,S,CICERO AVE,813,2,NO INDICATION OF INJURY,0,0,0,0,0,2,0,6,5,3,41.79299438,-87.74180603,POINT (-87.741806028879 41.792994384855),30
851e6139dd2d67046813879af9e05f4eb4edc3a4c46af0c1b8c6b217374d00ad08bdc3ac4a89bc037287dd22fac32203454d11ce2959f22a57a02308b82e92dc,2025/3/6 5:58,30,TRAFFIC SIGNAL,FUNCTIONING PROPERLY,CLEAR,DAYLIGHT,SIDESWIPE SAME DIRECTION,NOT DIVIDED,STRAIGHT AND LEVEL,DRY,UNKNOWN,ON SCENE,INJURY AND / OR TOW DUE TO CRASH,"OVER $1,500",2025-03-06T05:59:00.000,UNABLE TO DETERMINE,NOT APPLICABLE,4501,W,AUGUSTA BLVD,1111,2,"REPORTED, NOT EVIDENT",1,0,0,0,1,1,0,5,5,3,41.8987089,-87.73856727,POINT (-87.738567271721 41.898708903297),30
aada5a6b080bee7b6e2542b9b7665bb04b122787126bd3a9b30cd6a3ef283629e0dca6d3d15f553b04e2b6b23bef6c81102d6b01f7a001d2b236be30beda7a52,2025/3/6 5:57,25,TRAFFIC SIGNAL,FUNCTIONING PROPERLY,CLEAR,DAWN,TURNING,FOUR WAY,STRAIGHT AND LEVEL,DRY,NO DEFECTS,ON SCENE,INJURY AND / OR TOW DUE TO CRASH,"OVER $1,500",2025-03-06T06:00:00.000,FAILING TO YIELD RIGHT-OF-WAY,FAILING TO YIELD RIGHT-OF-WAY,500,N,DAMEN AVE,1221,2,"REPORTED, NOT EVIDENT",1,0,0,0,1,1,0,5,5,3,41.89085721,-87.67705687,POINT (-87.677056868483 41.890857214287),25
c6689db04226535dc34da9decfc04f6f3fd274e99a458c0bbb9a91f95d13e4b14b7e3688262db2d0823e32f78d896de854f7ad6f1708426dd6a4e8da8e9f6c1f,2025/3/6 5:57,30,NO CONTROLS,NO CONTROLS,CLEAR,DAYLIGHT,REAR END,NOT DIVIDED,STRAIGHT AND LEVEL,DRY,NO DEFECTS,NOT ON SCENE (DESK REPORT),NO INJURY / DRIVE AWAY,"OVER $1,500",2025-03-06T06:15:00.000,DRIVING SKILLS/KNOWLEDGE/EXPERIENCE,DRIVING SKILLS/KNOWLEDGE/EXPERIENCE,800,S,CLARK ST,123,2,NO INDICATION OF INJURY,0,0,0,0,0,2,0,5,5,3,41.8721644,-87.63075578,POINT (-87.630755776917 41.872164396052),30
18b883377ac1c2e10d54346442f0b4ece9a25a37b5486843ff0e0e8694d17d51ce821afb5fca1686633751f541729d293b851cb042623747432a2b6d0b11d888,2025/3/6 4:30,30,TRAFFIC SIGNAL,FUNCTIONING PROPERLY,CLEAR,"DARKNESS, LIGHTED ROAD",TURNING,DIVIDED - W/MEDIAN (NOT RAISED),STRAIGHT AND LEVEL,DRY,NO DEFECTS,NOT ON SCENE (DESK REPORT),NO INJURY / DRIVE AWAY,"$501 - $1,500",2025-03-06T17:00:00.000,IMPROPER TURNING/NO SIGNAL,IMPROPER TURNING/NO SIGNAL,503,W,59TH ST,711,2,NO INDICATION OF INJURY,0,0,0,0,0,2,0,4,5,3,41.78703907,-87.63781273,POINT (-87.6378127282 41.787039074742),30
acab811c086741c2b0ca107549e0cda92ebf0f13b0ad18f8ae1f514151a8ff2be10c3c66067df405d78a01a442e1fc100f1a9046d0f7007ece0b797ba6959e19,2025/3/6 4:20,30,UNKNOWN,OTHER,CLEAR,"DARKNESS, LIGHTED ROAD",PARKED MOTOR VEHICLE,ONE-WAY,STRAIGHT AND LEVEL,DRY,UNKNOWN,ON SCENE,INJURY AND / OR TOW DUE TO CRASH,"OVER $1,500",2025-03-06T04:21:00.000,DRIVING ON WRONG SIDE/WRONG WAY,NOT APPLICABLE,10707,S,AVENUE D,432,2,NO INDICATION OF INJURY,0,0,0,0,0,1,0,4,5,3,41.70062169,-87.52802699,POINT (-87.528026990277 41.700621687537),30
cf484dadb23e9c40836f41f865e8ae4e0ffb80aadb62b6331344345684c4a5eaa198718f7b4467c492f8afc1cbb7185f4bbbc03d78bd7ebff8d21185d62c998e,2025/3/6 3:00,45,NO CONTROLS,NO CONTROLS,CLEAR,"DARKNESS, LIGHTED ROAD",FIXED OBJECT,ONE-WAY,STRAIGHT AND LEVEL,DRY,NO DEFECTS,ON SCENE,INJURY AND / OR TOW DUE TO CRASH,"$501 - $1,500",2025-03-06T03:18:00.000,DRIVING SKILLS/KNOWLEDGE/EXPERIENCE,NOT APPLICABLE,1700,S,LAKE SHORE DR SB,132,1,NO INDICATION OF INJURY,0,0,0,0,0,3,0,3,5,3,41.85899891,-87.61739899,POINT (-87.617398990618 41.858998908395),45
71d3d3a0ec8f09a0b9c60e20981c28f71599e640b9d3283bff866cc33431cf703c436e63aabfb8874e1389fbd8cefca5696d613fdbab76f789fef42f9f6ef52e,2025/3/6 2:18,30,STOP SIGN/FLASHER,UNKNOWN,CLEAR,"DARKNESS, LIGHTED ROAD",REAR END,NOT DIVIDED,STRAIGHT AND LEVEL,DRY,UNKNOWN,ON SCENE,INJURY AND / OR TOW DUE TO CRASH,"OVER $1,500",2025-03-06T02:18:00.000,FOLLOWING TOO CLOSELY,NOT APPLICABLE,3255,N,CICERO AVE,1731,2,"REPORTED, NOT EVIDENT",2,0,0,0,2,0,0,2,5,3,41.94049018,-87.74676558,POINT (-87.746765578941 41.9404901816),30
510ebf007e59f9f931f71ffb0123076ad44bd7c6b71ef5d2ec23103ea49e1eb61dcccb1fa7fe6c2d04a97875f50b7df83605f3e53051efab513d420f736cd331,2025/3/6 2:15,35,NO CONTROLS,NO CONTROLS,CLEAR,"DARKNESS, LIGHTED ROAD",FIXED OBJECT,NOT DIVIDED,STRAIGHT AND LEVEL,DRY,NO DEFECTS,ON SCENE,INJURY AND / OR TOW DUE TO CRASH,"OVER $1,500",2025-03-06T02:16:00.000,UNABLE TO DETERMINE,NOT APPLICABLE,4705,S,CICERO AVE,815,1,NO INDICATION OF INJURY,0,0,0,0,0,1,0,2,5,3,41.80742028,-87.7430013,POINT (-87.743001296008 41.807420281788),35
2c08ca452ed313d6f075af225986c92ae0da1d89e9110a40c1a7a35cd1e24ebf940119aedd7315288e2cf47a53c5770eb653b80bd9565728e4eaabdc012f2730,2025/3/6 0:30,30,NO CONTROLS,NO CONTROLS,CLEAR,"DARKNESS, LIGHTED ROAD",REAR END,DIVIDED - W/MEDIAN BARRIER,STRAIGHT AND LEVEL,DRY,NO DEFECTS,ON SCENE,NO INJURY / DRIVE AWAY,"OVER $1,500",2025-03-06T00:34:00.000,DRIVING SKILLS/KNOWLEDGE/EXPERIENCE,NOT APPLICABLE,1535,S,WOOD ST,1233,2,NO INDICATION OF INJURY,0,0,0,0,0,2,0,0,5,3,41.86032721,-87.6710203,POINT (-87.671020296681 41.860327209327),30
a29c5deb2631ab5cfb6a82415fe35cf0559ad7f84abc541ae3e8ef2e78766c12d60873696ba6a08e554e98cf32a02a80f6ee4ee3eca9ebb93985e945d47e2a3c,2025/3/6 0:30,30,NO CONTROLS,NO CONTROLS,CLEAR,"DARKNESS, LIGHTED ROAD",PARKED MOTOR VEHICLE,ONE-WAY,STRAIGHT AND LEVEL,DRY,NO DEFECTS,NOT ON SCENE (DESK REPORT),NO INJURY / DRIVE AWAY,"OVER $1,500",2025-03-06T09:45:00.000,UNABLE TO DETERMINE,NOT APPLICABLE,5512,W,HARRISON ST,1522,2,NO INDICATION OF INJURY,0,0,0,0,0,1,0,0,5,3,41.87296852,-87.76214779,POINT (-87.762147787864 41.872968520557),30
1eb12e2d71576f8d6e49bfecc846bd3b31e25fa2639b74308586aef22de108337e89c5843648e3bc75585428865ec18a41858277a4cea7b7d9144f3522af2e0b,2025/3/6 0:07,20,NO CONTROLS,NO CONTROLS,CLEAR,"DARKNESS, LIGHTED ROAD",PARKED MOTOR VEHICLE,NOT DIVIDED,STRAIGHT AND LEVEL,DRY,NO DEFECTS,ON SCENE,NO INJURY / DRIVE AWAY,$500 OR LESS,2025-03-06T00:30:00.000,UNABLE TO DETERMINE,UNABLE TO DETERMINE,1234,N,DEARBORN ST,1824,2,NO INDICATION OF INJURY,0,0,0,0,0,1,0,0,5,3,41.90494248,-87.63016228,POINT (-87.63016228177 41.904942481144),20
e4d4e9721d439619a42cc0b5bf710b329808c543bfd7a9a0a2fbbca6af2cebe3a4a94afff53958ff32e2b65e6d59664dfe10a770a0f7a1d4fc1b3cae01995b29,2025/3/5 23:52,30,TRAFFIC SIGNAL,FUNCTIONING PROPERLY,CLEAR,"DARKNESS, LIGHTED ROAD",PEDESTRIAN,NOT DIVIDED,STRAIGHT AND LEVEL,DRY,NO DEFECTS,ON SCENE,INJURY AND / OR TOW DUE TO CRASH,"OVER $1,500",2025-03-05T23:55:00.000,FAILING TO YIELD RIGHT-OF-WAY,IMPROPER OVERTAKING/PASSING,1607,N,KOSTNER AVE,2534,2,NONINCAPACITATING INJURY,1,0,0,1,0,2,0,23,4,3,41.91009471,-87.73603565,POINT (-87.736035647623 41.91009470766),30
bb09b39a3b870973e730b1d42a9f6f1d6157d814466b5552d348be731e493e4a2b0b87617760be8471d2eb6a04bb0174fe2e4c60740d76a46db65bae41fc1f7d,2025/3/5 23:50,30,TRAFFIC SIGNAL,FUNCTIONING PROPERLY,CLEAR,"DARKNESS, LIGHTED ROAD",REAR END,DIVIDED - W/MEDIAN (NOT RAISED),STRAIGHT AND LEVEL,DRY,NO DEFECTS,ON SCENE,NO INJURY / DRIVE AWAY,"$501 - $1,500",2025-03-06T00:02:00.000,FOLLOWING TOO CLOSELY,UNABLE TO DETERMINE,3998,W,CERMAK RD,1014,2,NO INDICATION OF INJURY,0,0,0,0,0,3,0,23,4,3,41.85165731,-87.72469864,POINT (-87.72469864179 41.851657310389),30
cb92860c11489511590ce93d97033464126fe077d9ff25eb262233828fed9fdbe63a8275406e8a165aa71d4ca43372fee0289c36b954e6fc0eb50eeb3587892a,2025/3/5 23:50,40,NO CONTROLS,NO CONTROLS,CLEAR,"DARKNESS, LIGHTED ROAD",FIXED OBJECT,DIVIDED - W/MEDIAN BARRIER,STRAIGHT AND LEVEL,UNKNOWN,UNKNOWN,ON SCENE,INJURY AND / OR TOW DUE TO CRASH,"OVER $1,500",2025-03-05T23:55:00.000,FAILING TO REDUCE SPEED TO AVOID CRASH,NOT APPLICABLE,1830,N,LAKE SHORE DR SB,1814,1,NO INDICATION OF INJURY,0,0,0,0,0,1,0,23,4,3,41.9158868,-87.62811876,POINT (-87.628118761175 41.915886796073),40
27c9755cb8c8b9ae283ac4423ad7b61dc67a161131f6259c46858e315f7e133a2f7e4684abc2b35888a301ba021d405ff0c338fdebb73718bdf8edc33b329cda,2025/3/5 23:43,30,TRAFFIC SIGNAL,FUNCTIONING PROPERLY,CLEAR,DARKNESS,ANGLE,NOT DIVIDED,STRAIGHT AND LEVEL,DRY,NO DEFECTS,ON SCENE,INJURY AND / OR TOW DUE TO CRASH,"OVER $1,500",2025-03-05T23:43:00.000,DRIVING ON WRONG SIDE/WRONG WAY,"OPERATING VEHICLE IN ERRATIC, RECKLESS, CARELESS, NEGLIGENT OR AGGRESSIVE MANNER",5000,W,DIVERSEY AVE,2521,2,"REPORTED, NOT EVIDENT",1,0,0,0,1,1,0,23,4,3,41.93157444,-87.75163128,POINT (-87.751631280336 41.931574443856),30
5cc7d4bd7f331c54d41dc5907020b7b5fe52fcf4dd4f727c989b145a60f610a4389b059a2b8bc22498481c5608678762dc230c46615fbbbf308fe81790ed7a59,2025/3/5 23:08,30,NO CONTROLS,NO CONTROLS,CLEAR,"DARKNESS, LIGHTED ROAD",PARKED MOTOR VEHICLE,NOT DIVIDED,STRAIGHT AND LEVEL,DRY,NO DEFECTS,ON SCENE,NO INJURY / DRIVE AWAY,"OVER $1,500",2025-03-05T23:10:00.000,UNABLE TO DETERMINE,UNABLE TO DETERMINE,4651,N,CLARK ST,1913,2,NO INDICATION OF INJURY,0,0,0,0,0,1,0,23,4,3,41.96678036,-87.66690609,POINT (-87.666906094456 41.966780356115),30
138698c385723328c679748820fbf87856f5997fa5380e78324616be1b6579026b6eee1ac5d817ac7a6ea1947c84a08b50e04c571dc5d4bbe43d38b92b72712a,2025/3/5 22:50,30,NO CONTROLS,FUNCTIONING PROPERLY,CLEAR,"DARKNESS, LIGHTED ROAD",SIDESWIPE SAME DIRECTION,ONE-WAY,STRAIGHT AND LEVEL,DRY,NO DEFECTS,ON SCENE,NO INJURY / DRIVE AWAY,"OVER $1,500",2025-03-05T22:53:00.000,IMPROPER OVERTAKING/PASSING,UNABLE TO DETERMINE,3012,W,ROOSEVELT RD,1134,2,NO INDICATION OF INJURY,0,0,0,0,0,3,0,22,4,3,41.86655998,-87.70140302,POINT (-87.701403015774 41.866559979391),30
1ebbabda46cddd6b72d14328ca23b8f6bb43a56152fcb5a5f28e8a1d48620272d4aa59cb91ae900044150473ee38db32235f13eaabea93ba1218a921796f1382,2025/3/5 22:50,30,TRAFFIC SIGNAL,FUNCTIONING PROPERLY,UNKNOWN,UNKNOWN,SIDESWIPE SAME DIRECTION,DIVIDED - W/MEDIAN (NOT RAISED),STRAIGHT AND LEVEL,UNKNOWN,UNKNOWN,NOT ON SCENE (DESK REPORT),NO INJURY / DRIVE AWAY,"$501 - $1,500",2025-03-06T14:28:00.000,IMPROPER LANE USAGE,IMPROPER LANE USAGE,498,W,WASHINGTON ST,121,2,NO INDICATION OF INJURY,0,0,0,0,0,2,0,22,4,3,41.88329078,-87.63968609,POINT (-87.639686090045 41.883290779592),30
117aef62bc31332e1938cd887c88e5f493852b0b7f4c39553da59b5214b64b10de1176de05bf4244bc6e4bbb3ed00f3f01712cca76bfbcdca3aa461cccc07f46,2025/3/5 22:45,20,TRAFFIC SIGNAL,FUNCTIONING PROPERLY,CLEAR,"DARKNESS, LIGHTED ROAD",SIDESWIPE SAME DIRECTION,DIVIDED - W/MEDIAN (NOT RAISED),STRAIGHT AND LEVEL,DRY,NO DEFECTS,NOT ON SCENE (DESK REPORT),NO INJURY / DRIVE AWAY,"OVER $1,500",2025-03-06T12:30:00.000,NOT APPLICABLE,NOT APPLICABLE,98,S,LAKE SHORE DR SB,114,2,NO INDICATION OF INJURY,0,0,0,0,0,2,0,22,4,3,41.8809827,-87.61763334,POINT (-87.617633344219 41.88098270091),20
f4a28ce9b7afeeca87fb79c8965ea511771d5849861f06fee8bb4d899901dfde4e29a4e89a2b7cda40324d6231d3d47ca99ba85d3bb3761ec82d99788f23fcd4,2025/3/5 22:25,30,TRAFFIC SIGNAL,FUNCTIONING PROPERLY,UNKNOWN,UNKNOWN,REAR END,T-INTERSECTION,STRAIGHT AND LEVEL,UNKNOWN,UNKNOWN,NOT ON SCENE (DESK REPORT),NO INJURY / DRIVE AWAY,"OVER $1,500",2025-03-05T23:00:00.000,UNABLE TO DETERMINE,NOT APPLICABLE,7600,N,SHERIDAN RD,2422,2,NO INDICATION OF INJURY,0,0,0,0,0,3,0,22,4,3,42.01927623,-87.66619739,POINT (-87.666197388437 42.019276231472),30
7d7555dae399244a4af1dc7b2d9386ad326dcf0bf80f02628c9a888ff7229bf5b0148bf90c595fd83a955f9c06a8b563980ff0280f7dc7c0011962856eb92b12,2025/3/5 21:49,30,STOP SIGN/FLASHER,FUNCTIONING PROPERLY,CLEAR,"DARKNESS, LIGHTED ROAD",ANGLE,FOUR WAY,STRAIGHT ON GRADE,WET,NO DEFECTS,ON SCENE,INJURY AND / OR TOW DUE TO CRASH,"OVER $1,500",2025-03-05T21:49:00.000,FAILING TO YIELD RIGHT-OF-WAY,DRIVING SKILLS/KNOWLEDGE/EXPERIENCE,2046,W,ESTES AVE,2424,2,"REPORTED, NOT EVIDENT",1,0,0,0,1,1,0,21,4,3,42.01138691,-87.68212881,POINT (-87.682128805288 42.01138691171),30
d3d28765e9d57e80d76e16aaf3e9592605a7e75e466e2d2b4e168f7b549e4cc4023b38a05e0ef65498f9412a1e8905298945ba9ec3b582180992c6d4743dd3ba,2025/3/5 21:45,30,NO CONTROLS,NO CONTROLS,CLEAR,DARKNESS,REAR END,T-INTERSECTION,STRAIGHT AND LEVEL,DRY,UNKNOWN,ON SCENE,INJURY AND / OR TOW DUE TO CRASH,"OVER $1,500",2025-03-05T21:47:00.000,FOLLOWING TOO CLOSELY,FOLLOWING TOO CLOSELY,113,S,CICERO AVE,1113,2,INCAPACITATING INJURY,3,0,3,0,0,2,0,21,4,3,41.87877929,-87.74506737,POINT (-87.745067367213 41.878779291785),30
2e31621facbd010206fc68e2910c6a8f19dae493087acc9d877889d3dfceabfaafa90057738565c3ee773c1d3a120bfac20ae1569dc836b65f58e211b8d3940f,2025/3/5 21:16,30,NO CONTROLS,NO CONTROLS,CLEAR,"DARKNESS, LIGHTED ROAD",TURNING,NOT DIVIDED,STRAIGHT AND LEVEL,DRY,NO DEFECTS,ON SCENE,INJURY AND / OR TOW DUE TO CRASH,"OVER $1,500",2025-03-05T21:35:00.000,UNABLE TO DETERMINE,UNABLE TO DETERMINE,3145,S,ASHLAND AVE,912,2,NONINCAPACITATING INJURY,1,0,0,1,0,1,0,21,4,3,41.83646835,-87.6655669,POINT (-87.665566902132 41.836468347729),30
8ca4102a1c715b1dda2866bfeb8bd6543c8dee9f6c639c11b6ec1c4b9bed5d8a521cd25bfc61dd18cc9726d1a55adc4dc05fc1ae1dcb5162b7e9ebb10fc69430,2025/3/5 21:06,30,STOP SIGN/FLASHER,FUNCTIONING PROPERLY,CLEAR,DUSK,ANGLE,OTHER,STRAIGHT AND LEVEL,DRY,NO DEFECTS,ON SCENE,INJURY AND / OR TOW DUE TO CRASH,"OVER $1,500",2025-03-05T21:06:00.000,FAILING TO YIELD RIGHT-OF-WAY,NOT APPLICABLE,4600,S,MICHIGAN AVE,215,2,"REPORTED, NOT EVIDENT",1,0,0,0,1,1,0,21,4,3,41.81100705,-87.62302911,POINT (-87.623029109238 41.811007046873),30
4a5b7af9ee6e54d2cc6e9d29e42166543fb0041cc0566a41bd6ed9506aad51cfba941f3d5a42fc0cce95784e2d7c6f0833ed3d60ac93d08a18ee9ee66b5ddd65,2025/3/5 21:00,30,NO CONTROLS,NO CONTROLS,RAIN,"DARKNESS, LIGHTED ROAD",PARKED MOTOR VEHICLE,NOT DIVIDED,STRAIGHT AND LEVEL,WET,NO DEFECTS,ON SCENE,NO INJURY / DRIVE AWAY,"OVER $1,500",2025-03-05T23:30:00.000,IMPROPER OVERTAKING/PASSING,NOT APPLICABLE,954,W,WILLOW ST,1813,2,NO INDICATION OF INJURY,0,0,0,0,0,1,0,21,4,3,41.91386562,-87.65302271,POINT (-87.653022714878 41.913865618127),30
872ce6ec2e3f6b3d1c8ceb725dba63afc0c5a8fec7b2681f2922542f081d118546ba361432549da7a0b46d827e92fb1a9d3e8965ef8e2fde3213d86755e478a0,2025/3/5 21:00,30,NO CONTROLS,NO CONTROLS,CLOUDY/OVERCAST,"DARKNESS, LIGHTED ROAD",SIDESWIPE SAME DIRECTION,ONE-WAY,STRAIGHT AND LEVEL,WET,NO DEFECTS,ON SCENE,NO INJURY / DRIVE AWAY,"OVER $1,500",2025-03-05T21:05:00.000,PHYSICAL CONDITION OF DRIVER,NOT APPLICABLE,4846,S,KILDARE AVE,815,2,NO INDICATION OF INJURY,0,0,0,0,0,2,0,21,4,3,41.80455259,-87.73098324,POINT (-87.730983236351 41.804552588301),30
6a59ade81560bced39d4037d0fa879fb64389a4419093520f6a0f462991c4974273fc544207db788a428dab3ae4f748f4938ea4eff53a9a39255f11a9586d7ca,2025/3/5 20:50,20,NO CONTROLS,NO CONTROLS,SNOW,"DARKNESS, LIGHTED ROAD",PARKED MOTOR VEHICLE,ONE-WAY,STRAIGHT AND LEVEL,WET,NO DEFECTS,ON SCENE,NO INJURY / DRIVE AWAY,"OVER $1,500",2025-03-05T20:56:00.000,UNABLE TO DETERMINE,UNABLE TO DETERMINE,642,W,DEMING PL,1935,2,NO INDICATION OF INJURY,0,0,0,0,0,1,0,20,4,3,41.92798378,-87.6458666,POINT (-87.645866600928 41.927983784257),20
1722dfce21d7a51aa8775aa5939eab2d7a3592d20758a050b37ad361571ce89142c948c6f615f279e92102dba2ec3cca1280749d60b5986b2cbd08cb0f430bdb,2025/3/5 20:39,30,TRAFFIC SIGNAL,FUNCTIONING PROPERLY,RAIN,DARKNESS,TURNING,NOT DIVIDED,STRAIGHT AND LEVEL,WET,NO DEFECTS,ON SCENE,INJURY AND / OR TOW DUE TO CRASH,"OVER $1,500",2025-03-05T21:02:00.000,FAILING TO REDUCE SPEED TO AVOID CRASH,NOT APPLICABLE,1200,N,ELSTON AVE,1433,2,NO INDICATION OF INJURY,0,0,0,0,0,3,0,20,4,3,41.9034698,-87.6585224,POINT (-87.658522400154 41.903469797829),30
f894eb8414e2d7d5b633f10cfac5524a473b9cf6758997821a715f76714f017cb0653f68aad306f3eb82c6b635dd557b0b770fd2cc3380b67f93ee821ddadd53,2025/3/5 20:10,30,NO CONTROLS,NO CONTROLS,RAIN,"DARKNESS, LIGHTED ROAD",PARKED MOTOR VEHICLE,NOT DIVIDED,STRAIGHT AND LEVEL,WET,NO DEFECTS,NOT ON SCENE (DESK REPORT),NO INJURY / DRIVE AWAY,"$501 - $1,500",2025-03-05T21:15:00.000,FOLLOWING TOO CLOSELY,NOT APPLICABLE,5400,N,LONG AVE,1623,2,NO INDICATION OF INJURY,0,0,0,0,0,1,0,20,4,3,41.97943623,-87.76366161,POINT (-87.763661609696 41.979436232883),30
10a6506797bf341ccb09afc918828ae87b2b23bd8e9b8ca105e9dfec390d3a31ca721605cb4b71c582401caedacaca3a1343d6b5ffe19183365cbf85c3b8e57c,2025/3/5 20:03,30,NO CONTROLS,NO CONTROLS,CLEAR,"DARKNESS, LIGHTED ROAD",PARKED MOTOR VEHICLE,DIVIDED - W/MEDIAN (NOT RAISED),STRAIGHT AND LEVEL,WET,NO DEFECTS,ON SCENE,NO INJURY / DRIVE AWAY,"OVER $1,500",2025-03-05T20:03:00.000,UNABLE TO DETERMINE,NOT APPLICABLE,6117,S,ARCHER AVE,811,2,NO INDICATION OF INJURY,0,0,0,0,0,1,0,20,4,3,41.79429535,-87.77090342,POINT (-87.770903416858 41.794295349157),30
55907f1331f6b3bda35a02cf3be45f42e134754e2ce5d920a77df005018f230d04e365be49a76926654c88f85715f32c631e55ccc5d5db80f548272d62328e26,2025/3/5 20:01,35,NO CONTROLS,NO CONTROLS,CLEAR,"DARKNESS, LIGHTED ROAD",PARKED MOTOR VEHICLE,ONE-WAY,STRAIGHT AND LEVEL,WET,NO DEFECTS,ON SCENE,NO INJURY / DRIVE AWAY,"OVER $1,500",2025-03-05T20:01:00.000,UNABLE TO DETERMINE,NOT APPLICABLE,1142,N,WINCHESTER AVE,1212,3,NO INDICATION OF INJURY,0,0,0,0,0,2,0,20,4,3,41.90259463,-87.67616757,POINT (-87.676167567017 41.902594627165),35