crash_record_id,crash_date,posted_speed_limit,traffic_control_device,device_condition,weather_condition,lighting_condition,first_crash_type,trafficway_type,alignment,roadway_surface_cond,road_defect,report_type,crash_type,damage,date_police_notified,prim_contributory_cause,sec_contributory_cause,street_no,street_direction,street_name,beat_of_occurrence,num_units,most_severe_injury,injuries_total,injuries_fatal,injuries_incapacitating,injuries_non_incapacitating,injuries_reported_not_evident,injuries_no_indication,injuries_unknown,crash_hour,crash_day_of_week,crash_month,latitude,longitude,location,speed_limit
a477fe108a228799d861cd9eac450bd94f67f0f11b2d26afe67251d8b269d81b092ef12debac5cb998ffa507cb609bdbf5eab3f262326c08f6e312dcfd164bbb,2025/3/5 20:00,30,NO CONTROLS,NO CONTROLS,SNOW,"DARKNESS, LIGHTED ROAD",PARKED MOTOR VEHICLE,NOT DIVIDED,STRAIGHT AND LEVEL,WET,NO DEFECTS,ON SCENE,NO INJURY / DRIVE AWAY,"OVER $1,500",2025-03-05T20:05:00.000,IMPROPER LANE USAGE,UNABLE TO DETERMINE,3728,W,86TH ST,834,2,NO INDICATION OF INJURY,0,0,0,0,0,2,0,20,4,3,41.73690181,-87.71538227,POINT (-87.715382272376 41.736901804978),30
24c191c8755d1118456c5a2552862f80c837ea2a3e570d4f5534ea03861abc5c6ea3d3898390549bcec332053debf07f3c410931dacf66dfbb135152ff0bfd19,2025/3/5 19:57,30,NO CONTROLS,NO CONTROLS,OTHER,"DARKNESS, LIGHTED ROAD",PEDESTRIAN,DRIVEWAY,STRAIGHT AND LEVEL,WET,NO DEFECTS,ON SCENE,NO INJURY / DRIVE AWAY,"OVER $1,500",2025-03-05T20:09:00.000,UNABLE TO DETERMINE,UNABLE TO DETERMINE,3808,W,ROOSEVELT RD,1133,2,NO INDICATION OF INJURY,0,0,0,0,0,2,0,19,4,3,41.86634424,-87.72052963,POINT (-87.720529631802 41.866344241501),30
7ddecb4f874357a49a6b3863fabd2ed2ea53ac0b933846cafcf2ce8cc0b4eced6b783058af95223b7ab3d8ce7673b4475bf530e3a65808c190198e9214743458,2025/3/5 19:50,30,NO CONTROLS,NO CONTROLS,SNOW,DUSK,SIDESWIPE SAME DIRECTION,NOT DIVIDED,STRAIGHT AND LEVEL,ICE,NO DEFECTS,ON SCENE,INJURY AND / OR TOW DUE TO CRASH,"OVER $1,500",2025-03-05T20:05:00.000,NOT APPLICABLE,NOT APPLICABLE,5835,N,CLARK ST,2013,2,NONINCAPACITATING INJURY,1,0,0,1,0,5,0,19,4,3,41.98813117,-87.66964278,POINT (-87.669642775119 41.988131168983),30
d4db7a71153c9cc833890e27bafd7b356d6c19aed952bdabf9eacd5e4d7e634abb204da91dc986d7213903863d95befe61fc92006c189dd94648cefa6e5c8821,2025/3/5 19:50,30,TRAFFIC SIGNAL,FUNCTIONING PROPERLY,SNOW,DARKNESS,TURNING,FOUR WAY,STRAIGHT AND LEVEL,WET,WORN SURFACE,ON SCENE,INJURY AND / OR TOW DUE TO CRASH,"$501 - $1,500",2025-03-05T19:55:00.000,IMPROPER TURNING/NO SIGNAL,IMPROPER TURNING/NO SIGNAL,441,W,31ST ST,915,2,NO INDICATION OF INJURY,0,0,0,0,0,2,0,19,4,3,41.83804711,-87.63769404,POINT (-87.637694042678 41.83804711107),30
c18c3e32c0fc2b8a4482e68bab8e6944c9cb164f7fda716cd3b557d3380e35fdb88d4b67bc2d8c7e32376bac493c4589e238ded27d60eaa015e511a435669e18,2025/3/5 19:45,30,STOP SIGN/FLASHER,FUNCTIONING PROPERLY,CLEAR,"DARKNESS, LIGHTED ROAD",REAR TO FRONT,FOUR WAY,STRAIGHT AND LEVEL,WET,NO DEFECTS,NOT ON SCENE (DESK REPORT),NO INJURY / DRIVE AWAY,$500 OR LESS,2025-03-05T20:00:00.000,IMPROPER BACKING,UNABLE TO DETERMINE,1560,W,16TH ST,1233,2,NO INDICATION OF INJURY,0,0,0,0,0,2,0,19,4,3,41.85971869,-87.66608137,POINT (-87.666081369084 41.859718691937),30
dcf671d34fac47aa52bcc574df6c90c247d2f4ff6e88463227e8d5f1c7042af6b1fbbc1a569e2b5b99f305372e5ae77718f7746f38b5a2299224fa1595d20241,2025/3/5 19:45,30,TRAFFIC SIGNAL,FUNCTIONING PROPERLY,RAIN,DARKNESS,PEDESTRIAN,FOUR WAY,STRAIGHT AND LEVEL,WET,UNKNOWN,ON SCENE,INJURY AND / OR TOW DUE TO CRASH,$500 OR LESS,2025-03-05T19:50:00.000,FAILING TO YIELD RIGHT-OF-WAY,NOT APPLICABLE,2800,W,BRYN MAWR AVE,2011,3,NONINCAPACITATING INJURY,2,0,0,2,0,1,0,19,4,3,41.98323054,-87.69921851,POINT (-87.699218511897 41.983230540554),30
ba583d66ea757aa1be36ad30516609820c196cedf81c808d5193f7f69ccfb8f21675f48b31a22d44f07116cb304711b0e7eed35c17aaa27e9faa250e7ea165f1,2025/3/5 19:43,30,STOP SIGN/FLASHER,FUNCTIONING PROPERLY,SNOW,"DARKNESS, LIGHTED ROAD",REAR END,FOUR WAY,STRAIGHT AND LEVEL,WET,UNKNOWN,NOT ON SCENE (DESK REPORT),NO INJURY / DRIVE AWAY,"$501 - $1,500",2025-03-06T14:20:00.000,FOLLOWING TOO CLOSELY,NOT APPLICABLE,1228,W,WILSON AVE,1913,2,NO INDICATION OF INJURY,0,0,0,0,0,2,0,19,4,3,41.96545889,-87.66079782,POINT (-87.660797815151 41.965458892482),30
6f3762c2fb9a47d7e083a742024a3d6935f895f1e1f5625c10b62691d4714d13ef07924b150854391af1fb7f72ed18d8eccc4b43ce21b1efea82134622ca30d2,2025/3/5 19:41,25,NO CONTROLS,NOT FUNCTIONING,CLEAR,DARKNESS,PARKED MOTOR VEHICLE,NOT DIVIDED,STRAIGHT AND LEVEL,WET,NO DEFECTS,ON SCENE,NO INJURY / DRIVE AWAY,"OVER $1,500",2025-03-05T19:42:00.000,UNABLE TO DETERMINE,UNABLE TO DETERMINE,5206,W,DIVERSEY AVE,2514,2,NO INDICATION OF INJURY,0,0,0,0,0,1,0,19,4,3,41.9315046,-87.75677325,POINT (-87.756773254347 41.931504597409),25
8bd651722b2bdaf69beec95e5f47a281abd99e6f61f122965c2d84f5a1b8dc8e146d393fec0da6915b4434efbec2c6476a3c716cf09ac655cd301b7afaefaf1b,2025/3/5 19:41,30,TRAFFIC SIGNAL,FUNCTIONING PROPERLY,CLEAR,DARKNESS,TURNING,FOUR WAY,STRAIGHT AND LEVEL,WET,NO DEFECTS,ON SCENE,INJURY AND / OR TOW DUE TO CRASH,"OVER $1,500",2025-03-05T20:01:00.000,FAILING TO YIELD RIGHT-OF-WAY,FAILING TO YIELD RIGHT-OF-WAY,6300,S,STATE ST,312,2,"REPORTED, NOT EVIDENT",1,0,0,0,1,1,0,19,4,3,41.78000828,-87.62552251,POINT (-87.625522511916 41.780008277408),30
5a439607de5f8ce571c567db5ab658983c1cdc3100bd32e1c20cd16b6b3f2885af6e08412f13ee22e9e8233157f6e0c8ae579fb1ad89129a9932494aebed413a,2025/3/5 19:31,30,STOP SIGN/FLASHER,FUNCTIONING PROPERLY,SNOW,"DARKNESS, LIGHTED ROAD",SIDESWIPE SAME DIRECTION,NOT DIVIDED,STRAIGHT AND LEVEL,WET,UNKNOWN,ON SCENE,INJURY AND / OR TOW DUE TO CRASH,"OVER $1,500",2025-03-05T19:36:00.000,UNDER THE INFLUENCE OF ALCOHOL/DRUGS (USE WHEN ARREST IS EFFECTED),IMPROPER LANE USAGE,1427,E,79TH ST,411,2,INCAPACITATING INJURY,1,0,1,0,0,1,0,19,4,3,41.75133872,-87.58953472,POINT (-87.589534721803 41.75133872035),30
79b3daad7267af5abaa594407ae4ecd35d24b02e716fc70d1bbf19341d7130e027dcfa73546e93069f79e441019633f306d9938118c37ea809c7457209b228ed,2025/3/5 19:30,30,NO CONTROLS,NO CONTROLS,RAIN,"DARKNESS, LIGHTED ROAD",PEDESTRIAN,FOUR WAY,STRAIGHT AND LEVEL,UNKNOWN,NO DEFECTS,ON SCENE,INJURY AND / OR TOW DUE TO CRASH,"OVER $1,500",2025-03-05T19:34:00.000,UNABLE TO DETERMINE,NOT APPLICABLE,3265,W,MONTROSE AVE,1724,2,NONINCAPACITATING INJURY,1,0,0,1,0,1,0,19,4,3,41.96105002,-87.71062698,POINT (-87.710626978431 41.961050018925),30
a37c958a6b1f2c42531381e5ae25deb0e5bb7e47a5168dd8a4d398df0980813d5def3e11349b2ab3bae7ce5c3da1986d141abcf0bafaa723fc5375b105b923f6,2025/3/5 19:10,20,STOP SIGN/FLASHER,FUNCTIONING PROPERLY,RAIN,"DARKNESS, LIGHTED ROAD",ANGLE,FOUR WAY,STRAIGHT AND LEVEL,WET,UNKNOWN,ON SCENE,INJURY AND / OR TOW DUE TO CRASH,"OVER $1,500",2025-03-05T19:10:00.000,UNABLE TO DETERMINE,NOT APPLICABLE,1700,W,GREGORY ST,2012,2,NO INDICATION OF INJURY,0,0,0,0,0,2,0,19,4,3,41.98263185,-87.67236368,POINT (-87.672363680446 41.982631854603),20
a67d0f0bab935bfe5840a0d29f1c196783e1e2acf22a59ffb9a70624456cd304dc9d3fb39ec1a56e3cc54dd64b065be125c4f3d7aa28dd5d3db1011140aab24d,2025/3/5 19:10,30,NO CONTROLS,NO CONTROLS,CLEAR,"DARKNESS, LIGHTED ROAD",SIDESWIPE SAME DIRECTION,DIVIDED - W/MEDIAN (NOT RAISED),STRAIGHT AND LEVEL,WET,NO DEFECTS,NOT ON SCENE (DESK REPORT),NO INJURY / DRIVE AWAY,"$501 - $1,500",2025-03-05T20:35:00.000,UNABLE TO DETERMINE,NOT APPLICABLE,3435,W,MONTROSE AVE,1723,2,NO INDICATION OF INJURY,0,0,0,0,0,2,0,19,4,3,41.9610014,-87.71458008,POINT (-87.714580075341 41.961001395982),30
9c98c4c03d5e818bc8c59e27f337f0b0761325ce8dafce4378b5d99e9455b5a7c43be51f61fb31c0423b3628f12d07351e7ca4f749be9458e59862efea1340b2,2025/3/5 19:05,30,TRAFFIC SIGNAL,FUNCTIONING PROPERLY,RAIN,"DARKNESS, LIGHTED ROAD",REAR END,NOT DIVIDED,STRAIGHT AND LEVEL,WET,NO DEFECTS,ON SCENE,NO INJURY / DRIVE AWAY,"$501 - $1,500",2025-03-05T19:05:00.000,UNABLE TO DETERMINE,UNABLE TO DETERMINE,6301,S,MELVINA AVE,812,2,NO INDICATION OF INJURY,0,0,0,0,0,4,0,19,4,3,41.77772615,-87.77623211,POINT (-87.776232114731 41.777726146568),30
4b26036c7edc98d031556a39cb00bcf26c0fbb50fa66e92a9a1cac6c4d5043adbbdf8bbcd9774f11f3432ea79a21f62b3342eb8409716508620b8560e7c97cf6,2025/3/5 19:03,30,UNKNOWN,UNKNOWN,SNOW,DARKNESS,REAR END,DIVIDED - W/MEDIAN (NOT RAISED),STRAIGHT AND LEVEL,WET,UNKNOWN,ON SCENE,NO INJURY / DRIVE AWAY,"OVER $1,500",2025-03-05T19:36:00.000,UNABLE TO DETERMINE,FOLLOWING TOO CLOSELY,933,W,GARFIELD BLVD,712,2,NO INDICATION OF INJURY,0,0,0,0,0,4,0,19,4,3,41.79377396,-87.64885287,POINT (-87.648852870663 41.793773956169),30
7d19ebcc467d3a42e01a2f2e242b45add247ba1b035a79f074a0aad7f417f40e92235775b45b72c766f444e1fa1690d7448c7c384cd3862c5a7130287df5fa74,2025/3/5 19:03,30,TRAFFIC SIGNAL,FUNCTIONING PROPERLY,RAIN,DARKNESS,REAR END,NOT DIVIDED,STRAIGHT AND LEVEL,WET,NO DEFECTS,NOT ON SCENE (DESK REPORT),NO INJURY / DRIVE AWAY,"OVER $1,500",2025-03-05T20:00:00.000,FOLLOWING TOO CLOSELY,FOLLOWING TOO CLOSELY,10300,S,WENTWORTH AVE,512,2,NO INDICATION OF INJURY,0,0,0,0,0,4,0,19,4,3,41.70702301,-87.62841572,POINT (-87.6284157193 41.707023014),30
c45938c9f44cadd24a12431bdf8ee7a680e5b60480218b0426b27eb04da8766650f16ab446196c70d438ea86fc904f9ad8c0f11204cfc602aba48b1469006e99,2025/3/5 19:00,35,NO CONTROLS,NO CONTROLS,RAIN,"DARKNESS, LIGHTED ROAD",TURNING,NOT DIVIDED,CURVE ON GRADE,WET,NO DEFECTS,ON SCENE,INJURY AND / OR TOW DUE TO CRASH,"OVER $1,500",2025-03-05T19:00:00.000,FAILING TO YIELD RIGHT-OF-WAY,NOT APPLICABLE,5700,S,CENTRAL AVE,811,2,"REPORTED, NOT EVIDENT",1,0,0,0,1,2,0,19,4,3,41.78897044,-87.76231074,POINT (-87.762310738416 41.78897044323),35
45303ee66945f5c7978287c5cfb90636561271b97ef5a7f55c4be7d7df71cd8f9ebb3a9864150b4617620df1132d37b5f893e8140f1e5522e27092aead63aa5e,2025/3/5 18:43,30,NO CONTROLS,NO CONTROLS,RAIN,"DARKNESS, LIGHTED ROAD",PARKED MOTOR VEHICLE,ONE-WAY,STRAIGHT AND LEVEL,WET,NO DEFECTS,ON SCENE,NO INJURY / DRIVE AWAY,"$501 - $1,500",2025-03-05T18:44:00.000,UNABLE TO DETERMINE,UNABLE TO DETERMINE,5700,S,ELIZABETH ST,713,2,NO INDICATION OF INJURY,0,0,0,0,0,1,0,18,4,3,41.79041472,-87.65613932,POINT (-87.656139319542 41.790414720673),30
60bf625b30149dd5ffd61cf6c57ef5af079d2583e65b1472cbcd6d3b4699008fd91a5107fdea6df6945339e52872e7884ac3e40a9b98cc18bb58d84c407e7279,2025/3/5 18:30,30,TRAFFIC SIGNAL,FUNCTIONING PROPERLY,RAIN,"DARKNESS, LIGHTED ROAD",TURNING,DIVIDED - W/MEDIAN (NOT RAISED),STRAIGHT AND LEVEL,WET,NO DEFECTS,NOT ON SCENE (DESK REPORT),NO INJURY / DRIVE AWAY,"OVER $1,500",2025-03-05T19:30:00.000,UNABLE TO DETERMINE,NOT APPLICABLE,5016,N,PULASKI RD,1712,2,NO INDICATION OF INJURY,0,0,0,0,0,2,0,18,4,3,41.97240586,-87.7282915,POINT (-87.728291500564 41.972405855329),30
70f2769742f464b2affa4507e06c1eb2651741459cbb65e042d93383c6861d3868a5f117ad7eff63dbd04421ae5dc6fdd832773afff353ea1b30f227a5e67ac6,2025/3/5 18:30,30,TRAFFIC SIGNAL,FUNCTIONING PROPERLY,RAIN,DARKNESS,SIDESWIPE SAME DIRECTION,FOUR WAY,STRAIGHT AND LEVEL,WET,UNKNOWN,ON SCENE,NO INJURY / DRIVE AWAY,"OVER $1,500",2025-03-05T18:51:00.000,UNABLE TO DETERMINE,UNABLE TO DETERMINE,3201,W,ROOSEVELT RD,1022,2,NO INDICATION OF INJURY,0,0,0,0,0,2,0,18,4,3,41.86629442,-87.70572615,POINT (-87.705726149196 41.866294424369),30
b31d4839918cfb75bf8d773c7cadd3f007bf46edc95fc590e91f9faaa24e2f5a52a7641d4ce39585ceabff4258967209fe59934d2e23de0fd55049803be81167,2025/3/5 18:30,20,NO CONTROLS,NO CONTROLS,UNKNOWN,"DARKNESS, LIGHTED ROAD",PEDESTRIAN,PARKING LOT,STRAIGHT AND LEVEL,UNKNOWN,UNKNOWN,NOT ON SCENE (DESK REPORT),INJURY AND / OR TOW DUE TO CRASH,$500 OR LESS,2025-03-05T19:35:00.000,UNABLE TO DETERMINE,NOT APPLICABLE,6420,W,FULLERTON AVE,2512,2,"REPORTED, NOT EVIDENT",1,0,0,0,1,1,0,18,4,3,41.9237818,-87.78625367,POINT (-87.786253674433 41.92378179667),20
2c5824d62bf635a3498c2de033b3eb418b0dfa56e27d64ddfc6aa0a04bda148fbf43778f2266b138e86bcde2734ed82b7dade9aa1bd2eb2252d82986ca31dd95,2025/3/5 18:20,30,NO CONTROLS,NO CONTROLS,RAIN,DAYLIGHT,ANGLE,NOT DIVIDED,STRAIGHT AND LEVEL,WET,NO DEFECTS,NOT ON SCENE (DESK REPORT),INJURY AND / OR TOW DUE TO CRASH,"$501 - $1,500",2025-03-05T19:30:00.000,"VISION OBSCURED (SIGNS, TREE LIMBS, BUILDINGS, ETC.)",NOT APPLICABLE,920,E,HYDE PARK BLVD,222,2,"REPORTED, NOT EVIDENT",1,0,0,0,1,1,0,18,4,3,41.80240887,-87.6028211,POINT (-87.602821095754 41.802408865779),30
054b8dc6939434d583242a084435fa9834a4d1f57b87718f4df68d40905b04cd2b5cd16350c739d488fd68a63a6562dc5f2f67b70ef9cce3fb06c03f8d91ec23,2025/3/5 18:15,35,NO CONTROLS,NO CONTROLS,SNOW,"DARKNESS, LIGHTED ROAD",ANGLE,NOT DIVIDED,STRAIGHT AND LEVEL,SNOW OR SLUSH,NO DEFECTS,ON SCENE,INJURY AND / OR TOW DUE TO CRASH,"OVER $1,500",2025-03-05T18:27:00.000,FAILING TO YIELD RIGHT-OF-WAY,NOT APPLICABLE,3200,W,81ST ST,834,2,"REPORTED, NOT EVIDENT",1,0,0,0,1,1,0,18,4,3,41.7462605,-87.70235614,POINT (-87.702356136738 41.746260501592),35
251468d2e969c002260991f50c343b087384b8b649b34ae4f76d6663d8cfb420966afa01f793ca8398d04b566ba9ff92768142885773d3482929efe74c08489d,2025/3/5 18:10,30,NO CONTROLS,NO CONTROLS,CLOUDY/OVERCAST,"DARKNESS, LIGHTED ROAD",PEDESTRIAN,NOT DIVIDED,STRAIGHT AND LEVEL,WET,NO DEFECTS,ON SCENE,INJURY AND / OR TOW DUE TO CRASH,"OVER $1,500",2025-03-05T18:16:00.000,DRIVING SKILLS/KNOWLEDGE/EXPERIENCE,DRIVING SKILLS/KNOWLEDGE/EXPERIENCE,4520,S,KEDZIE AVE,821,2,NONINCAPACITATING INJURY,1,0,0,1,0,1,0,18,4,3,41.81105689,-87.70423481,POINT (-87.704234807192 41.811056888807),30
26dd75d4e212f58b44ba0b3dac661d9112274b37538ffbbf6619bf0cf86bae8cc7cffe318ceebd9d547fb53d437e0436df6ca5fb31747882db1133af151cfec3,2025/3/5 18:08,30,NO CONTROLS,NO CONTROLS,RAIN,DARKNESS,ANGLE,ALLEY,STRAIGHT AND LEVEL,WET,UNKNOWN,ON SCENE,NO INJURY / DRIVE AWAY,"OVER $1,500",2025-03-05T18:10:00.000,UNABLE TO DETERMINE,UNABLE TO DETERMINE,1533,W,JARVIS AVE,2423,2,NO INDICATION OF INJURY,0,0,0,0,0,2,0,18,4,3,42.01590167,-87.66944214,POINT (-87.669442135045 42.015901673999),30
94d688848cd28858555d1af4fcc1b7f71fb076b29ad35695de9d0c6f6b3f7dabfd118ff34ebaf2c5e948bf8edf3e999556d2a30ba6e46022d269e592bfb525fc,2025/3/5 18:05,25,STOP SIGN/FLASHER,FUNCTIONING PROPERLY,SNOW,"DARKNESS, LIGHTED ROAD",TURNING,DIVIDED - W/MEDIAN (NOT RAISED),STRAIGHT AND LEVEL,WET,NO DEFECTS,NOT ON SCENE (DESK REPORT),NO INJURY / DRIVE AWAY,"OVER $1,500",2025-03-05T19:40:00.000,UNABLE TO DETERMINE,UNABLE TO DETERMINE,2532,W,WILSON AVE,1911,2,NO INDICATION OF INJURY,0,0,0,0,0,2,0,18,4,3,41.9649349,-87.69260053,POINT (-87.692600533067 41.964934902271),25
a84a1e4f4be2ef0d65dcf944f310c983fdaea33928368c53a068798babde759ed8b161d62582e8fbf2d1ef8a922c9678ebc5bb24ad5f57eb8692ee1562a72136,2025/3/5 18:00,30,TRAFFIC SIGNAL,FUNCTIONING PROPERLY,RAIN,DAYLIGHT,PARKED MOTOR VEHICLE,FOUR WAY,STRAIGHT AND LEVEL,WET,NO DEFECTS,NOT ON SCENE (DESK REPORT),NO INJURY / DRIVE AWAY,"OVER $1,500",2025-03-05T19:00:00.000,DRIVING SKILLS/KNOWLEDGE/EXPERIENCE,NOT APPLICABLE,810,N,WOOD ST,1212,2,NO INDICATION OF INJURY,0,0,0,0,0,2,0,18,4,3,41.8963519,-87.67233662,POINT (-87.672336622375 41.896351904829),30
b51760c2e1d397b71b950098ab7a4d70f4054f7749edad715360f06bf2022a4ee3d43547725897a681137752214ca842afee7295ad03295cdb9e5736d8101ac5,2025/3/5 18:00,30,STOP SIGN/FLASHER,FUNCTIONING PROPERLY,CLEAR,"DARKNESS, LIGHTED ROAD",SIDESWIPE SAME DIRECTION,NOT DIVIDED,STRAIGHT AND LEVEL,WET,UNKNOWN,NOT ON SCENE (DESK REPORT),NO INJURY / DRIVE AWAY,"$501 - $1,500",2025-03-05T18:31:00.000,UNABLE TO DETERMINE,UNABLE TO DETERMINE,10300,S,DOTY AVE E,434,2,NO INDICATION OF INJURY,0,0,0,0,0,2,0,18,4,3,41.70784956,-87.58085427,POINT (-87.580854271249 41.70784955538),30
cae8dc762bd6f0b907ef68887b0184a17609ff76910c89637def602d987b20e0c6947d9f241a3105a9a0ff8811239673d2c53dbfa284f1afe17fbed51ecf258c,2025/3/5 17:50,30,NO CONTROLS,NO CONTROLS,RAIN,"DARKNESS, LIGHTED ROAD",PARKED MOTOR VEHICLE,ONE-WAY,STRAIGHT AND LEVEL,WET,NO DEFECTS,ON SCENE,INJURY AND / OR TOW DUE TO CRASH,"$501 - $1,500",2025-03-05T17:51:00.000,WEATHER,DRIVING SKILLS/KNOWLEDGE/EXPERIENCE,2745,S,KARLOV AVE,1031,2,NO INDICATION OF INJURY,0,0,0,0,0,1,0,17,4,3,41.8410295,-87.72674876,POINT (-87.726748755581 41.841029499033),30
d94d5ec1ff80f06afbf03eb2c841949298245a9efcad200ea98e64da0319dd68894e8a1fc8af8ca20f72496e198963bd5ee5ad0530844e9ad15cda2917e03bc2,2025/3/5 17:50,30,NO CONTROLS,NO CONTROLS,RAIN,DAWN,PARKED MOTOR VEHICLE,DIVIDED - W/MEDIAN (NOT RAISED),STRAIGHT AND LEVEL,WET,NO DEFECTS,NOT ON SCENE (DESK REPORT),NO INJURY / DRIVE AWAY,"$501 - $1,500",2025-03-05T18:17:00.000,UNABLE TO DETERMINE,NOT APPLICABLE,30,N,LA SALLE ST,122,2,NO INDICATION OF INJURY,0,0,0,0,0,1,0,17,4,3,41.88269467,-87.63253143,POINT (-87.632531426661 41.882694668611),30
54b3f5a48650ad0f87fb7880a459ba4f384a6528d83571502fdb0906e0407dd891a1160c50e71db8d19004324227cc258eb321968799855ff1091e827841b053,2025/3/5 17:49,30,UNKNOWN,UNKNOWN,RAIN,"DARKNESS, LIGHTED ROAD",TURNING,FOUR WAY,STRAIGHT AND LEVEL,WET,UNKNOWN,ON SCENE,NO INJURY / DRIVE AWAY,"OVER $1,500",2025-03-05T17:50:00.000,IMPROPER LANE USAGE,NOT APPLICABLE,1501,W,NORTH AVE,1433,2,NO INDICATION OF INJURY,0,0,0,0,0,2,0,17,4,3,41.91055465,-87.66521232,POINT (-87.665212316888 41.910554645603),30
008699ce4b9a86c15c4556486a15566cfd2e1e00101945c4d4cfd2175c2fbc041d96bb8bc74ffc50470def63f71f47058e1c16c64af607726e246afd49eff74b,2025/3/5 17:45,30,NO CONTROLS,NO CONTROLS,CLEAR,DAWN,SIDESWIPE SAME DIRECTION,NOT DIVIDED,STRAIGHT AND LEVEL,DRY,NO DEFECTS,NOT ON SCENE (DESK REPORT),NO INJURY / DRIVE AWAY,"OVER $1,500",2025-03-05T21:52:00.000,IMPROPER OVERTAKING/PASSING,NOT APPLICABLE,239,S,DAMEN AVE,1225,2,NO INDICATION OF INJURY,0,0,0,0,0,5,0,17,4,3,41.87754404,-87.67640051,POINT (-87.676400512064 41.877544040584),30
1f1f4ea418d024eab2710064244e436eecbfbb9fe6c0da1a23effc55e2320409b9479ca5873343f98f81591d34713908af43a105ac0afa589190940b54da9dc3,2025/3/5 17:45,30,NO CONTROLS,NO CONTROLS,CLEAR,DAYLIGHT,PARKED MOTOR VEHICLE,NOT DIVIDED,STRAIGHT AND LEVEL,DRY,NO DEFECTS,NOT ON SCENE (DESK REPORT),NO INJURY / DRIVE AWAY,"$501 - $1,500",2025-03-06T15:54:00.000,NOT APPLICABLE,NOT APPLICABLE,233,W,CERMAK RD,914,2,NO INDICATION OF INJURY,0,0,0,0,0,1,0,17,4,3,41.85272374,-87.63333625,POINT (-87.633336250257 41.85272374064),30
27d546ad6e540e05fc0b903aed46ce9d3dba8729220aa6a98f9e58f0cce1297be8cbc638065fcd71bcb56f1e42ddb310c73a9f5533a23b65774cd5512b46cbf0,2025/3/5 17:45,30,STOP SIGN/FLASHER,UNKNOWN,UNKNOWN,UNKNOWN,PEDESTRIAN,UNKNOWN INTERSECTION TYPE,STRAIGHT AND LEVEL,UNKNOWN,UNKNOWN,NOT ON SCENE (DESK REPORT),NO INJURY / DRIVE AWAY,"OVER $1,500",2025-03-05T18:50:00.000,UNABLE TO DETERMINE,UNABLE TO DETERMINE,1200,W,CORNELIA AVE,1924,2,NO INDICATION OF INJURY,0,0,0,0,0,2,0,17,4,3,41.94542584,-87.65924229,POINT (-87.659242285635 41.945425836403),30
3667d4ddd3fb4865bc84dab9062d44b0c87757494b9276596b6c4539983dc37f8f0508c19ccf642d9f5db230e11b5ca526bdfac0e5f786548de303b2086fd8fe,2025/3/5 17:45,30,UNKNOWN,UNKNOWN,UNKNOWN,"DARKNESS, LIGHTED ROAD",SIDESWIPE SAME DIRECTION,NOT DIVIDED,STRAIGHT AND LEVEL,UNKNOWN,UNKNOWN,NOT ON SCENE (DESK REPORT),NO INJURY / DRIVE AWAY,"OVER $1,500",2025-03-05T19:33:00.000,UNABLE TO DETERMINE,UNABLE TO DETERMINE,847,S,WABASH AVE,123,2,NO INDICATION OF INJURY,0,0,0,0,0,2,0,17,4,3,41.87123547,-87.62577695,POINT (-87.625776948228 41.871235472414),30
af1dad862a0277fcf488f8091866ecc1b956a2ad55dd56c4b15593df3f30b98b39fac796e47b0a33d81180cd35797afcc79363f34cabeb4236f81a51f4e226d5,2025/3/5 17:45,25,NO CONTROLS,NO CONTROLS,RAIN,"DARKNESS, LIGHTED ROAD",TURNING,NOT DIVIDED,STRAIGHT AND LEVEL,WET,UNKNOWN,NOT ON SCENE (DESK REPORT),NO INJURY / DRIVE AWAY,"OVER $1,500",2025-03-05T18:00:00.000,UNABLE TO DETERMINE,UNABLE TO DETERMINE,7900,S,BISHOP ST,612,2,NO INDICATION OF INJURY,0,0,0,0,0,3,0,17,4,3,41.75038641,-87.65994735,POINT (-87.65994735167 41.750386408346),25
2c5220e8b73313accd21e72fde686dcae0d2f1b922e326e43da1e9bd79eda24665c0e9d7394a6d99a5763195ded348596a515e5c15fe62a13e682459e164cef1,2025/3/5 17:30,35,NO CONTROLS,NO CONTROLS,RAIN,"DARKNESS, LIGHTED ROAD",SIDESWIPE SAME DIRECTION,DIVIDED - W/MEDIAN (NOT RAISED),STRAIGHT AND LEVEL,WET,NO DEFECTS,NOT ON SCENE (DESK REPORT),NO INJURY / DRIVE AWAY,"OVER $1,500",2025-03-05T18:10:00.000,FAILING TO YIELD RIGHT-OF-WAY,FAILING TO YIELD RIGHT-OF-WAY,7700,S,COTTAGE GROVE AVE,624,2,NO INDICATION OF INJURY,0,0,0,0,0,2,0,17,4,3,41.75483813,-87.60543975,POINT (-87.60543974949 41.754838134157),35