crash_record_id,crash_date,posted_speed_limit,traffic_control_device,device_condition,weather_condition,lighting_condition,first_crash_type,trafficway_type,alignment,roadway_surface_cond,road_defect,report_type,crash_type,damage,date_police_notified,prim_contributory_cause,sec_contributory_cause,street_no,street_direction,street_name,beat_of_occurrence,num_units,most_severe_injury,injuries_total,injuries_fatal,injuries_incapacitating,injuries_non_incapacitating,injuries_reported_not_evident,injuries_no_indication,injuries_unknown,crash_hour,crash_day_of_week,crash_month,latitude,longitude,location,speed_limit
d839121569ecc2eb353ad42d55d61500c96a561a41ff469e4d62dc7696ccfce5366e699c21deff3550f8b7bd695b822207bf3b642328ca88d1ef0bfe13575ee6,2025/3/5 17:30,30,TRAFFIC SIGNAL,FUNCTIONING PROPERLY,RAIN,DAYLIGHT,SIDESWIPE SAME DIRECTION,DIVIDED - W/MEDIAN (NOT RAISED),STRAIGHT AND LEVEL,WET,NO DEFECTS,NOT ON SCENE (DESK REPORT),NO INJURY / DRIVE AWAY,$500 OR LESS,2025-03-05T18:45:00.000,IMPROPER OVERTAKING/PASSING,NOT APPLICABLE,2000,W,WASHINGTON BLVD,1223,2,NO INDICATION OF INJURY,0,0,0,0,0,4,0,17,4,3,41.88325493,-87.67681517,POINT (-87.676815165876 41.883254927762),30
e8a88da100a373fafc8c2ab4264cb76896b842753d2d51f5b20dbd0e88d994bc6fadfb671d3a67c91541b23a60783c657f0de3b5b9bfb8c56b67b0c9689dbea7,2025/3/5 17:30,35,TRAFFIC SIGNAL,FUNCTIONING PROPERLY,SNOW,"DARKNESS, LIGHTED ROAD",SIDESWIPE SAME DIRECTION,NOT DIVIDED,STRAIGHT AND LEVEL,WET,NO DEFECTS,ON SCENE,NO INJURY / DRIVE AWAY,"OVER $1,500",2025-03-05T17:34:00.000,UNABLE TO DETERMINE,UNABLE TO DETERMINE,11498,S,PULASKI RD,2211,2,NO INDICATION OF INJURY,0,0,0,0,0,6,0,17,4,3,41.68405565,-87.72021417,POINT (-87.720214174402 41.684055648229),35
93aa621d19d0b00225ecaba6054a611b4dd6569901633fa8b8199c857849769abfc83fc70400b3cbf589eec97ac77fd198244de495bc4a25890727351480f02e,2025/3/5 17:25,30,NO CONTROLS,NO CONTROLS,CLEAR,DAYLIGHT,SIDESWIPE SAME DIRECTION,NOT DIVIDED,STRAIGHT AND LEVEL,DRY,NO DEFECTS,NOT ON SCENE (DESK REPORT),NO INJURY / DRIVE AWAY,"$501 - $1,500",2025-03-05T17:55:00.000,IMPROPER OVERTAKING/PASSING,IMPROPER OVERTAKING/PASSING,6000,N,NAGLE AVE,1611,2,NO INDICATION OF INJURY,0,0,0,0,0,2,0,17,4,3,41.9902249,-87.78774649,POINT (-87.787746494503 41.990224904832),30
5eaeaf73936bde36f3f4aecb562f68a5b249b4d665b8e459a015712dbb8e9f77b78484f78b850ac8702fd159e6c1a40001d8acc70a39908341cd0c54e0aa30d7,2025/3/5 17:22,25,NO CONTROLS,NO CONTROLS,RAIN,"DARKNESS, LIGHTED ROAD",ANGLE,NOT DIVIDED,STRAIGHT AND LEVEL,WET,NO DEFECTS,ON SCENE,NO INJURY / DRIVE AWAY,"OVER $1,500",2025-03-05T17:23:00.000,UNABLE TO DETERMINE,UNABLE TO DETERMINE,2415,N,KOSTNER AVE,2524,2,NO INDICATION OF INJURY,0,0,0,0,0,2,0,17,4,3,41.92487179,-87.73645321,POINT (-87.736453211102 41.924871793876),25
be0dbbd1b1e52fc6cabd6314d9e415dcd21d9ea906354f5e7bd52c16f19197263dfee64e521d5148438a5b40a444f1cca016b25080ae3f9523c7cea1867510fb,2025/3/5 17:18,30,NO CONTROLS,NO CONTROLS,RAIN,DUSK,REAR END,NOT DIVIDED,STRAIGHT AND LEVEL,WET,NO DEFECTS,ON SCENE,NO INJURY / DRIVE AWAY,"OVER $1,500",2025-03-05T17:19:00.000,UNABLE TO DETERMINE,NOT APPLICABLE,5420,S,HALSTED ST,934,2,NO INDICATION OF INJURY,0,0,0,0,0,2,0,17,4,3,41.79536226,-87.64533319,POINT (-87.645333193196 41.79536225678),30
034954dfe4b2c8e8e0186e1c87956f160b6b2051a7a276900f6edeed4916cf389054646fa150c7b13915f0933b42232726551b1743f01b32814990b454bbbc33,2025/3/5 17:10,30,NO CONTROLS,NO CONTROLS,SNOW,DUSK,TURNING,NOT DIVIDED,STRAIGHT AND LEVEL,SNOW OR SLUSH,NO DEFECTS,ON SCENE,INJURY AND / OR TOW DUE TO CRASH,"OVER $1,500",2025-03-05T17:12:00.000,IMPROPER TURNING/NO SIGNAL,NOT APPLICABLE,3141,N,WESTERN AVE,1931,2,NO INDICATION OF INJURY,0,0,0,0,0,2,0,17,4,3,41.93885253,-87.6877556,POINT (-87.687755604699 41.938852527594),30
6003970926a0b863cbc3fada45b491ce607597863088e356ed96c11136a07290348a792432df5ce02ffc69512e3b07dd6bc79c128779ab89513476f0a59513df,2025/3/5 17:10,30,TRAFFIC SIGNAL,FUNCTIONING PROPERLY,SNOW,DAYLIGHT,REAR TO FRONT,CENTER TURN LANE,STRAIGHT AND LEVEL,SNOW OR SLUSH,UNKNOWN,ON SCENE,INJURY AND / OR TOW DUE TO CRASH,"OVER $1,500",2025-03-05T17:17:00.000,FOLLOWING TOO CLOSELY,WEATHER,3750,W,MADISON ST,1122,2,NO INDICATION OF INJURY,0,0,0,0,0,2,0,17,4,3,41.88091398,-87.71967407,POINT (-87.719674074666 41.880913982762),30
8340274de596b34633cee8b6e4be904dc017acae2a6a252ac2e6d6f074272b731ff328f29a4895c7c7f20d62e03955b8e0734a8fb6453662de39eedebee94d68,2025/3/5 17:10,30,NO CONTROLS,NO CONTROLS,CLEAR,DAWN,TURNING,NOT DIVIDED,STRAIGHT AND LEVEL,WET,NO DEFECTS,NOT ON SCENE (DESK REPORT),NO INJURY / DRIVE AWAY,"OVER $1,500",2025-03-05T17:45:00.000,IMPROPER TURNING/NO SIGNAL,NOT APPLICABLE,3100,W,36TH ST,911,2,NO INDICATION OF INJURY,0,0,0,0,0,2,0,17,4,3,41.82823286,-87.70223137,POINT (-87.702231370344 41.828232855116),30
d38eb73a047b52f9ca530afbaaa7b2c664efb64bfaca88719145ae8ad5f399aeb8ac88df02a9545dd6be39f2bc43565d43048a41bb3278afbb875365a271547c,2025/3/5 17:10,30,NO CONTROLS,NO CONTROLS,RAIN,DUSK,SIDESWIPE SAME DIRECTION,NOT DIVIDED,STRAIGHT AND LEVEL,WET,UNKNOWN,NOT ON SCENE (DESK REPORT),NO INJURY / DRIVE AWAY,"OVER $1,500",2025-03-05T17:30:00.000,FAILING TO YIELD RIGHT-OF-WAY,UNABLE TO DETERMINE,1970,W,OGDEN AVE,1225,2,NO INDICATION OF INJURY,0,0,0,0,0,2,0,17,4,3,41.87331842,-87.67594756,POINT (-87.675947561681 41.873318424597),30
e85711bc506c0b45d0c2abea4c37051041931b1c736c7fd51781b42946cfa53e7dc2e29c283a11885ce91b910a04e76fbab074b177e4c122a11591e7dbe948b0,2025/3/5 17:10,30,NO CONTROLS,NO CONTROLS,RAIN,DAYLIGHT,SIDESWIPE SAME DIRECTION,NOT DIVIDED,STRAIGHT AND LEVEL,WET,NO DEFECTS,NOT ON SCENE (DESK REPORT),NO INJURY / DRIVE AWAY,"OVER $1,500",2025-03-05T18:08:00.000,IMPROPER LANE USAGE,NOT APPLICABLE,4000,S,CICERO AVE,1031,2,NO INDICATION OF INJURY,0,0,0,0,0,2,0,17,4,3,41.82056577,-87.7436532,POINT (-87.743653198213 41.820565772976),30
3ca6e72abdd4c8a61a5f37c4ca5d86dc320f5d048a593e0d893b1884521c224846aa2672da3c6c5af3cf25301233a20c66f541541f5c062fd6e4aa3a74b6905a,2025/3/5 17:00,30,UNKNOWN,UNKNOWN,UNKNOWN,UNKNOWN,REAR END,UNKNOWN,STRAIGHT AND LEVEL,UNKNOWN,UNKNOWN,NOT ON SCENE (DESK REPORT),NO INJURY / DRIVE AWAY,"OVER $1,500",2025-03-05T17:45:00.000,UNABLE TO DETERMINE,NOT APPLICABLE,7601,W,DEVON AVE,1612,2,NO INDICATION OF INJURY,0,0,0,0,0,2,0,17,4,3,41.99686424,-87.8168047,POINT (-87.816804702586 41.996864240621),30
bf77d1b32680c1ac6069a17336d9010439cca70939f85efaddedc56ca054ee9ab605e70c83be78b4f446f336b604b35eca6bc02c39d673746394c65ef3736147,2025/3/5 17:00,25,TRAFFIC SIGNAL,FUNCTIONING PROPERLY,RAIN,DAYLIGHT,REAR END,NOT DIVIDED,STRAIGHT AND LEVEL,WET,NO DEFECTS,NOT ON SCENE (DESK REPORT),NO INJURY / DRIVE AWAY,"OVER $1,500",2025-03-05T17:30:00.000,FOLLOWING TOO CLOSELY,FOLLOWING TOO CLOSELY,5424,S,STATE ST,225,2,NO INDICATION OF INJURY,0,0,0,0,0,3,0,17,4,3,41.79569877,-87.62587492,POINT (-87.625874920779 41.795698774732),25
1a24ac3c55543e49dc564604effd48c6365a61ce6d13f06fd0a12dcd2ffb5c67b78129f5b766170524ead040445bfd412946aad5ffd2e97f28f3ca2fc5bbadca,2025/3/5 16:59,15,NO CONTROLS,NO CONTROLS,SNOW,DAYLIGHT,REAR TO FRONT,PARKING LOT,STRAIGHT AND LEVEL,WET,UNKNOWN,NOT ON SCENE (DESK REPORT),NO INJURY / DRIVE AWAY,"OVER $1,500",2025-03-05T17:30:00.000,DRIVING SKILLS/KNOWLEDGE/EXPERIENCE,NOT APPLICABLE,7104,S,CALIFORNIA AVE,831,2,NO INDICATION OF INJURY,0,0,0,0,0,3,0,16,4,3,41.76433213,-87.69317103,POINT (-87.693171031427 41.764332128451),15
358cf4aa43a9ba261f32cc1b7ac895c99a62fd1ea018a04e6992a2cf14be5d41dd7f6403963df7531f60067ba05fa85e51496d13fa3a5674b67475ab11e52f0c,2025/3/5 16:59,30,NO CONTROLS,NO CONTROLS,RAIN,DAYLIGHT,REAR END,ONE-WAY,STRAIGHT AND LEVEL,WET,NO DEFECTS,NOT ON SCENE (DESK REPORT),NO INJURY / DRIVE AWAY,"$501 - $1,500",2025-03-05T18:28:00.000,FOLLOWING TOO CLOSELY,UNABLE TO DETERMINE,5230,S,LAKE SHORE DR SB,234,2,NO INDICATION OF INJURY,0,0,0,0,0,2,0,16,4,3,41.80063785,-87.58171917,POINT (-87.581719165113 41.800637847191),30
33bba72d86bc9e8e293a289a67e2acabc690c186291645ffd3ba2a20a3ca0dcf5f728385b96c696ae04fa7d099bc5d83fb60b8e8666d5a89c64c04b7e1c7710e,2025/3/5 16:54,10,STOP SIGN/FLASHER,FUNCTIONING PROPERLY,RAIN,DAYLIGHT,ANGLE,T-INTERSECTION,STRAIGHT AND LEVEL,WET,UNKNOWN,ON SCENE,INJURY AND / OR TOW DUE TO CRASH,"OVER $1,500",2025-03-05T16:54:00.000,FAILING TO YIELD RIGHT-OF-WAY,"VISION OBSCURED (SIGNS, TREE LIMBS, BUILDINGS, ETC.)",6451,W,DIVERSEY AVE,2512,2,NONINCAPACITATING INJURY,1,0,0,1,0,1,0,16,4,3,41.93085132,-87.78775565,POINT (-87.787755654562 41.930851315188),10
980298eeb7f3e6b0f88aaf4591ea995a71f5ed00ffdee7157d0102e2e8ce5065b2e4091d145eabdf7fc9a7880faf349e4dc442d4d7f9bfedbf49a958db82b3ad,2025/3/5 16:50,30,STOP SIGN/FLASHER,OTHER,CLEAR,DAYLIGHT,ANGLE,FOUR WAY,STRAIGHT AND LEVEL,WET,NO DEFECTS,NOT ON SCENE (DESK REPORT),NO INJURY / DRIVE AWAY,$500 OR LESS,2025-03-05T18:00:00.000,FAILING TO YIELD RIGHT-OF-WAY,UNABLE TO DETERMINE,6898,S,HONORE ST,726,2,NO INDICATION OF INJURY,0,0,0,0,0,5,0,16,4,3,41.76857406,-87.67013459,POINT (-87.670134594581 41.768574058248),30
f854d13b7c436119bd173bfb2522f71588b5944f9a0c74ec3a8863fa55150acee440444409fd5e72065cda4c5bce03cbfab121760863ccf4bf75cc65b163ff65,2025/3/5 16:50,30,UNKNOWN,UNKNOWN,UNKNOWN,UNKNOWN,REAR END,DIVIDED - W/MEDIAN (NOT RAISED),STRAIGHT AND LEVEL,UNKNOWN,UNKNOWN,NOT ON SCENE (DESK REPORT),NO INJURY / DRIVE AWAY,"$501 - $1,500",2025-03-05T18:45:00.000,UNABLE TO DETERMINE,NOT APPLICABLE,6345,N,CLARK ST,2433,2,NO INDICATION OF INJURY,0,0,0,0,0,2,0,16,4,3,41.99758671,-87.67031093,POINT (-87.670310925196 41.997586711061),30
3a29ba9144765922f062c025e44f0750de67d6f31ff93941fd17e7ce3374fd7de43055361d6900681cc0957dad965c14c488231aa7bd14da50744f6c3d82eaba,2025/3/5 16:49,25,NO CONTROLS,NO CONTROLS,RAIN,DAYLIGHT,PARKED MOTOR VEHICLE,ONE-WAY,STRAIGHT AND LEVEL,WET,NO DEFECTS,ON SCENE,NO INJURY / DRIVE AWAY,"OVER $1,500",2025-03-05T17:00:00.000,UNABLE TO DETERMINE,NOT APPLICABLE,5533,S,CLAREMONT AVE,824,2,NO INDICATION OF INJURY,0,0,0,0,0,1,0,16,4,3,41.79242103,-87.68210759,POINT (-87.68210759196 41.792421028246),25
3a18ab5b4261598f2f50f68ec6fb017fc8c590b0b33b534993804c5fedbbbaf60ebf65015fc84a1b8e14acf2c5e9bea867beff8c4c8a49a70924b71c4444b951,2025/3/5 16:47,35,TRAFFIC SIGNAL,FUNCTIONING PROPERLY,RAIN,DAYLIGHT,TURNING,NOT DIVIDED,STRAIGHT AND LEVEL,WET,UNKNOWN,ON SCENE,INJURY AND / OR TOW DUE TO CRASH,"OVER $1,500",2025-03-05T16:47:00.000,FAILING TO REDUCE SPEED TO AVOID CRASH,NOT APPLICABLE,3101,S,ASHLAND AVE,913,2,NO INDICATION OF INJURY,0,0,0,0,0,3,0,16,4,3,41.83762564,-87.66559365,POINT (-87.665593649536 41.837625635387),35
b1cb1fa73e56dd279efab4b8ab5b2e2e398c971782d4847a04bddbf501b1f812aa3a32ece363a6c75c2d9b69d2cef7465cfc68a12f49060380f02c6eceb1dfd4,2025/3/5 16:45,30,TRAFFIC SIGNAL,UNKNOWN,UNKNOWN,DAYLIGHT,PARKED MOTOR VEHICLE,ONE-WAY,STRAIGHT AND LEVEL,UNKNOWN,UNKNOWN,NOT ON SCENE (DESK REPORT),NO INJURY / DRIVE AWAY,"$501 - $1,500",2025-03-05T20:25:00.000,UNABLE TO DETERMINE,UNABLE TO DETERMINE,101,S,JEFFERSON ST,121,2,NO INDICATION OF INJURY,0,0,0,0,0,2,0,16,4,3,41.88048704,-87.64246908,POINT (-87.642469075088 41.880487043402),30
2a148b7c73d2905cdd95fa102f8cd46e9b1c6c0446dad2f6d3926c6c1b70b8f188fd917088ff9ba626c27368d050a0b708a8b7668c1fa8f63f332ec80c4d2ddf,2025/3/5 16:43,30,NO CONTROLS,NO CONTROLS,RAIN,"DARKNESS, LIGHTED ROAD",REAR END,NOT DIVIDED,STRAIGHT AND LEVEL,WET,NO DEFECTS,ON SCENE,NO INJURY / DRIVE AWAY,"OVER $1,500",2025-03-05T16:43:00.000,UNABLE TO DETERMINE,UNABLE TO DETERMINE,5733,S,KEDZIE AVE,824,2,NO INDICATION OF INJURY,0,0,0,0,0,2,0,16,4,3,41.78889143,-87.70327959,POINT (-87.703279592166 41.788891434222),30
b9a586f2d4d09847b4a7981b7161c9cebacc64ceadf9ac06de3839db878a0d0b76bdb96dcbf5509967d0a7da8b3c2130c2cd78cf07c37fd5a0baee2efc6342e2,2025/3/5 16:43,25,NO CONTROLS,NO CONTROLS,RAIN,DAYLIGHT,TURNING,ONE-WAY,STRAIGHT AND LEVEL,WET,NO DEFECTS,ON SCENE,NO INJURY / DRIVE AWAY,"OVER $1,500",2025-03-05T16:48:00.000,FAILING TO REDUCE SPEED TO AVOID CRASH,UNABLE TO DETERMINE,6344,N,MOBILE AVE,1611,2,NO INDICATION OF INJURY,0,0,0,0,0,2,0,16,4,3,41.99628124,-87.78546002,POINT (-87.785460017543 41.996281239519),25
4064cdb62e71a29632d4db56d8e629ac8434f50d16a393aa44cb575a50fc1522d9e7620a06f27f92919edb091d76e6386c6992d9a3a9b5808d658db5afdddd88,2025/3/5 16:35,30,NO CONTROLS,NO CONTROLS,CLEAR,DAYLIGHT,REAR END,DIVIDED - W/MEDIAN (NOT RAISED),STRAIGHT AND LEVEL,DRY,UNKNOWN,NOT ON SCENE (DESK REPORT),INJURY AND / OR TOW DUE TO CRASH,"OVER $1,500",2025-03-05T18:00:00.000,FAILING TO REDUCE SPEED TO AVOID CRASH,FAILING TO REDUCE SPEED TO AVOID CRASH,716,N,LARAMIE AVE,1524,2,"REPORTED, NOT EVIDENT",1,0,0,0,1,1,0,16,4,3,41.89354334,-87.75569411,POINT (-87.755694110683 41.893543338369),30
2cd92c930552b9138ecd8849771c0aafebb88a62382f708661d3fb7e9a0526f9457b68d5ba1adb3f3ee1bce1f837ac6b39163aff5200d8bd8a674d7429366054,2025/3/5 16:34,25,NO CONTROLS,NO CONTROLS,RAIN,DUSK,PARKED MOTOR VEHICLE,ONE-WAY,STRAIGHT AND LEVEL,WET,NO DEFECTS,ON SCENE,NO INJURY / DRIVE AWAY,"OVER $1,500",2025-03-05T16:34:00.000,NOT APPLICABLE,UNABLE TO DETERMINE,4911,N,LEAVITT ST,2032,2,NO INDICATION OF INJURY,0,0,0,0,0,1,0,16,4,3,41.97087985,-87.68396903,POINT (-87.683969027301 41.970879848088),25
075e88c44990450548dca5bfd52c2b42de55a2e95680d48aa9b70900fbe5420f02d5728d89034d13a9a0c4c15d9f536c95139a1976aaf76ad60484e664dba4ab,2025/3/5 16:30,30,STOP SIGN/FLASHER,NO CONTROLS,RAIN,UNKNOWN,ANGLE,T-INTERSECTION,STRAIGHT AND LEVEL,WET,UNKNOWN,ON SCENE,NO INJURY / DRIVE AWAY,"OVER $1,500",2025-03-05T17:00:00.000,UNABLE TO DETERMINE,UNABLE TO DETERMINE,2800,E,81ST ST,422,2,NO INDICATION OF INJURY,0,0,0,0,0,2,0,16,4,3,41.74833506,-87.55641201,POINT (-87.556412013649 41.748335057456),30
3990a05c69c01f8e18babef94360a4ecb8163a1b520970ba1fb262a9a83d9acd981d0b68fb0f3511235b4276b89910336a11550bf33d882eca95dde415edb373,2025/3/5 16:30,30,TRAFFIC SIGNAL,FUNCTIONING PROPERLY,FREEZING RAIN/DRIZZLE,DAYLIGHT,TURNING,FOUR WAY,STRAIGHT AND LEVEL,WET,UNKNOWN,ON SCENE,NO INJURY / DRIVE AWAY,"$501 - $1,500",2025-03-05T16:31:00.000,DRIVING SKILLS/KNOWLEDGE/EXPERIENCE,NOT APPLICABLE,6300,S,ASHLAND AVE,725,2,NO INDICATION OF INJURY,0,0,0,0,0,2,0,16,4,3,41.77937222,-87.66436535,POINT (-87.664365347416 41.779372220485),30
4285cbdbf63c151f1fcb347c5b8d36c50135db636019c394a204d986b6785fa03357188b68cc300aa64f5f4b6ff0c80c7002903a2384b403a6a1a5b255b1ee55,2025/3/5 16:30,30,NO CONTROLS,NO CONTROLS,SNOW,DUSK,SIDESWIPE SAME DIRECTION,DIVIDED - W/MEDIAN (NOT RAISED),STRAIGHT AND LEVEL,WET,NO DEFECTS,ON SCENE,NO INJURY / DRIVE AWAY,"OVER $1,500",2025-03-05T16:35:00.000,UNABLE TO DETERMINE,UNABLE TO DETERMINE,11104,S,HALSTED ST,2233,2,NO INDICATION OF INJURY,0,0,0,0,0,2,0,16,4,3,41.69215013,-87.64251995,POINT (-87.642519952066 41.692150133599),30
153c738d6729f48a6e56fd0744702155bb5cdfdf68212dd39cc456b0a6da3578331fa7b0d211b019dafef924a2ac45738e588c539ae4af1e7a6808cb908bcc2c,2025/3/5 16:28,30,STOP SIGN/FLASHER,FUNCTIONING PROPERLY,SNOW,DAYLIGHT,ANGLE,FOUR WAY,STRAIGHT AND LEVEL,SNOW OR SLUSH,NO DEFECTS,ON SCENE,INJURY AND / OR TOW DUE TO CRASH,"OVER $1,500",2025-03-05T16:35:00.000,IMPROPER LANE USAGE,UNABLE TO DETERMINE,2500,N,CENTRAL AVE,2515,2,NO INDICATION OF INJURY,0,0,0,0,0,2,0,16,4,3,41.92589288,-87.76620483,POINT (-87.766204825838 41.925892880213),30
6088fa0fc5888f52f7460caa06b401b0969d93806114f3b63792abe1d765ea40cf6e6f4d9855ab011522ee4cf2155d1a44e3de7db6ed2b770e46df7d10551494,2025/3/5 16:28,30,TRAFFIC SIGNAL,UNKNOWN,SNOW,DAYLIGHT,TURNING,FOUR WAY,STRAIGHT AND LEVEL,SNOW OR SLUSH,UNKNOWN,ON SCENE,NO INJURY / DRIVE AWAY,"OVER $1,500",2025-03-05T16:30:00.000,IMPROPER TURNING/NO SIGNAL,IMPROPER TURNING/NO SIGNAL,1590,W,HARRISON ST,1231,2,NO INDICATION OF INJURY,0,0,0,0,0,2,0,16,4,3,41.87431186,-87.66648367,POINT (-87.666483671868 41.874311858635),30
18a69656f0ef5ed73db2aada3bd74db26c64f8018d8598ce475cb3d2f5630cf76bceed844bd6d5643fe46d9f0633cbaeef7ce73aee3df4b5ac1b5339da6deaac,2025/3/5 16:25,30,NO CONTROLS,NO CONTROLS,RAIN,DAYLIGHT,REAR END,NOT DIVIDED,STRAIGHT AND LEVEL,WET,UNKNOWN,NOT ON SCENE (DESK REPORT),NO INJURY / DRIVE AWAY,"OVER $1,500",2025-03-05T20:12:00.000,UNABLE TO DETERMINE,UNABLE TO DETERMINE,3817,W,CHICAGO AVE,1112,2,NO INDICATION OF INJURY,0,0,0,0,0,2,0,16,4,3,41.89529539,-87.72198275,POINT (-87.721982753353 41.89529538552),30
ac0a9fbc8a5a1fdf76f90a395ce42e78c723369e67d4f7a669ffbe4b0b49dae9b4ef57823570324fc05d3d712ded008b8ad7a4b65c6f7870419b4ad13ffe8d3c,2025/3/5 16:25,30,STOP SIGN/FLASHER,FUNCTIONING PROPERLY,SNOW,DAYLIGHT,ANGLE,NOT DIVIDED,STRAIGHT AND LEVEL,WET,NO DEFECTS,ON SCENE,NO INJURY / DRIVE AWAY,"OVER $1,500",2025-03-05T16:25:00.000,FAILING TO YIELD RIGHT-OF-WAY,FAILING TO YIELD RIGHT-OF-WAY,535,E,OAKWOOD BLVD,214,2,NO INDICATION OF INJURY,0,0,0,0,0,2,0,16,4,3,41.82257046,-87.61296023,POINT (-87.612960229236 41.822570460319),30
e8b5a522b398e91c22ca3f2c233e6c0fd1186ba86760a3c9d042b7d1c7f0424d6717bd6349a22b116c5827f9e154426f57add9b132caa3881e18ff212a106421,2025/3/5 16:20,30,NO CONTROLS,NO CONTROLS,UNKNOWN,UNKNOWN,SIDESWIPE SAME DIRECTION,DIVIDED - W/MEDIAN (NOT RAISED),STRAIGHT AND LEVEL,UNKNOWN,UNKNOWN,NOT ON SCENE (DESK REPORT),NO INJURY / DRIVE AWAY,"$501 - $1,500",2025-03-05T17:00:00.000,UNABLE TO DETERMINE,UNABLE TO DETERMINE,5256,N,PULASKI RD,1712,2,NO INDICATION OF INJURY,0,0,0,0,0,2,0,16,4,3,41.97720496,-87.7284262,POINT (-87.728426202724 41.977204961015),30
bf66e16d76d344bf61fded99d5f7031940107a5c08d13d8ca5476004cedc14ae615271938f691ecb46d3aeb774a585ad99b9d8cc9bd3d95ba8a9c2a17b357705,2025/3/5 16:16,30,NO CONTROLS,NO CONTROLS,RAIN,DAYLIGHT,SIDESWIPE SAME DIRECTION,NOT DIVIDED,STRAIGHT AND LEVEL,WET,NO DEFECTS,ON SCENE,NO INJURY / DRIVE AWAY,"OVER $1,500",2025-03-05T17:00:00.000,NOT APPLICABLE,NOT APPLICABLE,4118,S,HALSTED ST,925,2,NO INDICATION OF INJURY,0,0,0,0,0,2,0,16,4,3,41.81973003,-87.64596879,POINT (-87.645968794342 41.819730032162),30
8aa3ecd046ebb9679fe8362e6fa84760bd21a739c60fa20aa6f35155b125cfe4130174a840f338db2b719212d78d4ba6090fc6f0acb7cab6ec4a940da5b74655,2025/3/5 16:15,30,NO CONTROLS,NO CONTROLS,SLEET/HAIL,DAYLIGHT,SIDESWIPE SAME DIRECTION,DIVIDED - W/MEDIAN (NOT RAISED),STRAIGHT AND LEVEL,WET,NO DEFECTS,ON SCENE,INJURY AND / OR TOW DUE TO CRASH,"OVER $1,500",2025-03-05T16:18:00.000,WEATHER,WEATHER,10300,S,HOXIE AVE,434,2,"REPORTED, NOT EVIDENT",1,0,0,0,1,1,0,16,4,3,41.70806543,-87.56103172,POINT (-87.56103172423 41.708065431748),30
e38609bd9692f59720fec28bb9bacaf9b1db93ab0d6f5ea51bd77fdc25955779376cffedf3b857497f63c30c23a2c3169f10aa69e94b2159b24b833fb7092672,2025/3/5 16:15,30,STOP SIGN/FLASHER,FUNCTIONING PROPERLY,RAIN,DAYLIGHT,TURNING,T-INTERSECTION,STRAIGHT AND LEVEL,WET,NO DEFECTS,NOT ON SCENE (DESK REPORT),NO INJURY / DRIVE AWAY,"OVER $1,500",2025-03-05T17:00:00.000,UNABLE TO DETERMINE,NOT APPLICABLE,6295,N,CALDWELL AVE,1621,2,NO INDICATION OF INJURY,0,0,0,0,0,3,0,16,4,3,41.99582584,-87.76326571,POINT (-87.763265710767 41.995825839477),30
3726904dd6ccf3953590e11124ef2787df8a7aba7acf98d07a65cab54ee845f94d283047978327dc758e6fe970fc6ddf9e38de2e2e29b8fd6170008150d20229,2025/3/5 16:12,30,NO CONTROLS,NO CONTROLS,RAIN,DAYLIGHT,SIDESWIPE SAME DIRECTION,DIVIDED - W/MEDIAN (NOT RAISED),STRAIGHT AND LEVEL,WET,NO DEFECTS,ON SCENE,NO INJURY / DRIVE AWAY,$500 OR LESS,2025-03-05T16:23:00.000,UNABLE TO DETERMINE,UNABLE TO DETERMINE,6328,W,NORTH AVE,2513,2,NO INDICATION OF INJURY,0,0,0,0,0,3,0,16,4,3,41.90926202,-87.7845928,POINT (-87.784592803163 41.909262016664),30
cfb1bae4da5cf81a6b17da68fd7156acf207c920fed4b6aaf60e2d7e77112f5d4eec68032ea1c5ca7cbea968c79051cece7e5635ea42dc302956964007d3ee87,2025/3/5 16:07,20,NO CONTROLS,NO CONTROLS,RAIN,DAYLIGHT,PARKED MOTOR VEHICLE,ONE-WAY,STRAIGHT AND LEVEL,WET,NO DEFECTS,ON SCENE,NO INJURY / DRIVE AWAY,"$501 - $1,500",2025-03-05T16:14:00.000,DRIVING SKILLS/KNOWLEDGE/EXPERIENCE,NOT APPLICABLE,609,E,89TH ST,633,2,NO INDICATION OF INJURY,0,0,0,0,0,1,0,16,4,3,41.73282287,-87.60915598,POINT (-87.609155984737 41.732822873491),20
1fdd9023237b9a10984440b258aa6b3a851a7c54b97258508e133051e539a710be0397ca10813fa63d1a62718a0e94b8cf6e5be6d1846f8c666c86b601aed263,2025/3/5 16:00,10,NO CONTROLS,NO CONTROLS,CLEAR,DAYLIGHT,PARKED MOTOR VEHICLE,PARKING LOT,STRAIGHT AND LEVEL,DRY,NO DEFECTS,NOT ON SCENE (DESK REPORT),NO INJURY / DRIVE AWAY,"$501 - $1,500",2025-03-05T19:17:00.000,NOT APPLICABLE,NOT APPLICABLE,4201,S,ASHLAND AVE,924,2,NO INDICATION OF INJURY,0,0,0,0,0,3,0,16,4,3,41.81768373,-87.6650402,POINT (-87.665040200043 41.817683733038),10