crash_record_id,crash_date,posted_speed_limit,traffic_control_device,device_condition,weather_condition,lighting_condition,first_crash_type,trafficway_type,alignment,roadway_surface_cond,road_defect,report_type,crash_type,damage,date_police_notified,prim_contributory_cause,sec_contributory_cause,street_no,street_direction,street_name,beat_of_occurrence,num_units,most_severe_injury,injuries_total,injuries_fatal,injuries_incapacitating,injuries_non_incapacitating,injuries_reported_not_evident,injuries_no_indication,injuries_unknown,crash_hour,crash_day_of_week,crash_month,latitude,longitude,location,speed_limit
dcb58ba3d7ff9962d311375248c260b57eb6996d7ab1aafb033956727debb7df36f6ac74369b82c6daf09d92bf4607a5e2f633dda15e528cf45b5d846a5ca0e8,2025/3/5 16:00,30,STOP SIGN/FLASHER,FUNCTIONING PROPERLY,FREEZING RAIN/DRIZZLE,DAYLIGHT,REAR END,DIVIDED - W/MEDIAN (NOT RAISED),STRAIGHT AND LEVEL,WET,NO DEFECTS,NOT ON SCENE (DESK REPORT),NO INJURY / DRIVE AWAY,"OVER $1,500",2025-03-05T16:30:00.000,UNABLE TO DETERMINE,UNABLE TO DETERMINE,5100,S,WESTERN BLVD,923,2,NO INDICATION OF INJURY,0,0,0,0,0,2,0,16,4,3,41.8010802,-87.68381821,POINT (-87.683818208889 41.801080203554),30
882be925873c9d22e64f45b0451dc51c69c7860add52e7abc474870256f15568e57fd58e21d53cc633a383a9eaedec5f3c7c0c2ea347362d2f6ff7a30b98ea3e,2025/3/5 15:53,30,TRAFFIC SIGNAL,FUNCTIONING PROPERLY,RAIN,"DARKNESS, LIGHTED ROAD",REAR END,UNKNOWN,STRAIGHT AND LEVEL,WET,UNKNOWN,NOT ON SCENE (DESK REPORT),NO INJURY / DRIVE AWAY,"$501 - $1,500",2025-03-06T14:05:00.000,FOLLOWING TOO CLOSELY,WEATHER,4314,S,ARCHER AVE,922,2,NO INDICATION OF INJURY,0,0,0,0,0,2,0,15,4,3,41.81516028,-87.70273371,POINT (-87.702733711605 41.815160278271),30
457759a91e690fe691096326af10111d0d3bae3ea941ae103a8d96b8c9d3fa48b2a0a03d9dd5b0d09d43227801e79c9a22cf913a287cdd0798e7af0b9123834d,2025/3/5 15:45,30,NO CONTROLS,NO CONTROLS,FREEZING RAIN/DRIZZLE,DAYLIGHT,PARKED MOTOR VEHICLE,NOT DIVIDED,STRAIGHT AND LEVEL,WET,NO DEFECTS,ON SCENE,INJURY AND / OR TOW DUE TO CRASH,"OVER $1,500",2025-03-05T16:22:00.000,WEATHER,WEATHER,1451,S,UNION AVE,1232,2,"REPORTED, NOT EVIDENT",1,0,0,0,1,2,0,15,4,3,41.86213282,-87.64478282,POINT (-87.644782818456 41.862132820938),30
c30b55ad0ae95f4522b319750a040c982d495c7909576effa7ec191a7ea580c3e673fa17bd5ce566d26ffc2073c07d162511d1a6965245e617122093d03d3fc4,2025/3/5 15:45,30,TRAFFIC SIGNAL,FUNCTIONING PROPERLY,RAIN,DAYLIGHT,SIDESWIPE SAME DIRECTION,NOT DIVIDED,STRAIGHT AND LEVEL,WET,UNKNOWN,NOT ON SCENE (DESK REPORT),NO INJURY / DRIVE AWAY,"$501 - $1,500",2025-03-05T16:10:00.000,UNABLE TO DETERMINE,UNABLE TO DETERMINE,6170,N,LINCOLN AVE,1711,2,NO INDICATION OF INJURY,0,0,0,0,0,2,0,15,4,3,41.99424399,-87.71387598,POINT (-87.713875983236 41.994243988047),30
0509cfff31e9d36fe10b69625778efba3e0fea0d615b73b0ab2d319163dcec5895330f6091c3915b3baac1c80a2840f383df90be36a23a29576b16f74a81f65b,2025/3/5 15:40,30,NO CONTROLS,NO CONTROLS,RAIN,DAYLIGHT,REAR END,DIVIDED - W/MEDIAN (NOT RAISED),STRAIGHT AND LEVEL,WET,NO DEFECTS,NOT ON SCENE (DESK REPORT),NO INJURY / DRIVE AWAY,"OVER $1,500",2025-03-05T17:05:00.000,UNABLE TO DETERMINE,NOT APPLICABLE,1086,W,HARRISON ST,1232,2,NO INDICATION OF INJURY,0,0,0,0,0,2,0,15,4,3,41.87443215,-87.65437354,POINT (-87.654373542516 41.874432148725),30
fcc8cf72ed2e48d274eaeb14070436bf8cfa56081076c3190cec559d84400ecc2dd6892c852f4e447ec91a9f5449082707ddfabcdc6b810879bdc715a873432a,2025/3/5 15:40,30,UNKNOWN,UNKNOWN,RAIN,DAYLIGHT,SIDESWIPE SAME DIRECTION,DIVIDED - W/MEDIAN BARRIER,STRAIGHT AND LEVEL,WET,UNKNOWN,ON SCENE,NO INJURY / DRIVE AWAY,"OVER $1,500",2025-03-05T16:23:00.000,FOLLOWING TOO CLOSELY,UNABLE TO DETERMINE,125,W,IDA B WELLS DR,123,2,NO INDICATION OF INJURY,0,0,0,0,0,2,0,15,4,3,41.87548995,-87.63154369,POINT (-87.631543686419 41.875489945285),30
1fb7e30e506debd7decb3b8f2eb044458dd4571500f30fac34cbcc3636cf2404cde360193b71fcb82a79a8761a74685eae9ba640df46cd670cbd873d8e649935,2025/3/5 15:34,30,NO CONTROLS,NO CONTROLS,RAIN,DAYLIGHT,PEDESTRIAN,DIVIDED - W/MEDIAN (NOT RAISED),STRAIGHT AND LEVEL,WET,WORN SURFACE,ON SCENE,INJURY AND / OR TOW DUE TO CRASH,$500 OR LESS,2025-03-05T16:00:00.000,NOT APPLICABLE,UNABLE TO DETERMINE,715,W,MADISON ST,1232,2,NONINCAPACITATING INJURY,1,0,0,1,0,1,0,15,4,3,41.88168169,-87.64623175,POINT (-87.646231749588 41.881681692206),30
97311d164919b41ce39e5c6c82b184bbe68953208a1d91646d2edf7d93f4a655951b9c491df8eee6860d68d674a4b6f4384aa36529558a821a2d1b4f7a5a17ce,2025/3/5 15:32,30,TRAFFIC SIGNAL,FUNCTIONING PROPERLY,RAIN,DAYLIGHT,REAR END,DIVIDED - W/MEDIAN (NOT RAISED),STRAIGHT AND LEVEL,WET,NO DEFECTS,ON SCENE,INJURY AND / OR TOW DUE TO CRASH,"OVER $1,500",2025-03-05T15:33:00.000,FAILING TO REDUCE SPEED TO AVOID CRASH,NOT APPLICABLE,2854,W,CHICAGO AVE,1211,4,"REPORTED, NOT EVIDENT",1,0,0,0,1,3,0,15,4,3,41.89574842,-87.69894646,POINT (-87.698946463025 41.895748420948),30
077d124a8446cbd9b8c78755585e249ec41bc341b9303742c835d4a72f30b3a8fca1f08f8b4271f48fabe196bdc553ccaf759f1e239ae0db926a2a070fac23ac,2025/3/5 15:30,10,NO CONTROLS,NO CONTROLS,CLEAR,DAYLIGHT,PARKED MOTOR VEHICLE,PARKING LOT,STRAIGHT AND LEVEL,DRY,NO DEFECTS,NOT ON SCENE (DESK REPORT),NO INJURY / DRIVE AWAY,"OVER $1,500",2025-03-05T18:40:00.000,UNABLE TO DETERMINE,NOT APPLICABLE,3400,W,MONTROSE AVE,1723,2,NO INDICATION OF INJURY,0,0,0,0,0,1,0,15,4,3,41.96123847,-87.71319938,POINT (-87.713199374979 41.961238465013),10
59fceec72f394ff4360c63ac92f828f0f130e57b8a2456bfaf712113f5a8d2192b877df24055f7740ca74a57f324fbd40a2bc3f7d3cf09b4b897fd00e5d261ea,2025/3/5 15:30,30,NO CONTROLS,NO CONTROLS,FREEZING RAIN/DRIZZLE,DAYLIGHT,SIDESWIPE SAME DIRECTION,NOT DIVIDED,STRAIGHT AND LEVEL,WET,UNKNOWN,ON SCENE,NO INJURY / DRIVE AWAY,"OVER $1,500",2025-03-05T15:34:00.000,DRIVING SKILLS/KNOWLEDGE/EXPERIENCE,UNABLE TO DETERMINE,5958,S,ASHLAND AVE,714,2,NO INDICATION OF INJURY,0,0,0,0,0,3,0,15,4,3,41.78501854,-87.66450148,POINT (-87.664501481177 41.785018536853),30
aecc7c2810276b215d7ae60c4d947d7579bbd9296adb349345d0123a58540839f36bbd53fd0bb38d7c06dc9c01ceaf53147a9329a739dff655af65eb238e5a4c,2025/3/5 15:30,30,TRAFFIC SIGNAL,FUNCTIONING PROPERLY,RAIN,DAYLIGHT,REAR END,NOT DIVIDED,STRAIGHT AND LEVEL,WET,NO DEFECTS,NOT ON SCENE (DESK REPORT),NO INJURY / DRIVE AWAY,"OVER $1,500",2025-03-05T17:08:00.000,FOLLOWING TOO CLOSELY,NOT APPLICABLE,4314,S,ARCHER AVE,922,2,NO INDICATION OF INJURY,0,0,0,0,0,2,0,15,4,3,41.81516028,-87.70273371,POINT (-87.702733711605 41.815160278271),30
e6a6a74d261a8ec6d524aac1c91e56d1db648253074fc04c3491474b4f2c3e65f52d003f25787486e40e6bf643e865d11699e092c014d6d0054055cc35b921ce,2025/3/5 15:29,30,TRAFFIC SIGNAL,FUNCTIONING PROPERLY,RAIN,DAYLIGHT,SIDESWIPE SAME DIRECTION,NOT DIVIDED,STRAIGHT AND LEVEL,WET,NO DEFECTS,ON SCENE,NO INJURY / DRIVE AWAY,"OVER $1,500",2025-03-05T15:32:00.000,FAILING TO YIELD RIGHT-OF-WAY,IMPROPER OVERTAKING/PASSING,6499,W,IRVING PARK RD,1632,2,NO INDICATION OF INJURY,0,0,0,0,0,4,0,15,4,3,41.95276855,-87.78886019,POINT (-87.788860194059 41.952768552629),30
6eb6ccbe5bec313a56d0e9ce27bb3e2954a078dffaf86abfbea2f0b0d9272144f31ac1f1e74bd0482f699156cf18efe111b79ebd21cdfd7c3dc961a7503b62c5,2025/3/5 15:28,30,NO CONTROLS,NO CONTROLS,RAIN,DAYLIGHT,SIDESWIPE SAME DIRECTION,NOT DIVIDED,STRAIGHT AND LEVEL,WET,NO DEFECTS,ON SCENE,NO INJURY / DRIVE AWAY,"OVER $1,500",2025-03-05T15:30:00.000,IMPROPER OVERTAKING/PASSING,UNABLE TO DETERMINE,2732,W,71ST ST,831,2,NO INDICATION OF INJURY,0,0,0,0,0,2,0,15,4,3,41.76466812,-87.69186785,POINT (-87.691867850235 41.764668123894),30
09dc51501242c3b42bebad332507ed5a871db262e10fbc077318ad57453786eb02fa6b01fcdc9bd744b1b2342972cb0de0a113a733f4558f6d74f7eda6d4b36a,2025/3/5 15:25,30,NO CONTROLS,NO CONTROLS,RAIN,DAYLIGHT,REAR END,NOT DIVIDED,STRAIGHT AND LEVEL,DRY,NO DEFECTS,ON SCENE,INJURY AND / OR TOW DUE TO CRASH,"OVER $1,500",2025-03-05T15:25:00.000,DRIVING SKILLS/KNOWLEDGE/EXPERIENCE,DRIVING SKILLS/KNOWLEDGE/EXPERIENCE,1901,S,CLARK ST,131,4,"REPORTED, NOT EVIDENT",7,0,0,0,7,0,0,15,4,3,41.85652952,-87.63004928,POINT (-87.630049280616 41.85652951878),30
30470ee25c1a33734d000d56b6dd216563441ba715e07a6dc2675432d9225fdfbce7e0ba5423a3e04f145d8a4c35fc91440ecae049cb94b9434b8d027afb2769,2025/3/5 15:20,30,NO CONTROLS,NO CONTROLS,RAIN,DAYLIGHT,PARKED MOTOR VEHICLE,ONE-WAY,STRAIGHT AND LEVEL,WET,UNKNOWN,ON SCENE,INJURY AND / OR TOW DUE TO CRASH,"OVER $1,500",2025-03-05T16:13:00.000,UNABLE TO DETERMINE,NOT APPLICABLE,5010,S,MICHIGAN AVE,224,3,NO INDICATION OF INJURY,0,0,0,0,0,1,0,15,4,3,41.80344461,-87.62283126,POINT (-87.622831260293 41.803444611997),30
5d75c118eae9c01060e907e72a7773ee18ecf929a1e06d1d59d5e9a65a17c7149796a8573e699d8f1316066342a1418b38a5591863e5cc0bd88418ecf456300f,2025/3/5 15:20,30,STOP SIGN/FLASHER,FUNCTIONING PROPERLY,RAIN,DAYLIGHT,TURNING,NOT DIVIDED,STRAIGHT AND LEVEL,WET,NO DEFECTS,ON SCENE,INJURY AND / OR TOW DUE TO CRASH,"OVER $1,500",2025-03-05T16:24:00.000,"VISION OBSCURED (SIGNS, TREE LIMBS, BUILDINGS, ETC.)",IMPROPER TURNING/NO SIGNAL,2000,N,HOYNE AVE,1432,2,NO INDICATION OF INJURY,0,0,0,0,0,2,0,15,4,3,41.91774212,-87.68024433,POINT (-87.680244332773 41.917742120744),30
652cb2f7b60b50ddade46765b99b9faca89462de390fffddfffb91b246be30df78022674797fe3899c5ee082d0f387c3041e1becb5f8e7d36d62aea8886fbd60,2025/3/5 15:20,30,TRAFFIC SIGNAL,FUNCTIONING PROPERLY,CLEAR,DAYLIGHT,ANGLE,DIVIDED - W/MEDIAN (NOT RAISED),STRAIGHT AND LEVEL,WET,NO DEFECTS,NOT ON SCENE (DESK REPORT),NO INJURY / DRIVE AWAY,"$501 - $1,500",2025-03-05T15:30:00.000,FAILING TO YIELD RIGHT-OF-WAY,UNABLE TO DETERMINE,664,W,63RD ST,711,2,NO INDICATION OF INJURY,0,0,0,0,0,2,0,15,4,3,41.77989576,-87.64242635,POINT (-87.64242634822 41.779895760717),30
5f755596f7c68413303434f1f10ac70dcecb53ae79fba7a634d7a4eaf06ceadc745fecdabbe63e89464390608110f46305b47fa1f8a6cf7d56200cf04f28c894,2025/3/5 15:15,25,NO CONTROLS,NO CONTROLS,CLEAR,DAYLIGHT,REAR END,ONE-WAY,STRAIGHT AND LEVEL,DRY,UNKNOWN,NOT ON SCENE (DESK REPORT),NO INJURY / DRIVE AWAY,"OVER $1,500",2025-03-05T15:55:00.000,UNABLE TO DETERMINE,UNABLE TO DETERMINE,2018,N,LAWLER AVE,2522,2,NO INDICATION OF INJURY,0,0,0,0,0,2,0,15,4,3,41.91745558,-87.75231954,POINT (-87.752319536648 41.917455582313),25
85474f5cddc0fd725628d5c4c9898fe66507c1b79d15bffdf8501d3438a27b88b007c9a737af061eb470a4c4e82c4c60773ed9fc0301fa23651589f1c8ecb24d,2025/3/5 15:15,30,NO CONTROLS,NO CONTROLS,RAIN,DAWN,SIDESWIPE SAME DIRECTION,DIVIDED - W/MEDIAN BARRIER,STRAIGHT AND LEVEL,WET,NO DEFECTS,ON SCENE,NO INJURY / DRIVE AWAY,"$501 - $1,500",2025-03-05T15:16:00.000,IMPROPER OVERTAKING/PASSING,NOT APPLICABLE,398,W,PERSHING RD,915,2,NO INDICATION OF INJURY,0,0,0,0,0,2,0,15,4,3,41.823693,-87.63630721,POINT (-87.636307205249 41.823693000636),30
34ff9983ebaf3a6d12657a7a2d5a8c109eb4044ed03d1ae5d66f18ad4b4656833ac8ed571cf13ee66b5ae8170f600ea1424c2c22b1649591c15d683436c6904c,2025/3/5 15:12,30,UNKNOWN,UNKNOWN,CLOUDY/OVERCAST,DAYLIGHT,OTHER OBJECT,DIVIDED - W/MEDIAN BARRIER,STRAIGHT AND LEVEL,UNKNOWN,DEBRIS ON ROADWAY,NOT ON SCENE (DESK REPORT),NO INJURY / DRIVE AWAY,"OVER $1,500",2025-03-05T20:00:00.000,UNABLE TO DETERMINE,UNABLE TO DETERMINE,473,S,LAKE SHORE DR NB,114,1,NO INDICATION OF INJURY,0,0,0,0,0,1,0,15,4,3,41.87588972,-87.61699515,POINT (-87.616995154511 41.875889718214),30
50a0197e05a6a16a5397fa8cba8467cb25159b4656ca2f3bbcbf656b014e434e9e99e9765cec6b67a8f570a740f9f1be6d2592fd11a6ebb3fc0ae8172e06e30b,2025/3/5 15:12,20,NO CONTROLS,NO CONTROLS,FREEZING RAIN/DRIZZLE,DAYLIGHT,TURNING,DIVIDED - W/MEDIAN (NOT RAISED),STRAIGHT AND LEVEL,WET,NO DEFECTS,ON SCENE,NO INJURY / DRIVE AWAY,"$501 - $1,500",2025-03-05T15:58:00.000,NOT APPLICABLE,NOT APPLICABLE,2928,N,KEDZIE AVE,1412,2,NO INDICATION OF INJURY,0,0,0,0,0,2,0,15,4,3,41.93475684,-87.70764727,POINT (-87.707647264978 41.934756840188),20
a964a4fc7f7752ddc0bf4144c61b408a2311be07226bcf728b8a5273b977305504e07ef598947d6fc90ab75a90b07bed46c4e79692c11a2c5496c1d621f961b4,2025/3/5 15:12,35,TRAFFIC SIGNAL,FUNCTIONING PROPERLY,RAIN,DAYLIGHT,TURNING,CENTER TURN LANE,STRAIGHT AND LEVEL,WET,NO DEFECTS,ON SCENE,INJURY AND / OR TOW DUE TO CRASH,"OVER $1,500",2025-03-05T15:52:00.000,UNABLE TO DETERMINE,NOT APPLICABLE,2609,N,WESTERN AVE,1432,2,NO INDICATION OF INJURY,0,0,0,0,0,2,0,15,4,3,41.92897723,-87.68763897,POINT (-87.687638972844 41.928977225678),35
48fa7006caa573537759223041aea4f5d794e9ae29a0e8c8800083ad839f2b9e624e6ecbe58c505a51b739b7b1d788b583a7752a8c08066fad78a5d892f8fc5f,2025/3/5 15:07,30,STOP SIGN/FLASHER,FUNCTIONING PROPERLY,FREEZING RAIN/DRIZZLE,DAYLIGHT,TURNING,NOT DIVIDED,STRAIGHT AND LEVEL,WET,NO DEFECTS,ON SCENE,INJURY AND / OR TOW DUE TO CRASH,"OVER $1,500",2025-03-05T15:10:00.000,DRIVING SKILLS/KNOWLEDGE/EXPERIENCE,UNABLE TO DETERMINE,2300,W,ADDISON ST,1921,4,NO INDICATION OF INJURY,0,0,0,0,0,4,0,15,4,3,41.94687635,-87.68589489,POINT (-87.685894891727 41.946876349987),30
edfff922d0fec1f27041462b3faea20e7b046755b0c65733b5c3bd88ee87ed0afa1e6fb27437ddefe729cce3b5b481ebefb6b2381af2a118d23ac0728275d6c9,2025/3/5 15:05,30,NO CONTROLS,NO CONTROLS,RAIN,DAYLIGHT,SIDESWIPE SAME DIRECTION,ONE-WAY,STRAIGHT AND LEVEL,WET,UNKNOWN,NOT ON SCENE (DESK REPORT),NO INJURY / DRIVE AWAY,"OVER $1,500",2025-03-05T15:15:00.000,IMPROPER OVERTAKING/PASSING,IMPROPER LANE USAGE,663,N,DEARBORN ST,1832,2,NO INDICATION OF INJURY,0,0,0,0,0,2,0,15,4,3,41.89423807,-87.62957462,POINT (-87.629574614964 41.89423806798),30
5c6e3d08cd21ac6d64a91f583dc9358767ebc45728d66ede8c5ecef403f0171b67e979b081daabfad0b00074ff683494650e98534abd6112cc3a357a87b652f1,2025/3/5 15:02,20,STOP SIGN/FLASHER,FUNCTIONING PROPERLY,CLEAR,DAYLIGHT,PEDESTRIAN,NOT DIVIDED,STRAIGHT AND LEVEL,UNKNOWN,UNKNOWN,NOT ON SCENE (DESK REPORT),INJURY AND / OR TOW DUE TO CRASH,$500 OR LESS,2025-03-05T15:30:00.000,DRIVING SKILLS/KNOWLEDGE/EXPERIENCE,NOT APPLICABLE,5700,S,HOMAN AVE,822,2,NONINCAPACITATING INJURY,1,0,0,1,0,2,0,15,4,3,41.78971342,-87.70849825,POINT (-87.708498252505 41.789713417819),20
7bbaf9d9d4b7cccf06ba63951d9b17b74b56e9707df79f536aba5edd4d992d4e37843d45ea40a0848ecb17f1641d1b74c2880591ac8b6a9cdcba2b09888c125f,2025/3/5 15:00,25,NO CONTROLS,NO CONTROLS,RAIN,"DARKNESS, LIGHTED ROAD",PARKED MOTOR VEHICLE,NOT DIVIDED,STRAIGHT AND LEVEL,WET,NO DEFECTS,NOT ON SCENE (DESK REPORT),NO INJURY / DRIVE AWAY,"$501 - $1,500",2025-03-06T08:15:00.000,UNABLE TO DETERMINE,UNABLE TO DETERMINE,1551,W,CORNELIA AVE,1922,2,NO INDICATION OF INJURY,0,0,0,0,0,1,0,15,4,3,41.9450623,-87.66841449,POINT (-87.668414489457 41.945062301063),25
1a4f6dddce170c1c3badf68abf89203d6bab25c6f6c82b9e59315a79b6fc43f0c4e4c450caff7a7383f6fb40601e85fda3a06acb69422a77453944e66a760e22,2025/3/5 14:56,30,STOP SIGN/FLASHER,FUNCTIONING PROPERLY,RAIN,DAYLIGHT,PEDESTRIAN,NOT DIVIDED,STRAIGHT AND LEVEL,WET,NO DEFECTS,ON SCENE,INJURY AND / OR TOW DUE TO CRASH,"OVER $1,500",2025-03-05T15:01:00.000,UNABLE TO DETERMINE,UNABLE TO DETERMINE,4598,N,HAZEL ST,1914,2,"REPORTED, NOT EVIDENT",1,0,0,0,1,2,0,14,4,3,41.96541598,-87.65254558,POINT (-87.652545583939 41.965415978155),30
b02e380832722f8189c099208e249f03579007f93d4fa8d6f40a1ac6ae41ff192d15c090417391ccab49dff9c73d89650350d780d2685c320d071981b9984df1,2025/3/5 14:55,30,NO CONTROLS,UNKNOWN,RAIN,DAYLIGHT,SIDESWIPE SAME DIRECTION,NOT DIVIDED,STRAIGHT AND LEVEL,WET,UNKNOWN,ON SCENE,NO INJURY / DRIVE AWAY,"OVER $1,500",2025-03-05T14:56:00.000,FAILING TO YIELD RIGHT-OF-WAY,IMPROPER TURNING/NO SIGNAL,2399,W,111TH ST,2212,3,NO INDICATION OF INJURY,0,0,0,0,0,3,0,14,4,3,41.69166843,-87.68104406,POINT (-87.681044061653 41.691668430032),30
0e92e1345cae16308eb87e43db74ac7186d5cb7be4f321781f34b526de05ea03b927d6a4847f4c3b99b2f84f429a198ddd2ac96eb1758bd34788b6052380e1e8,2025/3/5 14:50,30,NO CONTROLS,NO CONTROLS,UNKNOWN,UNKNOWN,SIDESWIPE SAME DIRECTION,DIVIDED - W/MEDIAN (NOT RAISED),STRAIGHT AND LEVEL,UNKNOWN,UNKNOWN,NOT ON SCENE (DESK REPORT),NO INJURY / DRIVE AWAY,"$501 - $1,500",2025-03-05T15:00:00.000,UNABLE TO DETERMINE,UNABLE TO DETERMINE,6201,N,PULASKI RD,1711,2,NO INDICATION OF INJURY,0,0,0,0,0,2,0,14,4,3,41.99370919,-87.72873788,POINT (-87.728737884196 41.993709193937),30
5ee4919c17f09828a61fead7f38f7bc95f843159da8c03e9b04b52d527b874dfc79bba8963d1bc058e03c91a49dee3ae264987f6a76198d243c10ea9fbdc56e0,2025/3/5 14:50,30,NO CONTROLS,NO CONTROLS,RAIN,DAYLIGHT,TURNING,ONE-WAY,STRAIGHT AND LEVEL,WET,NO DEFECTS,NOT ON SCENE (DESK REPORT),NO INJURY / DRIVE AWAY,"OVER $1,500",2025-03-05T15:49:00.000,IMPROPER TURNING/NO SIGNAL,NOT APPLICABLE,145,N,DEARBORN ST,111,2,NO INDICATION OF INJURY,0,0,0,0,0,2,0,14,4,3,41.88433967,-87.62930247,POINT (-87.629302474107 41.884339671462),30
6847ad3d651e3d602612e902e436d03e6e39affa72c7d39192cb5622b09c5ea78cc5ea00d55c80100357ea4a49ecdc1d925d273a437f5b3db83716c2ab7e7a9d,2025/3/5 14:50,30,TRAFFIC SIGNAL,FUNCTIONING PROPERLY,RAIN,DAYLIGHT,PARKED MOTOR VEHICLE,NOT DIVIDED,STRAIGHT AND LEVEL,WET,NO DEFECTS,NOT ON SCENE (DESK REPORT),NO INJURY / DRIVE AWAY,"OVER $1,500",2025-03-05T16:20:00.000,IMPROPER TURNING/NO SIGNAL,NOT APPLICABLE,3637,E,106TH ST,432,2,NO INDICATION OF INJURY,0,0,0,0,0,1,0,14,4,3,41.70262327,-87.53505761,POINT (-87.535057612671 41.70262327146),30
fade582d108c4f2beb734f74c49eaaee8d49a1c2c20eccc3012255a37bd9e227e802a9709856a462f1812e3cb00c66b218e835a7616f4ef47409078db1f384ac,2025/3/5 14:50,30,UNKNOWN,UNKNOWN,UNKNOWN,UNKNOWN,TURNING,NOT DIVIDED,STRAIGHT AND LEVEL,UNKNOWN,UNKNOWN,NOT ON SCENE (DESK REPORT),INJURY AND / OR TOW DUE TO CRASH,"$501 - $1,500",2025-03-06T10:46:00.000,UNABLE TO DETERMINE,NOT APPLICABLE,5900,W,59TH ST,811,2,"REPORTED, NOT EVIDENT",2,0,0,0,2,2,0,14,4,3,41.78535834,-87.76940409,POINT (-87.769404088622 41.785358342913),30
4bdd40b7fb3573bf6cad632a8be65fc01d2342b0b57a517646c0f0c4dcf6d85e3d812a1dc2ec45e60973ab166bae75e2e1022ff59c11cfb09b41d1b800acc55f,2025/3/5 14:45,30,STOP SIGN/FLASHER,FUNCTIONING PROPERLY,UNKNOWN,DAYLIGHT,REAR END,NOT DIVIDED,STRAIGHT AND LEVEL,UNKNOWN,UNKNOWN,ON SCENE,NO INJURY / DRIVE AWAY,"OVER $1,500",2025-03-05T16:15:00.000,UNABLE TO DETERMINE,NOT APPLICABLE,831,N,KILPATRICK AVE,1111,2,NO INDICATION OF INJURY,0,0,0,0,0,2,0,14,4,3,41.89594633,-87.74339968,POINT (-87.743399682261 41.895946331267),30
a5f916886948bb4e9ee1f5b3f5b1324490b7f70f0784513c2d83aab9e71189d88879f67d3c91431370014914fb3e5a1bc312a246c3172bb18f23a6eb64dd7f14,2025/3/5 14:44,10,SCHOOL ZONE,NO CONTROLS,RAIN,DUSK,PARKED MOTOR VEHICLE,ONE-WAY,STRAIGHT AND LEVEL,WET,UNKNOWN,ON SCENE,NO INJURY / DRIVE AWAY,"OVER $1,500",2025-03-05T14:44:00.000,NOT APPLICABLE,NOT APPLICABLE,4733,N,WOLCOTT AVE,1912,2,NO INDICATION OF INJURY,0,0,0,0,0,3,0,14,4,3,41.96796582,-87.67603403,POINT (-87.676034033725 41.967965818264),10
5055f5131d6576bdff6ceac34896061a2d4df6505ed71963fc1a891700cb7c499bc8d46c8474889420fd4340484369dc4b98623ab8d2e11b31eb562596579f05,2025/3/5 14:35,30,TRAFFIC SIGNAL,FUNCTIONING PROPERLY,SNOW,DAYLIGHT,TURNING,FOUR WAY,STRAIGHT AND LEVEL,WET,NO DEFECTS,ON SCENE,INJURY AND / OR TOW DUE TO CRASH,"OVER $1,500",2025-03-05T14:40:00.000,IMPROPER OVERTAKING/PASSING,NOT APPLICABLE,9899,S,HALSTED ST,2232,2,NO INDICATION OF INJURY,0,0,0,0,0,2,0,14,4,3,41.71423312,-87.64285698,POINT (-87.642856979931 41.714233122961),30
58b51fdc310c0853d8bd3e37ae6c046c6a36e2d4c67f72a8dd3e580f80f5d60368ec38d3c33ee4d1a4c3261c9b6e9aeefa8c2cc110465e70e68fefcb548e08fe,2025/3/5 14:35,15,NO CONTROLS,NO CONTROLS,RAIN,DAYLIGHT,FIXED OBJECT,ALLEY,STRAIGHT AND LEVEL,WET,NO DEFECTS,ON SCENE,INJURY AND / OR TOW DUE TO CRASH,"OVER $1,500",2025-03-05T14:39:00.000,DISTRACTION - FROM INSIDE VEHICLE,NOT APPLICABLE,2454,S,MILLARD AVE,1013,2,NONINCAPACITATING INJURY,1,0,0,1,0,0,0,14,4,3,41.84640454,-87.71621356,POINT (-87.716213558554 41.846404541118),15
fea68fca981421c85a61078dd348ee91fe3df1b6a56279124b33373b66e7da95dabd6a9f9e5f059b7bcd17044d25bb8eb2e0a97922a67dda275c61044388067c,2025/3/5 14:30,25,STOP SIGN/FLASHER,FUNCTIONING PROPERLY,CLOUDY/OVERCAST,DAYLIGHT,FIXED OBJECT,ONE-WAY,STRAIGHT AND LEVEL,WET,UNKNOWN,NOT ON SCENE (DESK REPORT),NO INJURY / DRIVE AWAY,$500 OR LESS,2025-03-05T15:30:00.000,UNABLE TO DETERMINE,UNABLE TO DETERMINE,11200,S,EDBROOKE AVE,531,1,NO INDICATION OF INJURY,0,0,0,0,0,1,0,14,4,3,41.69071999,-87.61972697,POINT (-87.619726973884 41.690719985261),25
8bb5e050c05a970976e4dc2b7bf0ec87efa02fbcd8843cb8a4f79ac513ad86503db28e89c765935937566c130f5651d03982c4bc67ac3f5425a85bbd4fb9b59f,2025/3/5 14:16,30,NO CONTROLS,NO CONTROLS,RAIN,DAYLIGHT,REAR END,NOT DIVIDED,STRAIGHT AND LEVEL,WET,NO DEFECTS,ON SCENE,NO INJURY / DRIVE AWAY,"OVER $1,500",2025-03-05T15:05:00.000,NOT APPLICABLE,NOT APPLICABLE,5718,N,BROADWAY,2013,2,NO INDICATION OF INJURY,0,0,0,0,0,2,0,14,4,3,41.98605087,-87.66028894,POINT (-87.660288938853 41.986050872625),30