crash_record_id,crash_date,posted_speed_limit,traffic_control_device,device_condition,weather_condition,lighting_condition,first_crash_type,trafficway_type,alignment,roadway_surface_cond,road_defect,report_type,crash_type,damage,date_police_notified,prim_contributory_cause,sec_contributory_cause,street_no,street_direction,street_name,beat_of_occurrence,num_units,most_severe_injury,injuries_total,injuries_fatal,injuries_incapacitating,injuries_non_incapacitating,injuries_reported_not_evident,injuries_no_indication,injuries_unknown,crash_hour,crash_day_of_week,crash_month,latitude,longitude,location,speed_limit
10bed0a8913b38b02b049677842edb3ee29fa2f49b85acd7426452b74370efb9ba889d024a8f58cc789151ba0106a680114e5199e3731968a0d1a15248adf143,2025/3/5 14:15,30,STOP SIGN/FLASHER,FUNCTIONING PROPERLY,RAIN,DAYLIGHT,ANGLE,DIVIDED - W/MEDIAN (NOT RAISED),STRAIGHT AND LEVEL,WET,NO DEFECTS,NOT ON SCENE (DESK REPORT),NO INJURY / DRIVE AWAY,"$501 - $1,500",2025-03-05T14:45:00.000,FAILING TO YIELD RIGHT-OF-WAY,NOT APPLICABLE,6000,S,NARRAGANSETT AVE,812,2,NO INDICATION OF INJURY,0,0,0,0,0,3,0,14,4,3,41.78308183,-87.78161182,POINT (-87.781611818876 41.783081827272),30
19ac73e21485f3d189ed5d51e57d50587101d299c0f1d791b78a38430b5490fe23c15d8c8ce8decc2e11ab6b8bb50b4067457c59e429c44739b5bd5cb551ac68,2025/3/5 14:15,30,TRAFFIC SIGNAL,UNKNOWN,RAIN,DAYLIGHT,TURNING,DIVIDED - W/MEDIAN (NOT RAISED),STRAIGHT AND LEVEL,WET,UNKNOWN,ON SCENE,INJURY AND / OR TOW DUE TO CRASH,"OVER $1,500",2025-03-05T14:49:00.000,UNABLE TO DETERMINE,NOT APPLICABLE,1970,W,OGDEN AVE,1225,2,"REPORTED, NOT EVIDENT",1,0,0,0,1,1,0,14,4,3,41.87331842,-87.67594756,POINT (-87.675947561681 41.873318424597),30
1a9af0dd863e757cbbe971cc7e970926710cd7d6d96611f1a5cb2ae31dc9a7487dbc2cec5d0db44d0a47fdffc0c2a87144faace5e191b501c2d91da862eff5ea,2025/3/5 14:15,10,NO CONTROLS,NO CONTROLS,CLEAR,DAYLIGHT,TURNING,PARKING LOT,STRAIGHT AND LEVEL,DRY,NO DEFECTS,NOT ON SCENE (DESK REPORT),NO INJURY / DRIVE AWAY,"OVER $1,500",2025-03-05T14:15:00.000,UNABLE TO DETERMINE,NOT APPLICABLE,1900,W,JACKSON BLVD,1225,2,NO INDICATION OF INJURY,0,0,0,0,0,2,0,14,4,3,41.87761166,-87.67422787,POINT (-87.674227867806 41.877611658237),10
76c7f4f520d6b229e3aad21a901e0938740755dd59bc02d52f5e0b778d9b340837769aa9d90c0153ad793ec797532fc74de63777b53397abdebdbe9d2693a5cc,2025/3/5 14:14,30,TRAFFIC SIGNAL,FUNCTIONING PROPERLY,RAIN,DAYLIGHT,REAR END,NOT DIVIDED,STRAIGHT AND LEVEL,WET,UNKNOWN,ON SCENE,NO INJURY / DRIVE AWAY,"OVER $1,500",2025-03-05T14:15:00.000,DRIVING SKILLS/KNOWLEDGE/EXPERIENCE,WEATHER,5600,N,NAGLE AVE,1612,2,NO INDICATION OF INJURY,0,0,0,0,0,4,0,14,4,3,41.98300434,-87.78787997,POINT (-87.787879971407 41.983004344013),30
edfefb8b524eaae3038ac1a011336b51122d0fef333acc62c8af4c6a9ffefb52f0b48c47213acf6e2decf1ae23487f002d39cf73b9bcec9d3caf877c7897bd41,2025/3/5 14:10,30,STOP SIGN/FLASHER,NO CONTROLS,CLEAR,DAYLIGHT,TURNING,NOT DIVIDED,STRAIGHT AND LEVEL,WET,NO DEFECTS,NOT ON SCENE (DESK REPORT),INJURY AND / OR TOW DUE TO CRASH,"OVER $1,500",2025-03-05T15:15:00.000,FAILING TO REDUCE SPEED TO AVOID CRASH,DRIVING SKILLS/KNOWLEDGE/EXPERIENCE,3300,S,WESTERN AVE,911,2,"REPORTED, NOT EVIDENT",1,0,0,0,1,2,0,14,4,3,41.83388647,-87.68535287,POINT (-87.685352871518 41.833886468166),30
471de5a3546fc7468caedd141614c1dd7f105d85661c9b658071184fba5940f2e5b6bc05f6c79bb3f4d4cf68fcc8c6e58bbcde25de0b1a49b2c0e30b3b5eadcf,2025/3/5 14:09,30,NO CONTROLS,NO CONTROLS,RAIN,DAYLIGHT,REAR TO FRONT,NOT DIVIDED,STRAIGHT AND LEVEL,WET,NO DEFECTS,ON SCENE,NO INJURY / DRIVE AWAY,$500 OR LESS,2025-03-05T14:09:00.000,"VISION OBSCURED (SIGNS, TREE LIMBS, BUILDINGS, ETC.)",NOT APPLICABLE,2363,N,CALIFORNIA AVE,1431,2,NO INDICATION OF INJURY,0,0,0,0,0,2,0,14,4,3,41.92464806,-87.69726155,POINT (-87.697261547571 41.924648055568),30
f19e78dd258a0892a1bbf16214dbd01ec9633cd5c61d44ff1583cd5952a64ac7e5f907534fe7bd931ad325a7ddd99a36fff8a4c26a420abd53172958ffb5b482,2025/3/5 14:09,30,TRAFFIC SIGNAL,FUNCTIONING PROPERLY,RAIN,DAYLIGHT,ANGLE,T-INTERSECTION,STRAIGHT AND LEVEL,WET,NO DEFECTS,ON SCENE,INJURY AND / OR TOW DUE TO CRASH,"OVER $1,500",2025-03-05T15:19:00.000,UNABLE TO DETERMINE,UNABLE TO DETERMINE,2798,W,55TH ST,923,4,INCAPACITATING INJURY,1,0,1,0,0,3,0,14,4,3,41.7938016,-87.69374048,POINT (-87.693740476119 41.793801602053),30
24451ff4eb6835477d8a1c81538cca9a1054c9c5c8664c2a73686d765ee3996953b47739ad326f2bdb4cc06f078ea79d5b34846f48199be7b264e6c35f099ee2,2025/3/5 14:06,30,STOP SIGN/FLASHER,FUNCTIONING PROPERLY,RAIN,DAYLIGHT,TURNING,NOT DIVIDED,STRAIGHT AND LEVEL,WET,NO DEFECTS,ON SCENE,INJURY AND / OR TOW DUE TO CRASH,"OVER $1,500",2025-03-05T14:46:00.000,FAILING TO YIELD RIGHT-OF-WAY,UNABLE TO DETERMINE,2300,N,OAK PARK AVE,2512,2,"REPORTED, NOT EVIDENT",1,0,0,0,1,1,0,14,4,3,41.92122704,-87.79531564,POINT (-87.795315642791 41.92122703988),30
a7d1195b9bf405fa53e9acc1a5d1cc8a3c14e84e99203963b09c68326158612b5e6b978fec1ae66b0f2110b5cf79905a2c3635fd3edd949064a909364809ef33,2025/3/5 14:03,30,STOP SIGN/FLASHER,UNKNOWN,RAIN,DAYLIGHT,ANGLE,FOUR WAY,STRAIGHT AND LEVEL,WET,UNKNOWN,NOT ON SCENE (DESK REPORT),INJURY AND / OR TOW DUE TO CRASH,"$501 - $1,500",2025-03-05T15:05:00.000,UNABLE TO DETERMINE,UNABLE TO DETERMINE,6337,W,BALMORAL AVE,1622,2,NO INDICATION OF INJURY,0,0,0,0,0,2,0,14,4,3,41.97916748,-87.78665237,POINT (-87.78665236518 41.979167476849),30
f535f6d0b56470d489327afdd31b691c36cdc35698f5a1103491cc1b3d0aa323ccde8452935dbdae2ee098fd0a01bb08f85fd59c1df0c778f9cc98d25837adf3,2025/3/5 14:03,30,NO CONTROLS,NO CONTROLS,RAIN,UNKNOWN,REAR TO FRONT,OTHER,STRAIGHT AND LEVEL,WET,NO DEFECTS,NOT ON SCENE (DESK REPORT),NO INJURY / DRIVE AWAY,"$501 - $1,500",2025-03-06T11:09:00.000,UNABLE TO DETERMINE,NOT APPLICABLE,650,N,DEARBORN ST,1832,2,NO INDICATION OF INJURY,0,0,0,0,0,2,0,14,4,3,41.89400939,-87.62986267,POINT (-87.629862671393 41.894009393623),30
f6a791f6a6e660ccf21c0399bae47a0c24b5f0a8b0b67934aa29cbcd0c1e524cb1652f30663cda353c7b8d82f43d1d7f1c172434979ed29c9918c55afc49739e,2025/3/5 14:01,30,TRAFFIC SIGNAL,FUNCTIONING PROPERLY,RAIN,DAYLIGHT,SIDESWIPE SAME DIRECTION,DIVIDED - W/MEDIAN (NOT RAISED),STRAIGHT AND LEVEL,WET,NO DEFECTS,ON SCENE,NO INJURY / DRIVE AWAY,"OVER $1,500",2025-03-05T14:01:00.000,DRIVING ON WRONG SIDE/WRONG WAY,DRIVING SKILLS/KNOWLEDGE/EXPERIENCE,2350,W,DEVON AVE,2412,2,NO INDICATION OF INJURY,0,0,0,0,0,2,0,14,4,3,41.99784774,-87.68948696,POINT (-87.68948695937 41.997847742251),30
1e05e757abc84e88507d7e5b7ccb4a5284e54d10337c26549dfe9707f508de2761c24809bf316d21d82e39e1fbd8b7dc636d22a72281fc9acd3efc8ede488839,2025/3/5 14:00,25,TRAFFIC SIGNAL,FUNCTIONING PROPERLY,CLOUDY/OVERCAST,DAYLIGHT,TURNING,FOUR WAY,STRAIGHT AND LEVEL,WET,UNKNOWN,NOT ON SCENE (DESK REPORT),NO INJURY / DRIVE AWAY,"$501 - $1,500",2025-03-05T16:15:00.000,UNABLE TO DETERMINE,UNABLE TO DETERMINE,9500,S,LAFAYETTE AVE,511,2,NO INDICATION OF INJURY,0,0,0,0,0,2,0,14,4,3,41.72156629,-87.62516952,POINT (-87.625169517699 41.721566292573),25
c9eccf609a12a254ebc142a414fe99398d3a67b6d2bb365818d19c61cd54b89077efd0e1376ba89ec8739a26c8a35987c72eb3a9793d619fcf91117c9dd5c156,2025/3/5 14:00,30,NO CONTROLS,NO CONTROLS,RAIN,DAYLIGHT,PARKED MOTOR VEHICLE,DIVIDED - W/MEDIAN (NOT RAISED),STRAIGHT AND LEVEL,WET,NO DEFECTS,NOT ON SCENE (DESK REPORT),NO INJURY / DRIVE AWAY,"OVER $1,500",2025-03-05T15:25:00.000,IMPROPER TURNING/NO SIGNAL,NOT APPLICABLE,2635,W,39TH PL,921,2,NO INDICATION OF INJURY,0,0,0,0,0,3,0,14,4,3,41.82183956,-87.69113565,POINT (-87.691135651662 41.821839562403),30
2eec2bf12e5a31c021c9c61bb8780f4e1155d64ca4fb4353df50f9d0d49256991bf86e196d7b6860937af84851b45f8a8df37bf08f475cebdc5c93c4a900a5e0,2025/3/5 13:50,30,UNKNOWN,UNKNOWN,RAIN,DAYLIGHT,SIDESWIPE SAME DIRECTION,ONE-WAY,STRAIGHT AND LEVEL,UNKNOWN,UNKNOWN,NOT ON SCENE (DESK REPORT),NO INJURY / DRIVE AWAY,"$501 - $1,500",2025-03-05T14:50:00.000,UNABLE TO DETERMINE,UNABLE TO DETERMINE,161,E,GRAND AVE,1834,2,NO INDICATION OF INJURY,0,0,0,0,0,2,0,13,4,3,41.89164658,-87.62293819,POINT (-87.622938192076 41.89164658196),30
905bc8002c861382fcdeb91f2c270fee7602a9b9fe9f02b19aa36f3235d5fb63a3d6b67a3ec03c9b45b003a529f4bd218f37c9c593b0e68dc2f30e3901d99241,2025/3/5 13:48,30,TRAFFIC SIGNAL,FUNCTIONING IMPROPERLY,CLEAR,DAYLIGHT,PEDESTRIAN,DIVIDED - W/MEDIAN BARRIER,STRAIGHT AND LEVEL,DRY,NO DEFECTS,ON SCENE,INJURY AND / OR TOW DUE TO CRASH,$500 OR LESS,2025-03-05T14:05:00.000,"VISION OBSCURED (SIGNS, TREE LIMBS, BUILDINGS, ETC.)","VISION OBSCURED (SIGNS, TREE LIMBS, BUILDINGS, ETC.)",145,W,KINZIE ST,1831,2,"REPORTED, NOT EVIDENT",1,0,0,0,1,1,0,13,4,3,41.88907632,-87.63277596,POINT (-87.632775960612 41.889076319454),30
ce8d4540e532beda695b43442198710b2ff989287e66b3d3decca6dd1ff5efad263059c398e23d547ab51a55e284c28f2add69814e8ff652fb133f4956693daa,2025/3/5 13:46,30,NO CONTROLS,FUNCTIONING PROPERLY,RAIN,DAYLIGHT,SIDESWIPE SAME DIRECTION,NOT DIVIDED,STRAIGHT AND LEVEL,WET,NO DEFECTS,ON SCENE,NO INJURY / DRIVE AWAY,"OVER $1,500",2025-03-05T14:13:00.000,IMPROPER OVERTAKING/PASSING,NOT APPLICABLE,800,W,NORTH AVE,1813,2,NO INDICATION OF INJURY,0,0,0,0,0,2,0,13,4,3,41.91102851,-87.64833581,POINT (-87.64833580602 41.911028509812),30
57716f41f8eb52806a16203669109d5730df5ca1aa260e17008f5ecde308ac17c3ea83a358609c150d4a4a0adf9a340ac405ddc31221fa0489c2c860c5f89882,2025/3/5 13:45,30,TRAFFIC SIGNAL,NO CONTROLS,RAIN,DAYLIGHT,TURNING,FOUR WAY,STRAIGHT AND LEVEL,WET,NO DEFECTS,ON SCENE,INJURY AND / OR TOW DUE TO CRASH,"OVER $1,500",2025-03-05T15:00:00.000,FAILING TO REDUCE SPEED TO AVOID CRASH,UNABLE TO DETERMINE,4400,S,PULASKI RD,815,3,"REPORTED, NOT EVIDENT",2,0,0,0,2,1,0,13,4,3,41.8132716,-87.72393521,POINT (-87.723935214329 41.813271598175),30
7e30a6afb1bf89ca4b7aec8488b8bd2714ea466d9806fc1c7f6ab0c0d1750cdd0ca08862c85191aa55ca388e8d0c0d37e4d4f98dcc0592b55c5a1b9b8e20bd40,2025/3/5 13:45,30,TRAFFIC SIGNAL,FUNCTIONING PROPERLY,RAIN,DAYLIGHT,TURNING,FOUR WAY,STRAIGHT AND LEVEL,WET,UNKNOWN,NOT ON SCENE (DESK REPORT),INJURY AND / OR TOW DUE TO CRASH,"OVER $1,500",2025-03-05T18:45:00.000,UNABLE TO DETERMINE,NOT APPLICABLE,8700,S,STATE ST,632,2,"REPORTED, NOT EVIDENT",1,0,0,0,1,1,0,13,4,3,41.73620947,-87.62430552,POINT (-87.624305519124 41.736209469449),30
aaef5f195b4d5270c453a7fd16cd47b6bece25e87d2583179e46c263b7174c1ae5e0e65d310610e6a537e43af6e3a3878c77f38f59019c7b317defb56e3b0fb7,2025/3/5 13:38,30,TRAFFIC SIGNAL,FUNCTIONING PROPERLY,RAIN,DAYLIGHT,TURNING,DIVIDED - W/MEDIAN BARRIER,STRAIGHT AND LEVEL,WET,NO DEFECTS,ON SCENE,INJURY AND / OR TOW DUE TO CRASH,"OVER $1,500",2025-03-05T13:38:00.000,WEATHER,UNABLE TO DETERMINE,10255,W,ZEMKE RD,1654,3,NO INDICATION OF INJURY,0,0,0,0,0,3,0,13,4,3,41.99479339,-87.88270766,POINT (-87.882707659516 41.994793386112),30
93c2663efaa8c2f3f818e638667225fdeb65b51344785a72f7e002819b1d05d5f586cac6995fdd2a0f5bc007a186d877ade8436bc7f126dc22d57dfe3367d010,2025/3/5 13:35,30,NO CONTROLS,NO CONTROLS,RAIN,DAYLIGHT,PARKED MOTOR VEHICLE,ONE-WAY,STRAIGHT AND LEVEL,WET,NO DEFECTS,ON SCENE,NO INJURY / DRIVE AWAY,$500 OR LESS,2025-03-05T13:35:00.000,IMPROPER OVERTAKING/PASSING,UNABLE TO DETERMINE,4800,S,WELLS ST,935,2,NO INDICATION OF INJURY,0,0,0,0,0,1,0,13,4,3,41.80715303,-87.63273497,POINT (-87.632734970204 41.807153031552),30
6a12791c070628d2fbccfe53e621ff866dca895bfcc14bab4b90d9f22d9f4d240e3a916733c2d8a0a23789d154831a09a1faeeb39ec71c26b9721ac1ddb0fb60,2025/3/5 13:30,30,NO CONTROLS,NO CONTROLS,CLEAR,DAYLIGHT,TURNING,NOT DIVIDED,STRAIGHT AND LEVEL,UNKNOWN,UNKNOWN,NOT ON SCENE (DESK REPORT),NO INJURY / DRIVE AWAY,"OVER $1,500",2025-03-05T14:10:00.000,FAILING TO YIELD RIGHT-OF-WAY,NOT APPLICABLE,6501,S,CICERO AVE,833,2,NO INDICATION OF INJURY,0,0,0,0,0,2,0,13,4,3,41.77469454,-87.7420133,POINT (-87.742013300808 41.774694541589),30
a339be02d53c76da4fd46f3cea56abf1172ea314e5a260bde3c748bea6da75a2b5c3f623d79e5c28ab595f8f6c5eae0f6fd2bc6ba2e1d15e0482761f19a967f3,2025/3/5 13:30,30,TRAFFIC SIGNAL,FUNCTIONING PROPERLY,RAIN,DAYLIGHT,REAR END,NOT DIVIDED,STRAIGHT ON HILLCREST,WET,UNKNOWN,NOT ON SCENE (DESK REPORT),NO INJURY / DRIVE AWAY,"OVER $1,500",2025-03-05T13:50:00.000,UNABLE TO DETERMINE,NOT APPLICABLE,2255,E,103RD ST,434,2,NO INDICATION OF INJURY,0,0,0,0,0,2,0,13,4,3,41.70793329,-87.56834912,POINT (-87.568349122821 41.707933290572),30
257a850d231d5af4b01d8f2138f5091407fa64d58cbd2f91537ba338a5eb16667d5c295bb60e936d732d2ca18f4fde04e23fdc474c5ba01eb104d8566a02e8e4,2025/3/5 13:20,30,TRAFFIC SIGNAL,FUNCTIONING PROPERLY,RAIN,DAYLIGHT,PEDALCYCLIST,NOT DIVIDED,STRAIGHT AND LEVEL,WET,NO DEFECTS,ON SCENE,INJURY AND / OR TOW DUE TO CRASH,"OVER $1,500",2025-03-05T13:25:00.000,TURNING RIGHT ON RED,TURNING RIGHT ON RED,4200,W,IRVING PARK RD,1722,2,NONINCAPACITATING INJURY,1,0,0,1,0,1,0,13,4,3,41.95370551,-87.73255098,POINT (-87.732550981181 41.953705509686),30
35ecee4d5c0b9c7edbe6cc71d6b01e73c5340df2588c99b42ff7a83900f142af69423a2fceed5e4457365194c86cc452ddf1c0fbfffac25c61eeebcdbd60307f,2025/3/5 13:00,25,STOP SIGN/FLASHER,NO CONTROLS,RAIN,DAYLIGHT,ANGLE,FOUR WAY,STRAIGHT AND LEVEL,WET,NO DEFECTS,ON SCENE,INJURY AND / OR TOW DUE TO CRASH,"OVER $1,500",2025-03-05T13:00:00.000,UNABLE TO DETERMINE,UNABLE TO DETERMINE,3800,N,KIMBALL AVE,1732,2,NONINCAPACITATING INJURY,1,0,0,1,0,3,0,13,4,3,41.95030811,-87.71295407,POINT (-87.712954069277 41.950308105285),25
d209cf70f0602886b4cd4a2bb0ff5dcec8813d4fd46aea930711ad76bbbd9f69df5b1c10254e2bd2ecb77e2713a198ad0c214994adecfa8609357ec093a86bf8,2025/3/5 13:00,30,NO CONTROLS,NO CONTROLS,RAIN,DAYLIGHT,REAR TO FRONT,PARKING LOT,STRAIGHT AND LEVEL,WET,UNKNOWN,NOT ON SCENE (DESK REPORT),NO INJURY / DRIVE AWAY,$500 OR LESS,2025-03-05T17:00:00.000,IMPROPER BACKING,NOT APPLICABLE,520,W,TAYLOR ST,124,2,NO INDICATION OF INJURY,0,0,0,0,0,2,0,13,4,3,41.8698556,-87.64027031,POINT (-87.640270307865 41.869855596599),30
23fd1c15dfd3d9277c2f3f3ee1cb1fb7659565db48575a6493e2e6b00332f541d313c48252cbb9e19abe70f84db697daba6d94a8e380253de6180eb84b7369e2,2025/3/5 12:50,30,NO CONTROLS,NO CONTROLS,RAIN,UNKNOWN,TURNING,PARKING LOT,STRAIGHT ON HILLCREST,UNKNOWN,NO DEFECTS,NOT ON SCENE (DESK REPORT),NO INJURY / DRIVE AWAY,"$501 - $1,500",2025-03-06T07:25:00.000,IMPROPER BACKING,NOT APPLICABLE,5138,N,CALIFORNIA AVE,2031,2,NO INDICATION OF INJURY,0,0,0,0,0,2,0,12,4,3,41.97516581,-87.69904552,POINT (-87.699045516875 41.975165814622),30
b795e1101ccbbdfa5a13b47122a93b0dbbd72172ccb5604112c60d748c1b98f798ceb803fee14166caf8f3d521d1a526b39466ed238c95aa4b1b4ee59d986e5a,2025/3/5 12:45,30,NO CONTROLS,NO CONTROLS,RAIN,DAYLIGHT,OTHER OBJECT,NOT DIVIDED,STRAIGHT AND LEVEL,WET,NO DEFECTS,ON SCENE,INJURY AND / OR TOW DUE TO CRASH,"OVER $1,500",2025-03-05T13:00:00.000,EQUIPMENT - VEHICLE CONDITION,NOT APPLICABLE,11531,S,STATE ST,532,1,NO INDICATION OF INJURY,0,0,0,0,0,1,0,12,4,3,41.68446665,-87.62271729,POINT (-87.622717290172 41.684466645111),30
64dca7dd6882e89f45eafe0f29b48e5d48cce7d8c0caa173c48a34a762cd35e73d2ea91dcce67088a84c8e61cbe76f05c74285807d775e360d8be4d597ab9f4a,2025/3/5 12:40,30,TRAFFIC SIGNAL,FUNCTIONING PROPERLY,RAIN,DAYLIGHT,REAR END,NOT DIVIDED,STRAIGHT AND LEVEL,WET,UNKNOWN,ON SCENE,NO INJURY / DRIVE AWAY,"$501 - $1,500",2025-03-05T12:41:00.000,UNABLE TO DETERMINE,UNABLE TO DETERMINE,5201,S,CICERO AVE,815,2,NO INDICATION OF INJURY,0,0,0,0,0,3,0,12,4,3,41.79856465,-87.7427786,POINT (-87.742778601646 41.798564648779),30
6ee069b19c1c53e627a2963fdc94ccd7a03e8076a2ce090396e593f5345267c5c91012d102a572d16a681ec1a816ea7b9df97193be0103fb9f18e329fbef4c34,2025/3/5 12:40,30,NO CONTROLS,NO CONTROLS,RAIN,DAYLIGHT,TURNING,NOT DIVIDED,STRAIGHT AND LEVEL,WET,NO DEFECTS,ON SCENE,INJURY AND / OR TOW DUE TO CRASH,"OVER $1,500",2025-03-05T12:41:00.000,FAILING TO YIELD RIGHT-OF-WAY,UNABLE TO DETERMINE,6104,S,WESTERN AVE,825,2,NO INDICATION OF INJURY,0,0,0,0,0,2,0,12,4,3,41.78270061,-87.68388265,POINT (-87.683882654483 41.782700605937),30
a8a1b586b3154463ac58566831d10232e9c9e03c0a65854ddb893523401db767f4fa792bfa5f5132ea9ec08f467ce1f82c502b36723c5b756a7fc464490517f6,2025/3/5 12:40,20,NO CONTROLS,NO CONTROLS,RAIN,DAYLIGHT,SIDESWIPE SAME DIRECTION,ONE-WAY,STRAIGHT AND LEVEL,UNKNOWN,NO DEFECTS,ON SCENE,NO INJURY / DRIVE AWAY,"$501 - $1,500",2025-03-05T12:45:00.000,FAILING TO YIELD RIGHT-OF-WAY,NOT APPLICABLE,2402,N,MANGO AVE,2515,2,NO INDICATION OF INJURY,0,0,0,0,0,2,0,12,4,3,41.92406921,-87.7697902,POINT (-87.769790195503 41.92406921351),20
ef358c4e0769478eb119b3b94222d39cd9bbb716bc2e8a089f5c08f782918142d1c3fa61c919e869c21b0022939a802d22ebf08b3013d64d38a06549be4f11f6,2025/3/5 12:40,25,UNKNOWN,UNKNOWN,CLEAR,DAYLIGHT,PARKED MOTOR VEHICLE,DIVIDED - W/MEDIAN (NOT RAISED),STRAIGHT AND LEVEL,DRY,NO DEFECTS,NOT ON SCENE (DESK REPORT),NO INJURY / DRIVE AWAY,"$501 - $1,500",2025-03-05T12:55:00.000,UNABLE TO DETERMINE,UNABLE TO DETERMINE,1534,N,DAMEN AVE,1424,2,NO INDICATION OF INJURY,0,0,0,0,0,1,0,12,4,3,41.90929384,-87.67757965,POINT (-87.677579646566 41.909293843086),25
449a96b412e381dc5b47ce5d68091efaa051552220ccb528fec7935832bf70b842f2f27d0950cc3c1ec9f2871f1ed3e70a71777b235250c5068c831bfaf5cdc5,2025/3/5 12:30,30,NO CONTROLS,NO CONTROLS,CLEAR,DAYLIGHT,PEDALCYCLIST,NOT DIVIDED,STRAIGHT AND LEVEL,DRY,NO DEFECTS,NOT ON SCENE (DESK REPORT),NO INJURY / DRIVE AWAY,"OVER $1,500",2025-03-06T12:31:00.000,IMPROPER LANE USAGE,IMPROPER LANE USAGE,1001,N,MILWAUKEE AVE,1213,2,NO INDICATION OF INJURY,0,0,0,0,0,2,0,12,4,3,41.89992692,-87.660888,POINT (-87.660887996395 41.899926923191),30
e4c795d552f823e7e8af44850d2ee7d1b8406ca90bfaee5dfee9cb13aae11de35f84b399588018bc97650492244ae99087dfdfb37904a616a8dff05ca288d86b,2025/3/5 12:30,30,TRAFFIC SIGNAL,FUNCTIONING PROPERLY,RAIN,DAYLIGHT,SIDESWIPE SAME DIRECTION,ONE-WAY,STRAIGHT AND LEVEL,WET,NO DEFECTS,ON SCENE,NO INJURY / DRIVE AWAY,"$501 - $1,500",2025-03-05T12:34:00.000,IMPROPER OVERTAKING/PASSING,NOT APPLICABLE,800,W,99TH ST,2232,2,NO INDICATION OF INJURY,0,0,0,0,0,2,0,12,4,3,41.71432334,-87.64306671,POINT (-87.643066714219 41.714323337011),30
56e4afea38b02d5c5c4031080e4f09c2f350595004a26b1ca3356febb5167c98ec7be43ad448f8088884e44b030ad49586dc2f322d5cc19698dfecbcb230ffbf,2025/3/5 12:28,30,TRAFFIC SIGNAL,FUNCTIONING PROPERLY,RAIN,DAYLIGHT,TURNING,NOT DIVIDED,STRAIGHT AND LEVEL,WET,NO DEFECTS,ON SCENE,INJURY AND / OR TOW DUE TO CRASH,"OVER $1,500",2025-03-05T12:32:00.000,FAILING TO YIELD RIGHT-OF-WAY,IMPROPER LANE USAGE,2158,S,KEDZIE AVE,1022,2,NO INDICATION OF INJURY,0,0,0,0,0,3,0,12,4,3,41.85188898,-87.70540526,POINT (-87.705405256402 41.85188898301),30
84de653ae0de67151fa097a7b099f7edd9db938ffc4a9f991440a5ff72fa6e2a828159244b86d5f8a8ec71fa60d6c0e0b96f9cc8c218cde34cad9f27590c8185,2025/3/5 12:18,15,NO CONTROLS,NO CONTROLS,RAIN,DAYLIGHT,PARKED MOTOR VEHICLE,PARKING LOT,STRAIGHT AND LEVEL,WET,NO DEFECTS,ON SCENE,NO INJURY / DRIVE AWAY,"OVER $1,500",2025-03-05T12:19:00.000,UNABLE TO DETERMINE,UNABLE TO DETERMINE,7501,N,WESTERN AVE,2411,2,NO INDICATION OF INJURY,0,0,0,0,0,1,0,12,4,3,42.01745013,-87.69004937,POINT (-87.690049368669 42.017450130876),15
fd908b4d6f3472abf728f305b91292d5b10886b888eba1bebc5fffb32c15a19f1b90acc32a6cd2bd9919338ecc2270a5ea492b7f0f7039b0512c994e2ebac945,2025/3/5 12:15,20,TRAFFIC SIGNAL,FUNCTIONING PROPERLY,CLEAR,DAYLIGHT,REAR END,NOT DIVIDED,STRAIGHT ON GRADE,DRY,UNKNOWN,ON SCENE,NO INJURY / DRIVE AWAY,"OVER $1,500",2025-03-05T12:17:00.000,UNABLE TO DETERMINE,UNABLE TO DETERMINE,5701,S,INDIANA AVE,232,2,NO INDICATION OF INJURY,0,0,0,0,0,2,0,12,4,3,41.79100249,-87.62060523,POINT (-87.62060522788 41.79100248696),20
c02c89eb391b07dbd85a0bccd2221c6f5d5d53b15c4eb97e0de44753014c159a8e927344a810bf8dae8e32b15b6cf4120aa63e4488aea7fe4f7458182ca7276a,2025/3/5 12:05,30,NO CONTROLS,NO CONTROLS,CLOUDY/OVERCAST,DAYLIGHT,PARKED MOTOR VEHICLE,NOT DIVIDED,STRAIGHT AND LEVEL,WET,NO DEFECTS,ON SCENE,NO INJURY / DRIVE AWAY,"OVER $1,500",2025-03-05T12:08:00.000,UNABLE TO DETERMINE,NOT APPLICABLE,5333,N,SHERIDAN RD,2023,2,NO INDICATION OF INJURY,0,0,0,0,0,1,0,12,4,3,41.97913504,-87.65490971,POINT (-87.654909708167 41.979135037755),30
30ba5ca50fa8e0c9ba9aa67d25332b19cacb0a226bbdfae6bff9e33467279dd11a1dbe9d977885118316bbf8f9f545302411ef1ab3ef056f98725908fd54d9dc,2025/3/5 12:00,30,UNKNOWN,UNKNOWN,UNKNOWN,UNKNOWN,REAR END,UNKNOWN,STRAIGHT AND LEVEL,UNKNOWN,UNKNOWN,NOT ON SCENE (DESK REPORT),NO INJURY / DRIVE AWAY,"OVER $1,500",2025-03-05T12:40:00.000,UNABLE TO DETERMINE,UNABLE TO DETERMINE,801,W,RANDOLPH ST,1224,2,NO INDICATION OF INJURY,0,0,0,0,0,2,0,12,4,3,41.88429596,-87.64749214,POINT (-87.64749214373 41.884295959832),30