crash_record_id,crash_date,posted_speed_limit,traffic_control_device,device_condition,weather_condition,lighting_condition,first_crash_type,trafficway_type,alignment,roadway_surface_cond,road_defect,report_type,crash_type,damage,date_police_notified,prim_contributory_cause,sec_contributory_cause,street_no,street_direction,street_name,beat_of_occurrence,num_units,most_severe_injury,injuries_total,injuries_fatal,injuries_incapacitating,injuries_non_incapacitating,injuries_reported_not_evident,injuries_no_indication,injuries_unknown,crash_hour,crash_day_of_week,crash_month,latitude,longitude,location,speed_limit
6e2d4d76d45c1119b0ccf7f91eae47aa10eeaa75248b7cd90a2c94c5855d9053b549cc0d144c4d110c12d4923716c3a4ba674864765beffd5e0870196466cf5c,2025/3/5 12:00,20,OTHER WARNING SIGN,NO CONTROLS,CLEAR,DAYLIGHT,FIXED OBJECT,ALLEY,STRAIGHT AND LEVEL,DRY,NO DEFECTS,ON SCENE,NO INJURY / DRIVE AWAY,"OVER $1,500",2025-03-05T21:54:00.000,UNABLE TO DETERMINE,NOT APPLICABLE,742,E,105TH PL,512,1,NO INDICATION OF INJURY,0,0,0,0,0,1,0,12,4,3,41.70299384,-87.60452139,POINT (-87.604521385328 41.702993844484),20
f318002408e3194431e399306fd5c4b49c1d450a1f116bde66e3fa28d05e2caa65bd613dbdf3b0003522065e857af5dd2eba2b99d5c611606a47c5623292070f,2025/3/5 12:00,30,TRAFFIC SIGNAL,FUNCTIONING PROPERLY,CLEAR,DAYLIGHT,PEDESTRIAN,FOUR WAY,STRAIGHT AND LEVEL,DRY,NO DEFECTS,ON SCENE,NO INJURY / DRIVE AWAY,$500 OR LESS,2025-03-05T12:05:00.000,UNABLE TO DETERMINE,UNABLE TO DETERMINE,1601,N,HALSTED ST,1813,2,NO INDICATION OF INJURY,0,0,0,0,0,2,0,12,4,3,41.91094452,-87.64812519,POINT (-87.648125189303 41.910944515457),30
22f646596f4a0c1a3d97d584cbe55caf048380188f226e9f567cb378f719204eba4aa209216e2e4820b951dd72294eede74b428d83154b5daaa847953c23e6ab,2025/3/5 11:57,30,NO CONTROLS,NO CONTROLS,CLEAR,DAYLIGHT,TURNING,DIVIDED - W/MEDIAN (NOT RAISED),STRAIGHT AND LEVEL,DRY,NO DEFECTS,ON SCENE,INJURY AND / OR TOW DUE TO CRASH,"OVER $1,500",2025-03-05T12:08:00.000,UNABLE TO DETERMINE,UNABLE TO DETERMINE,7222,N,HARLEM AVE,1611,2,NO INDICATION OF INJURY,0,0,0,0,0,2,0,11,4,3,42.01242417,-87.80677655,POINT (-87.806776549085 42.012424169692),30
e35da796f6cfa3faa14d20fb32a452f4d5c177eb8c5a80a5bfcc82462f1396378b2dc85230207b61df4f93c380f8cc8d938feccae4a66b6e8ca0ac36515e4ea6,2025/3/5 11:55,30,NO CONTROLS,NO CONTROLS,RAIN,DAYLIGHT,TURNING,DIVIDED - W/MEDIAN (NOT RAISED),STRAIGHT AND LEVEL,WET,UNKNOWN,ON SCENE,INJURY AND / OR TOW DUE TO CRASH,"OVER $1,500",2025-03-05T12:00:00.000,UNABLE TO DETERMINE,NOT APPLICABLE,2749,N,CICERO AVE,2521,3,NO INDICATION OF INJURY,0,0,0,0,0,3,0,11,4,3,41.93117816,-87.74643357,POINT (-87.746433574382 41.931178164027),30
f1afdf4b10e2fe06528faabe713480d34d695ada260728b217d1e63ae5ec449456dfff60198d611eccceea45d0a6170337f7c1cce3b2f23feb851a299963c4ea,2025/3/5 11:55,35,TRAFFIC SIGNAL,FUNCTIONING PROPERLY,CLEAR,DAYLIGHT,TURNING,FOUR WAY,STRAIGHT AND LEVEL,DRY,NO DEFECTS,NOT ON SCENE (DESK REPORT),NO INJURY / DRIVE AWAY,"OVER $1,500",2025-03-05T13:00:00.000,UNABLE TO DETERMINE,UNABLE TO DETERMINE,2366,S,WESTERN AVE,1034,2,NO INDICATION OF INJURY,0,0,0,0,0,2,0,11,4,3,41.84844272,-87.68568426,POINT (-87.685684263576 41.848442715589),35
0178e43434feda7a35a1f0482b9d71c86e5459a2b77d539e6dd02bb4bb9ae9b5c2357dfbcee39a1c21572a9769b8e09ac69bcc4dea2e836266e4fce0b6cdb3f7,2025/3/5 11:47,30,STOP SIGN/FLASHER,FUNCTIONING PROPERLY,CLEAR,DAYLIGHT,TURNING,NOT DIVIDED,STRAIGHT AND LEVEL,DRY,UNKNOWN,ON SCENE,INJURY AND / OR TOW DUE TO CRASH,"OVER $1,500",2025-03-05T11:49:00.000,FAILING TO YIELD RIGHT-OF-WAY,UNABLE TO DETERMINE,5600,S,PULASKI RD,813,2,NO INDICATION OF INJURY,0,0,0,0,0,2,0,11,4,3,41.79134942,-87.72325532,POINT (-87.723255322969 41.791349423725),30
bf37e6bd1a8536f9ca5a0e8d8d48a723105c290cc9d61f9a288fc22b264de222db12c31a81710c5e0831355b74487e210dabb1835036a2b8ec91f8af9cfc3fbf,2025/3/5 11:40,10,NO CONTROLS,NO CONTROLS,RAIN,DAYLIGHT,PARKED MOTOR VEHICLE,PARKING LOT,STRAIGHT AND LEVEL,WET,UNKNOWN,ON SCENE,NO INJURY / DRIVE AWAY,"OVER $1,500",2025-03-05T14:20:00.000,FOLLOWING TOO CLOSELY,NOT APPLICABLE,2639,S,DAMEN AVE,1034,2,NO INDICATION OF INJURY,0,0,0,0,0,1,0,11,4,3,41.84361888,-87.67547236,POINT (-87.675472364536 41.843618878618),10
1d302f8fceb5372d5c73834729870cec6d397b5c23306f94d57c95d0caeebce02cce0a0889988daa24bc3f162d1bcbb33f256cbf180836715d45d8560b8af7b9,2025/3/5 11:37,30,UNKNOWN,UNKNOWN,CLEAR,DAYLIGHT,PARKED MOTOR VEHICLE,UNKNOWN,STRAIGHT AND LEVEL,WET,NO DEFECTS,NOT ON SCENE (DESK REPORT),NO INJURY / DRIVE AWAY,"$501 - $1,500",2025-03-05T13:05:00.000,UNABLE TO DETERMINE,UNABLE TO DETERMINE,215,N,DESPLAINES ST,1214,2,NO INDICATION OF INJURY,0,0,0,0,0,1,0,11,4,3,41.8862297,-87.6441138,POINT (-87.644113797125 41.88622969702),30
c3410143cd3d24852a4bc470368f4a85bd93447f7f06d1e4cbf46034ef97c0b0faf16dd3e649b5ab63e71750754693a1d0e9fb8b6b9dcbd3cc787ed0181f6419,2025/3/5 11:30,20,UNKNOWN,UNKNOWN,UNKNOWN,UNKNOWN,REAR TO FRONT,PARKING LOT,STRAIGHT AND LEVEL,UNKNOWN,UNKNOWN,NOT ON SCENE (DESK REPORT),NO INJURY / DRIVE AWAY,$500 OR LESS,2025-03-06T19:45:00.000,UNABLE TO DETERMINE,UNABLE TO DETERMINE,1855,S,KILBOURN AVE,1012,2,NO INDICATION OF INJURY,0,0,0,0,0,2,0,11,4,3,41.8553305,-87.73692526,POINT (-87.73692526337 41.855330496139),20
fc7264dff74ecc50b3accf061835a645a1dec1ebc75849c1f3f833b19b1492df88358be2db24a5bcd01273a36e6766e1e22cca1d1fbeb76499747d94ca7face2,2025/3/5 11:30,30,NO CONTROLS,NO CONTROLS,CLEAR,DAYLIGHT,SIDESWIPE SAME DIRECTION,DIVIDED - W/MEDIAN (NOT RAISED),STRAIGHT AND LEVEL,DRY,NO DEFECTS,ON SCENE,NO INJURY / DRIVE AWAY,"OVER $1,500",2025-03-05T11:35:00.000,UNABLE TO DETERMINE,UNABLE TO DETERMINE,4250,W,55TH ST,815,2,NO INDICATION OF INJURY,0,0,0,0,0,3,0,11,4,3,41.7932512,-87.73011548,POINT (-87.730115481889 41.793251197108),30
41ec85691860edaceb6d7d6cc3afc03d19bd20bdcf227cec214a17965f47aecc63b18ca2d30f9f1f9b08eda834dcb1e9acbaab8e48f90c761a3d4a8cdc8194f1,2025/3/5 11:20,30,NO CONTROLS,NO CONTROLS,CLEAR,DAYLIGHT,TURNING,PARKING LOT,STRAIGHT AND LEVEL,DRY,NO DEFECTS,NOT ON SCENE (DESK REPORT),NO INJURY / DRIVE AWAY,$500 OR LESS,2025-03-05T14:00:00.000,UNABLE TO DETERMINE,UNABLE TO DETERMINE,1340,S,CANAL ST,124,2,NO INDICATION OF INJURY,0,0,0,0,0,2,0,11,4,3,41.86452119,-87.6393041,POINT (-87.639304099636 41.864521193744),30
4b2586461bb2d227e8d2b43771f94e67a15d42add09c9ac917016842758349db51ab662d308967ecce36e8bc8461eebf743d1ac5bc16caf1afb631ce5fb1c50b,2025/3/5 11:12,30,UNKNOWN,UNKNOWN,UNKNOWN,UNKNOWN,REAR END,NOT DIVIDED,STRAIGHT AND LEVEL,UNKNOWN,UNKNOWN,NOT ON SCENE (DESK REPORT),NO INJURY / DRIVE AWAY,"OVER $1,500",2025-03-05T19:15:00.000,UNABLE TO DETERMINE,UNABLE TO DETERMINE,360,E,JACKSON DR,114,2,NO INDICATION OF INJURY,0,0,0,0,0,2,0,11,4,3,41.87847143,-87.61852513,POINT (-87.618525129775 41.878471434459),30
21ce6fb9b00c81dc393137e4cbe1fb158ccd995ebd3f1b1bd277e4c5147d63828367d54934bf754370ce4d70af72f61b4a355c079757a2d400406f1c6a3b581a,2025/3/5 11:00,30,TRAFFIC SIGNAL,FUNCTIONING PROPERLY,CLEAR,DAYLIGHT,TURNING,DIVIDED - W/MEDIAN (NOT RAISED),STRAIGHT AND LEVEL,DRY,NO DEFECTS,ON SCENE,NO INJURY / DRIVE AWAY,"OVER $1,500",2025-03-05T11:15:00.000,IMPROPER TURNING/NO SIGNAL,IMPROPER LANE USAGE,4600,S,COTTAGE GROVE AVE,221,2,NO INDICATION OF INJURY,0,0,0,0,0,2,0,11,4,3,41.81126144,-87.60674997,POINT (-87.606749972034 41.811261436387),30
97ce1390f3ebd73c0c2e9b2a56f0dcb5de1d218947b2e02c2ffd9f4dd3d0fee68ccd6cf84e9652eb43b9dbb65ac0255390368fde0e75291993d3d0bdfeb14da1,2025/3/5 11:00,30,NO CONTROLS,NO CONTROLS,CLOUDY/OVERCAST,DAYLIGHT,REAR TO FRONT,DIVIDED - W/MEDIAN BARRIER,STRAIGHT AND LEVEL,DRY,UNKNOWN,NOT ON SCENE (DESK REPORT),NO INJURY / DRIVE AWAY,"OVER $1,500",2025-03-05T11:25:00.000,IMPROPER BACKING,UNABLE TO DETERMINE,2020,N,LINCOLN PARK WEST,1814,2,NO INDICATION OF INJURY,0,0,0,0,0,2,0,11,4,3,41.9193571,-87.63653408,POINT (-87.636534080818 41.919357100617),30
b4e374ff4bcd8a0551253c10f479da4458b4b899a43d44efad326b964992d0e00a15914dedd7859a8230d2b67fd40db2872d27a34159949a17140a3d38ab1527,2025/3/5 11:00,20,STOP SIGN/FLASHER,FUNCTIONING PROPERLY,CLEAR,DAYLIGHT,PARKED MOTOR VEHICLE,ONE-WAY,STRAIGHT AND LEVEL,DRY,UNKNOWN,ON SCENE,INJURY AND / OR TOW DUE TO CRASH,"OVER $1,500",2025-03-05T11:09:00.000,FAILING TO REDUCE SPEED TO AVOID CRASH,NOT APPLICABLE,3255,N,NEENAH AVE,1632,2,NO INDICATION OF INJURY,0,0,0,0,0,1,0,11,4,3,41.93988402,-87.78961789,POINT (-87.789617892093 41.939884021918),20
ffebe107dfae7c0804490c1a1c8d1d3b2f977d6fd12d3809b7936750ad72f115d7a89931109d29aa3d36af609dff25c973274daec6a8901349c4401b4bc1d1e4,2025/3/5 11:00,20,NO CONTROLS,NO CONTROLS,CLEAR,DAYLIGHT,SIDESWIPE OPPOSITE DIRECTION,NOT DIVIDED,STRAIGHT AND LEVEL,DRY,NO DEFECTS,NOT ON SCENE (DESK REPORT),NO INJURY / DRIVE AWAY,"$501 - $1,500",2025-03-05T12:30:00.000,UNABLE TO DETERMINE,NOT APPLICABLE,221,E,121ST PL,532,2,NO INDICATION OF INJURY,0,0,0,0,0,2,0,11,4,3,41.67343802,-87.61684512,POINT (-87.616845116708 41.673438024325),20
c22e3a1d77b148e36207cc112b5f95be5cddc01ab0fcb86f302b0f4ca1d41beb2776339421089a5083fad6d86d164b70186d9df16b5ddfdc4a499ce7c53c4875,2025/3/5 10:51,10,NO CONTROLS,NO CONTROLS,CLEAR,DAYLIGHT,REAR END,ONE-WAY,STRAIGHT AND LEVEL,DRY,NO DEFECTS,NOT ON SCENE (DESK REPORT),NO INJURY / DRIVE AWAY,$500 OR LESS,2025-03-05T11:20:00.000,IMPROPER BACKING,IMPROPER BACKING,221,E,121ST ST,532,2,NO INDICATION OF INJURY,0,0,0,0,0,2,0,10,4,3,41.67421739,-87.61679422,POINT (-87.616794215729 41.67421739365),10
e7e03a94e82d6dd8a9fd753abf5a4d1a651d3e2ec495623ca1c303199c5f56ab4a866d09b1d18488d8b0943aac61acd9f07193bbfc6aa7a23e68309b8a9ccba1,2025/3/5 10:50,10,UNKNOWN,UNKNOWN,CLEAR,DAYLIGHT,REAR TO SIDE,PARKING LOT,STRAIGHT AND LEVEL,UNKNOWN,UNKNOWN,NOT ON SCENE (DESK REPORT),NO INJURY / DRIVE AWAY,"OVER $1,500",2025-03-05T11:15:00.000,IMPROPER BACKING,IMPROPER BACKING,3531,N,BROADWAY,1925,2,NO INDICATION OF INJURY,0,0,0,0,0,2,0,10,4,3,41.94638465,-87.64652486,POINT (-87.646524863347 41.946384651554),10
7ad70b0db6620c9d2f570ee1b2189856be14cc2b74126edaff85e370fc76d2a24d88175c9a0e7ff620a0c35123f0353d8aadf248c8719bf8eb5cce189a56169d,2025/3/5 10:44,30,NO CONTROLS,NO CONTROLS,RAIN,DAYLIGHT,SIDESWIPE SAME DIRECTION,NOT DIVIDED,STRAIGHT AND LEVEL,WET,NO DEFECTS,ON SCENE,INJURY AND / OR TOW DUE TO CRASH,"OVER $1,500",2025-03-05T10:47:00.000,FOLLOWING TOO CLOSELY,NOT APPLICABLE,201,W,87TH ST,634,2,NO INDICATION OF INJURY,0,0,0,0,0,2,0,10,4,3,41.73604849,-87.62899487,POINT (-87.628994873851 41.736048485797),30
3e160d9f20412615e8e6908f6f24df771bf0c772e9b6f0391b6b3be0ede33ea9cbd3ec420030c66d9de000e26ade9598448a29586492f1168d793cb2df0a1666,2025/3/5 10:30,10,UNKNOWN,UNKNOWN,UNKNOWN,UNKNOWN,PARKED MOTOR VEHICLE,NOT DIVIDED,STRAIGHT AND LEVEL,UNKNOWN,UNKNOWN,ON SCENE,NO INJURY / DRIVE AWAY,"OVER $1,500",2025-03-05T12:40:00.000,UNABLE TO DETERMINE,NOT APPLICABLE,3570,N,ELSTON AVE,1733,2,NO INDICATION OF INJURY,0,0,0,0,0,1,0,10,4,3,41.9460576,-87.70823011,POINT (-87.708230109805 41.946057604016),10
43a83cbdcbec847bd428be326519e3526fa2a7c3a193e2dc658e89eda805396b7db13162f14aa4cade737c70ec8f0fd201edd10174afaf4ba6d005864c9f8165,2025/3/5 10:30,30,NO CONTROLS,NO CONTROLS,UNKNOWN,UNKNOWN,PARKED MOTOR VEHICLE,ONE-WAY,STRAIGHT AND LEVEL,UNKNOWN,UNKNOWN,NOT ON SCENE (DESK REPORT),NO INJURY / DRIVE AWAY,"$501 - $1,500",2025-03-05T14:20:00.000,UNABLE TO DETERMINE,NOT APPLICABLE,2501,W,MORSE AVE,2411,2,NO INDICATION OF INJURY,0,0,0,0,0,1,0,10,4,3,42.00668292,-87.6926552,POINT (-87.692655197029 42.006682919934),30
b069e725e10e2c3fe88534a7d5fc952acb505c00432fcc941a287d8001399173ce6c6ace075ee61d9f9ce10c401e411b24fd6f67ae3a215fbfae867257289f08,2025/3/5 10:30,30,NO CONTROLS,NO CONTROLS,CLEAR,DAYLIGHT,SIDESWIPE SAME DIRECTION,NOT DIVIDED,STRAIGHT AND LEVEL,DRY,NO DEFECTS,NOT ON SCENE (DESK REPORT),NO INJURY / DRIVE AWAY,"$501 - $1,500",2025-03-05T10:47:00.000,UNABLE TO DETERMINE,UNABLE TO DETERMINE,5457,W,MADISON ST,1522,2,NO INDICATION OF INJURY,0,0,0,0,0,2,0,10,4,3,41.88017308,-87.76217849,POINT (-87.762178487393 41.88017308125),30
cb9d141e369a8c07af4c07571c220585ad542cc8e4ffec2e3d253d171e0f7e30e9869a96daa93980c029f176b18d26efbf316910f8ef1d63654e3c322c7abbed,2025/3/5 10:30,30,TRAFFIC SIGNAL,FUNCTIONING PROPERLY,CLEAR,DAYLIGHT,SIDESWIPE SAME DIRECTION,NOT DIVIDED,STRAIGHT AND LEVEL,DRY,NO DEFECTS,ON SCENE,NO INJURY / DRIVE AWAY,"$501 - $1,500",2025-03-05T10:37:00.000,UNABLE TO DETERMINE,UNABLE TO DETERMINE,4749,N,PULASKI RD,1723,2,NO INDICATION OF INJURY,0,0,0,0,0,2,0,10,4,3,41.96787847,-87.72786949,POINT (-87.727869493751 41.967878471126),30
2b7d66fe534d62ecde0fe7a6a25806e015aae0c65ca7f5fa55cd5f21bf09ae22a30823d4750c9b6b4080d38c5e6ba8e25e836febdf5cafb173169d593cf617ec,2025/3/5 10:28,35,TRAFFIC SIGNAL,FUNCTIONING PROPERLY,CLEAR,DAYLIGHT,SIDESWIPE SAME DIRECTION,FOUR WAY,STRAIGHT AND LEVEL,DRY,NO DEFECTS,NOT ON SCENE (DESK REPORT),NO INJURY / DRIVE AWAY,"$501 - $1,500",2025-03-05T12:00:00.000,UNABLE TO DETERMINE,UNABLE TO DETERMINE,805,W,76TH ST,621,2,NO INDICATION OF INJURY,0,0,0,0,0,2,0,10,4,3,41.75598863,-87.64440812,POINT (-87.644408123745 41.755988628267),35
d8ba1f1625c2b0aa3594b3890da43c1c60f15b717a2f9dfbe2656538430b24d6efb5132b9e2f568481413337b9d806ada100a433821ee2e6f32ea1e94c7d00bb,2025/3/5 10:20,30,TRAFFIC SIGNAL,FUNCTIONING PROPERLY,RAIN,DAYLIGHT,SIDESWIPE SAME DIRECTION,NOT DIVIDED,STRAIGHT AND LEVEL,WET,NO DEFECTS,NOT ON SCENE (DESK REPORT),INJURY AND / OR TOW DUE TO CRASH,"OVER $1,500",2025-03-05T13:10:00.000,IMPROPER LANE USAGE,UNABLE TO DETERMINE,1801,E,87TH ST,412,2,"REPORTED, NOT EVIDENT",1,0,0,0,1,1,0,10,4,3,41.73687812,-87.5805093,POINT (-87.580509296696 41.736878124739),30
3403ab4042dc7e54dcf2e9fb7d7f3492a8e2f32b33ec448b610c8e8d92e833f648352a8510be583db99c07da8bc483dff6228d7fc948e03f3fa233984a993052,2025/3/5 10:15,30,NO CONTROLS,NO CONTROLS,CLEAR,DAYLIGHT,REAR END,NOT DIVIDED,STRAIGHT AND LEVEL,DRY,NO DEFECTS,ON SCENE,NO INJURY / DRIVE AWAY,"OVER $1,500",2025-03-05T10:25:00.000,UNABLE TO DETERMINE,UNABLE TO DETERMINE,4305,S,PULASKI RD,821,3,NO INDICATION OF INJURY,0,0,0,0,0,3,0,10,4,3,41.8149936,-87.7237077,POINT (-87.723707695294 41.814993602943),30
bb0aafe0c32bee271523e94c5ff3b9c7ad3ac3ba4e08b87df0440f2790b0e243d0e887ae55263386760235c626e9465a40e5f1b882e4b5bdaeb65a0346146b89,2025/3/5 10:15,30,UNKNOWN,UNKNOWN,RAIN,DAYLIGHT,SIDESWIPE SAME DIRECTION,NOT DIVIDED,STRAIGHT AND LEVEL,UNKNOWN,UNKNOWN,NOT ON SCENE (DESK REPORT),NO INJURY / DRIVE AWAY,"OVER $1,500",2025-03-05T16:15:00.000,UNABLE TO DETERMINE,UNABLE TO DETERMINE,5440,W,MADISON ST,1522,2,NO INDICATION OF INJURY,0,0,0,0,0,2,0,10,4,3,41.88039647,-87.76181157,POINT (-87.761811571834 41.880396470091),30
22f01108239bf03dc0d457e2ab7c8adec42c02bc95646bdd2ed1e1905a950756cb2a4c898cafcb924d9e6a569c059cc05ff0f57eac9e14fa423654495da74f41,2025/3/5 10:02,30,TRAFFIC SIGNAL,FUNCTIONING PROPERLY,CLEAR,DAYLIGHT,REAR END,NOT DIVIDED,STRAIGHT AND LEVEL,DRY,NO DEFECTS,ON SCENE,INJURY AND / OR TOW DUE TO CRASH,"OVER $1,500",2025-03-05T10:03:00.000,FOLLOWING TOO CLOSELY,DRIVING SKILLS/KNOWLEDGE/EXPERIENCE,123,E,51ST ST,231,2,NO INDICATION OF INJURY,0,0,0,0,0,2,0,10,4,3,41.80190799,-87.62156099,POINT (-87.621560994312 41.801907988618),30
0f750c405973e41763394636d5b8736197712a76add8a096051b2fd348097dd34095386d91c3229e749efa35113289be5e501617b366575ad4398d93b1ff5248,2025/3/5 10:00,30,NO CONTROLS,NO CONTROLS,RAIN,DAYLIGHT,PARKED MOTOR VEHICLE,NOT DIVIDED,STRAIGHT AND LEVEL,WET,NO DEFECTS,ON SCENE,NO INJURY / DRIVE AWAY,"OVER $1,500",2025-03-05T11:40:00.000,UNABLE TO DETERMINE,NOT APPLICABLE,2002,W,100TH ST,2213,2,NO INDICATION OF INJURY,0,0,0,0,0,1,0,10,4,3,41.71209865,-87.67225578,POINT (-87.672255774997 41.712098652088),30
f3e6088e7e3d9fa3f168f5659b1396a3a0f2ba8bf46d3d77cfdb2d92ca1b391190c391d7fb6c1fef8428c3d2b29d30862b3d23bae9bf84eaa9a8dffe6d38facc,2025/3/5 10:00,30,NO CONTROLS,NO CONTROLS,CLEAR,DAYLIGHT,PARKED MOTOR VEHICLE,ONE-WAY,STRAIGHT AND LEVEL,DRY,NO DEFECTS,ON SCENE,NO INJURY / DRIVE AWAY,$500 OR LESS,2025-03-05T11:30:00.000,UNABLE TO DETERMINE,NOT APPLICABLE,4737,S,ADA ST,933,2,NO INDICATION OF INJURY,0,0,0,0,0,1,0,10,4,3,41.80757779,-87.65871698,POINT (-87.658716981798 41.807577787651),30
48206332aa7cc473268cfa92a3b7a2dbbadd1a108432679cf4e649698bdaeffd5fd2606a91ec861417a1480a692113ce46cb598c6c3b6eb6acb38e6f85ce0ad6,2025/3/5 9:45,30,TRAFFIC SIGNAL,FUNCTIONING PROPERLY,CLEAR,DAYLIGHT,REAR END,NOT DIVIDED,STRAIGHT AND LEVEL,WET,UNKNOWN,NOT ON SCENE (DESK REPORT),NO INJURY / DRIVE AWAY,"$501 - $1,500",2025-03-05T09:54:00.000,WEATHER,NOT APPLICABLE,11100,S,ELLIS AVE,531,2,NO INDICATION OF INJURY,0,0,0,0,0,2,0,9,4,3,41.69275885,-87.60528437,POINT (-87.605284373315 41.692758854538),30
543b6041cbbdd97e7885eb2143f2a8ede97513aef32ac2c354bb44215490b088bc7fc0f9688d702830a24095931c016108130aeedb727577ab4fc5eb7d222447,2025/3/5 9:45,10,NO CONTROLS,NO CONTROLS,CLEAR,DAYLIGHT,PARKED MOTOR VEHICLE,PARKING LOT,STRAIGHT AND LEVEL,WET,NO DEFECTS,NOT ON SCENE (DESK REPORT),NO INJURY / DRIVE AWAY,"OVER $1,500",2025-03-05T13:00:00.000,UNABLE TO DETERMINE,UNABLE TO DETERMINE,3960,W,26TH ST,1013,2,NO INDICATION OF INJURY,0,0,0,0,0,1,0,9,4,3,41.84436504,-87.72449252,POINT (-87.724492520268 41.844365037785),10
ba0cac8bba0fdb40ef133327070a31d06bca4e57df95b153d5fed9d73b24c342f24781e7726804df64c0120ba9edcb45047b7053617a90a060c0077937ba3107,2025/3/5 9:45,35,NO CONTROLS,NO CONTROLS,UNKNOWN,DAYLIGHT,ANGLE,PARKING LOT,STRAIGHT AND LEVEL,UNKNOWN,UNKNOWN,NOT ON SCENE (DESK REPORT),NO INJURY / DRIVE AWAY,"OVER $1,500",2025-03-05T14:00:00.000,FAILING TO YIELD RIGHT-OF-WAY,NOT APPLICABLE,10750,S,HALSTED ST,2233,2,NO INDICATION OF INJURY,0,0,0,0,0,2,0,9,4,3,41.69813147,-87.64270787,POINT (-87.64270786567 41.698131470126),35
cec18c5ca443ea069d2867ce9742388a86b75e74c387a851b55aee59a6c7764fef5b3a7a6a2252c863aec51784f516a288a1b09e31dba14b6a6c67f398bbf0a3,2025/3/5 9:30,30,UNKNOWN,UNKNOWN,CLEAR,DAYLIGHT,SIDESWIPE SAME DIRECTION,DIVIDED - W/MEDIAN (NOT RAISED),STRAIGHT AND LEVEL,DRY,UNKNOWN,NOT ON SCENE (DESK REPORT),NO INJURY / DRIVE AWAY,"OVER $1,500",2025-03-05T09:45:00.000,UNABLE TO DETERMINE,NOT APPLICABLE,5700,S,LAKE SHORE DR,331,2,NO INDICATION OF INJURY,0,0,0,0,0,2,0,9,4,3,41.79142028,-87.58014777,POINT (-87.580147768689 41.791420282098),30
0c90b11c91dc6bed6e2e4e6b955f8b09d2d70871e7322c6c926b887a7d8213dcfdfe72affb3a370ae99960f3c7e5de56992e0e8df552998fb40339e4a7ac4338,2025/3/5 9:25,15,NO CONTROLS,NO CONTROLS,CLEAR,DAYLIGHT,PARKED MOTOR VEHICLE,OTHER,STRAIGHT AND LEVEL,DRY,NO DEFECTS,ON SCENE,NO INJURY / DRIVE AWAY,$500 OR LESS,2025-03-05T09:50:00.000,IMPROPER OVERTAKING/PASSING,NOT APPLICABLE,1501,N,GREENVIEW AVE,1433,2,NO INDICATION OF INJURY,0,0,0,0,0,2,0,9,4,3,41.90891372,-87.66505758,POINT (-87.665057582176 41.908913721607),15
0bbea25c8fac606398d4d8b53649fc7c6c5a207ca16a5fdff7affceab0c5f8b9d99b41d741a0fe1b29532d405cc7690a87cddcdf5babe0cfb5f56fa3b7d31ed4,2025/3/5 9:23,30,STOP SIGN/FLASHER,FUNCTIONING PROPERLY,CLOUDY/OVERCAST,DAYLIGHT,ANGLE,UNKNOWN INTERSECTION TYPE,STRAIGHT AND LEVEL,DRY,NO DEFECTS,ON SCENE,NO INJURY / DRIVE AWAY,"$501 - $1,500",2025-03-05T09:28:00.000,FAILING TO YIELD RIGHT-OF-WAY,NOT APPLICABLE,1850,W,CONGRESS PKWY,1225,2,NO INDICATION OF INJURY,0,0,0,0,0,2,0,9,4,3,41.87517436,-87.67356672,POINT (-87.673566720064 41.87517435823),30
79c87e1744f014624acd75aede5d761b50aafcb133864706619531d789a4fb5ccbb56225ebfcf08aebf999f1de972c5873aa949d96947164cc3717f80996fb1b,2025/3/5 9:20,20,STOP SIGN/FLASHER,FUNCTIONING PROPERLY,CLEAR,DAYLIGHT,ANGLE,NOT DIVIDED,STRAIGHT ON GRADE,DRY,UNKNOWN,ON SCENE,INJURY AND / OR TOW DUE TO CRASH,"OVER $1,500",2025-03-05T09:22:00.000,FAILING TO YIELD RIGHT-OF-WAY,FAILING TO YIELD RIGHT-OF-WAY,5800,S,INDIANA AVE,232,2,NO INDICATION OF INJURY,0,0,0,0,0,2,0,9,4,3,41.7891756,-87.62084906,POINT (-87.620849058528 41.789175595836),20
7f9213a143852e16f6090ed7ec8e372274871d15caaacf24b28bad1366a8ab7ee8ec550bc0a2997d6c1f6563d2f338daff23a7920c164bd0647d9dc8127f0741,2025/3/5 9:16,30,TRAFFIC SIGNAL,FUNCTIONING PROPERLY,CLEAR,DAYLIGHT,TURNING,NOT DIVIDED,STRAIGHT AND LEVEL,DRY,NO DEFECTS,ON SCENE,INJURY AND / OR TOW DUE TO CRASH,"OVER $1,500",2025-03-05T09:19:00.000,UNABLE TO DETERMINE,NOT APPLICABLE,1525,E,55TH ST,235,2,"REPORTED, NOT EVIDENT",1,0,0,0,1,4,0,9,4,3,41.79508123,-87.58817849,POINT (-87.588178491439 41.795081225637),30