crash_record_id,crash_date,posted_speed_limit,traffic_control_device,device_condition,weather_condition,lighting_condition,first_crash_type,trafficway_type,alignment,roadway_surface_cond,road_defect,report_type,crash_type,damage,date_police_notified,prim_contributory_cause,sec_contributory_cause,street_no,street_direction,street_name,beat_of_occurrence,num_units,most_severe_injury,injuries_total,injuries_fatal,injuries_incapacitating,injuries_non_incapacitating,injuries_reported_not_evident,injuries_no_indication,injuries_unknown,crash_hour,crash_day_of_week,crash_month,latitude,longitude,location,speed_limit
1abb20f1fd7bdf7d19092704ef5e03659c4f616157e152a592b7c459c708d929e662fa98c166386eb85dcb937315e00a33820440e50b5c9491bbce4ec3c020c8,2025/3/5 7:50,30,STOP SIGN/FLASHER,FUNCTIONING PROPERLY,CLEAR,DAYLIGHT,ANGLE,NOT DIVIDED,STRAIGHT AND LEVEL,DRY,NO DEFECTS,NOT ON SCENE (DESK REPORT),NO INJURY / DRIVE AWAY,"OVER $1,500",2025-03-05T08:45:00.000,DRIVING SKILLS/KNOWLEDGE/EXPERIENCE,UNABLE TO DETERMINE,10500,S,CALHOUN AVE,434,2,NO INDICATION OF INJURY,0,0,0,0,0,2,0,7,4,3,41.70449405,-87.56218762,POINT (-87.562187620914 41.704494054945),30
543742c10ad3ec972ae05b290b0f9d9eb7870222f4115c09f3b872d1cd49e65afeaaf7ea1e2993a44bd4b345cc1128ca9ba4a2c9cc15197c73df805a296056fe,2025/3/5 7:50,40,NO CONTROLS,NO CONTROLS,CLEAR,DAYLIGHT,REAR END,DIVIDED - W/MEDIAN BARRIER,STRAIGHT AND LEVEL,WET,UNKNOWN,ON SCENE,INJURY AND / OR TOW DUE TO CRASH,"OVER $1,500",2025-03-05T07:51:00.000,UNABLE TO DETERMINE,NOT APPLICABLE,4351,N,LAKE SHORE DR NB,1915,2,NONINCAPACITATING INJURY,1,0,0,1,0,1,0,7,4,3,41.96195363,-87.64607681,POINT (-87.646076809858 41.961953631409),40
c5da337e5d5adccb177adbbdf95772427916e0fcf312e775a1fe270cfc774b5fc85fd8cd4137312b649bc8ff5a301e711e7c1f7aeac42bd241ffd845419ab8ba,2025/3/5 7:50,30,NO CONTROLS,NO CONTROLS,CLEAR,DAYLIGHT,FIXED OBJECT,NOT DIVIDED,STRAIGHT AND LEVEL,DRY,NO DEFECTS,ON SCENE,INJURY AND / OR TOW DUE TO CRASH,"OVER $1,500",2025-03-05T08:35:00.000,ROAD ENGINEERING/SURFACE/MARKING DEFECTS,UNABLE TO DETERMINE,1501,W,NORTH AVE,1433,1,NO INDICATION OF INJURY,0,0,0,0,0,2,0,7,4,3,41.91055465,-87.66521232,POINT (-87.665212316888 41.910554645603),30
cc09ffb730c2b87d0dfbf3a513db88a72fb6f82111cc4abc2367d2eed7a936f547b6bc93328901552fdd3f905405f9ded1b3447d5cfe911d24cb8a73fc6685d5,2025/3/5 7:50,25,TRAFFIC SIGNAL,FUNCTIONING PROPERLY,RAIN,DAYLIGHT,SIDESWIPE SAME DIRECTION,NOT DIVIDED,STRAIGHT AND LEVEL,WET,NO DEFECTS,ON SCENE,INJURY AND / OR TOW DUE TO CRASH,$500 OR LESS,2025-03-05T08:30:00.000,UNABLE TO DETERMINE,UNABLE TO DETERMINE,725,W,ARMITAGE AVE,1813,2,NONINCAPACITATING INJURY,1,0,0,1,0,1,0,7,4,3,41.9180872,-87.6471658,POINT (-87.647165799029 41.918087204448),25
328592fc067d996fcf7c48f117692a10d9b07fe35e076f706954d85f573bfbfd0914628da789b640a876cde85e9360dce1f32f7ee6e6746cb861fa13bbe6921f,2025/3/5 7:35,35,UNKNOWN,UNKNOWN,UNKNOWN,DAYLIGHT,PARKED MOTOR VEHICLE,NOT DIVIDED,STRAIGHT AND LEVEL,UNKNOWN,UNKNOWN,ON SCENE,NO INJURY / DRIVE AWAY,$500 OR LESS,2025-03-05T07:40:00.000,UNABLE TO DETERMINE,UNABLE TO DETERMINE,358,W,115TH ST,522,2,NO INDICATION OF INJURY,0,0,0,0,0,6,0,7,4,3,41.68531457,-87.63242396,POINT (-87.632423957093 41.685314566165),35
0762201400cf390a80df51ae4ba851717fbf6537ebe366ed2965719185f0b33713f0e3e4a41bc97fa73c022aa86e36abc04166b753461548c44cd7cdbd8c7023,2025/3/5 7:30,30,TRAFFIC SIGNAL,FUNCTIONING PROPERLY,RAIN,DAYLIGHT,REAR END,DIVIDED - W/MEDIAN (NOT RAISED),STRAIGHT AND LEVEL,WET,NO DEFECTS,NOT ON SCENE (DESK REPORT),NO INJURY / DRIVE AWAY,$500 OR LESS,2025-03-05T07:40:00.000,FOLLOWING TOO CLOSELY,FAILING TO REDUCE SPEED TO AVOID CRASH,2125,N,CENTRAL AVE,2515,2,NO INDICATION OF INJURY,0,0,0,0,0,2,0,7,4,3,41.91888608,-87.76526616,POINT (-87.765266160193 41.918886081471),30
3bde5daf2121eec3d6a93db46bbd03d5db90c3d26292b0b99ec21b00d13dab174d4cee1b5a8e85c1736f96eb8965758270b419f3e89b6589eb236acf8a4e27ad,2025/3/5 7:25,5,FLASHING CONTROL SIGNAL,FUNCTIONING IMPROPERLY,RAIN,DAWN,TURNING,"FIVE POINT, OR MORE",STRAIGHT AND LEVEL,WET,NO DEFECTS,NOT ON SCENE (DESK REPORT),NO INJURY / DRIVE AWAY,"OVER $1,500",2025-03-05T13:20:00.000,FOLLOWING TOO CLOSELY,NOT APPLICABLE,2315,W,OGDEN AVE,1233,2,NO INDICATION OF INJURY,0,0,0,0,0,2,0,7,4,3,41.86619115,-87.68406096,POINT (-87.684060963465 41.866191152721),5
ad81d64f162580d72e8774492178f42f66f6e19d91a45956ec327c355edaa836f723dbc4c5595e84667e4b56be753bf15304ffbb4b2ae8afa833e63d889f4007,2025/3/5 7:20,30,NO CONTROLS,NO CONTROLS,RAIN,DAYLIGHT,OTHER OBJECT,NOT DIVIDED,STRAIGHT AND LEVEL,WET,UNKNOWN,ON SCENE,INJURY AND / OR TOW DUE TO CRASH,"OVER $1,500",2025-03-05T07:21:00.000,NOT APPLICABLE,NOT APPLICABLE,11414,S,WESTERN AVE,2212,2,NONINCAPACITATING INJURY,1,0,0,1,0,0,0,7,4,3,41.68566773,-87.68111185,POINT (-87.681111850029 41.68566773253),30
cc5b6e905a2f012935af4de9c1e714376ee27246cc90a4d8d944f7cf6164eadf998e5b8c98314238e833a809292f2adb6de0f6a62c0bebbe9a58f2dfa7396e04,2025/3/5 7:20,30,NO CONTROLS,NO CONTROLS,CLOUDY/OVERCAST,DAYLIGHT,SIDESWIPE SAME DIRECTION,DIVIDED - W/MEDIAN (NOT RAISED),STRAIGHT AND LEVEL,WET,NO DEFECTS,NOT ON SCENE (DESK REPORT),NO INJURY / DRIVE AWAY,$500 OR LESS,2025-03-05T08:10:00.000,FAILING TO YIELD RIGHT-OF-WAY,UNABLE TO DETERMINE,670,N,CLARK ST,1832,2,NO INDICATION OF INJURY,0,0,0,0,0,2,0,7,4,3,41.89450278,-87.63134326,POINT (-87.631343259071 41.894502778389),30
08af7bc421c43e2d51f9eae8314e3fa8a293fffb8cc5688233bb4d427110160a1d23ed6d5554b68e76b341f32d6ec7e398baafb47d45e70acd21632cceda887e,2025/3/5 7:14,30,UNKNOWN,UNKNOWN,UNKNOWN,UNKNOWN,SIDESWIPE OPPOSITE DIRECTION,ALLEY,STRAIGHT AND LEVEL,UNKNOWN,UNKNOWN,NOT ON SCENE (DESK REPORT),NO INJURY / DRIVE AWAY,"$501 - $1,500",2025-03-05T08:35:00.000,UNABLE TO DETERMINE,NOT APPLICABLE,7355,S,MAPLEWOOD AVE,835,2,NO INDICATION OF INJURY,0,0,0,0,0,3,0,7,4,3,41.75937404,-87.68662411,POINT (-87.686624111064 41.759374039431),30
5b0c05cfd40f28d9e0e9e0211638a96d78eafb1ce2e99ef5bf8eabb0a04d32ce8a33b1a65c71bafec8c0688c270c57cf915b7ac1f1f70680eb7da469ebe6988b,2025/3/5 7:10,30,NO CONTROLS,NO CONTROLS,CLEAR,DAYLIGHT,PARKED MOTOR VEHICLE,DIVIDED - W/MEDIAN (NOT RAISED),STRAIGHT AND LEVEL,DRY,NO DEFECTS,ON SCENE,INJURY AND / OR TOW DUE TO CRASH,"OVER $1,500",2025-03-05T08:49:00.000,FOLLOWING TOO CLOSELY,DRIVING SKILLS/KNOWLEDGE/EXPERIENCE,2735,W,35TH ST,911,2,NO INDICATION OF INJURY,0,0,0,0,0,2,0,7,4,3,41.83000416,-87.69377008,POINT (-87.693770079914 41.830004155246),30
a4e224557d94f6fc74e542475d5641d7df987fe15af77350e804313886d07427d0ba58ea34a69a74f876e10352bb4b6d80bb99e614934c82b9336665886c9cf6,2025/3/5 7:00,30,TRAFFIC SIGNAL,FUNCTIONING PROPERLY,RAIN,DAYLIGHT,TURNING,DIVIDED - W/MEDIAN (NOT RAISED),STRAIGHT AND LEVEL,WET,NO DEFECTS,NOT ON SCENE (DESK REPORT),NO INJURY / DRIVE AWAY,"OVER $1,500",2025-03-05T08:00:00.000,IMPROPER TURNING/NO SIGNAL,IMPROPER TURNING/NO SIGNAL,1400,W,119TH ST,524,2,NO INDICATION OF INJURY,0,0,0,0,0,2,0,7,4,3,41.67771969,-87.65658314,POINT (-87.656583144602 41.677719692686),30
de5ee835c1c001d327fd753cffa1ae9dcd327e42b1fc15ba17da63d7e63dfc30fcffde154b2c3a1cb11b2a702ec394e993b3b369e4db5ac9539e67e2da0890eb,2025/3/5 7:00,30,NO CONTROLS,NO CONTROLS,RAIN,"DARKNESS, LIGHTED ROAD",PARKED MOTOR VEHICLE,NOT DIVIDED,STRAIGHT AND LEVEL,WET,UNKNOWN,NOT ON SCENE (DESK REPORT),NO INJURY / DRIVE AWAY,"$501 - $1,500",2025-03-05T14:00:00.000,UNABLE TO DETERMINE,NOT APPLICABLE,1545,W,BELMONT AVE,1933,2,NO INDICATION OF INJURY,0,0,0,0,0,1,0,7,4,3,41.93959364,-87.66813487,POINT (-87.668134870387 41.939593644261),30
44d798cd49095d257ef2dabe9eb3b54414308db13403cf1f7902b8c2208b13c3ad1c962e8b39538c9d5f6df2235e88c1cfaa7e51333b550780e482c46cf32729,2025/3/5 6:30,20,NO CONTROLS,NO CONTROLS,CLEAR,DAYLIGHT,ANGLE,NOT DIVIDED,STRAIGHT AND LEVEL,WET,NO DEFECTS,ON SCENE,NO INJURY / DRIVE AWAY,"$501 - $1,500",2025-03-05T07:10:00.000,FAILING TO YIELD RIGHT-OF-WAY,UNABLE TO DETERMINE,1421,W,CARROLL AVE,1215,2,NO INDICATION OF INJURY,0,0,0,0,0,2,0,6,4,3,41.88732813,-87.66338448,POINT (-87.663384484624 41.887328127251),20
f8c657ea4a1746a291f440f0205571267bdab934b285bb04fa3e369cb2d7fb94a1323929a1fa3424585d267885bf007f536eaa184bfbd5e6f0f5d36c0f76ab5d,2025/3/5 6:28,30,STOP SIGN/FLASHER,NO CONTROLS,RAIN,DAWN,TURNING,ONE-WAY,STRAIGHT AND LEVEL,WET,UNKNOWN,NOT ON SCENE (DESK REPORT),NO INJURY / DRIVE AWAY,"OVER $1,500",2025-03-05T15:50:00.000,IMPROPER TURNING/NO SIGNAL,FAILING TO REDUCE SPEED TO AVOID CRASH,153,W,OHIO ST,1831,2,NO INDICATION OF INJURY,0,0,0,0,0,2,0,6,4,3,41.89228951,-87.63321138,POINT (-87.633211376947 41.892289512256),30
0dde82eae0f84999f9426591df5250c41dadc94d874892ef9b89b5b09aa1e0d312574b5f944f60e3ef38e70bafe91c733a82d42e934ef83712eff9fc0ba5ffe4,2025/3/5 6:10,25,TRAFFIC SIGNAL,FUNCTIONING PROPERLY,RAIN,DAYLIGHT,PEDESTRIAN,FOUR WAY,STRAIGHT AND LEVEL,WET,UNKNOWN,ON SCENE,INJURY AND / OR TOW DUE TO CRASH,"$501 - $1,500",2025-03-05T06:14:00.000,FAILING TO YIELD RIGHT-OF-WAY,UNABLE TO DETERMINE,6802,W,DIVERSEY AVE,2511,2,NONINCAPACITATING INJURY,1,0,0,1,0,1,0,6,4,3,41.93099137,-87.79561206,POINT (-87.795612056445 41.930991365336),25
82942bd5bc5b60770729955b1e5e081b5bff81d7b373b1294e022c338027c3829f8e6305bb72457723639d5831781db105a02bcd40902f53dfffb1862a94c154,2025/3/5 5:45,25,FLASHING CONTROL SIGNAL,FUNCTIONING PROPERLY,RAIN,DUSK,REAR END,DIVIDED - W/MEDIAN BARRIER,"CURVE, LEVEL",WET,NO DEFECTS,ON SCENE,NO INJURY / DRIVE AWAY,"OVER $1,500",2025-03-05T05:50:00.000,IMPROPER LANE USAGE,NOT APPLICABLE,990,N,LAKE SHORE DR SB,1833,2,NO INDICATION OF INJURY,0,0,0,0,0,2,0,5,4,3,41.90080611,-87.61972396,POINT (-87.619723961393 41.90080610974),25
eb6e5447d4f9206ea59693a3acba5c36f4b5ed557ddafe79443de94ab83f2e1080411652676a9fbab95d3eda01a6c631a4874539fe3bf905c7f8e798e7ceb502,2025/3/5 4:50,30,NO CONTROLS,NO CONTROLS,RAIN,"DARKNESS, LIGHTED ROAD",FIXED OBJECT,DIVIDED - W/MEDIAN (NOT RAISED),STRAIGHT AND LEVEL,WET,NO DEFECTS,ON SCENE,NO INJURY / DRIVE AWAY,"OVER $1,500",2025-03-05T05:06:00.000,NOT APPLICABLE,NOT APPLICABLE,138,W,CERMAK RD,914,1,NO INDICATION OF INJURY,0,0,0,0,0,1,0,4,4,3,41.85297699,-87.6309694,POINT (-87.630969398558 41.85297698594),30
7c37be4362c536318d44e661521bad7ae97c99f1672769ebe758c94c057d2b475901c7e5bfc901b055553d9b35552bcfc4e20733382915dc54c198897e513cb8,2025/3/5 4:00,35,NO CONTROLS,NO CONTROLS,UNKNOWN,DARKNESS,PARKED MOTOR VEHICLE,NOT DIVIDED,STRAIGHT AND LEVEL,UNKNOWN,UNKNOWN,ON SCENE,NO INJURY / DRIVE AWAY,"OVER $1,500",2025-03-05T09:25:00.000,UNABLE TO DETERMINE,UNABLE TO DETERMINE,9855,S,VAN VLISSINGEN RD,431,2,NO INDICATION OF INJURY,0,0,0,0,0,1,0,4,4,3,41.71571002,-87.57427718,POINT (-87.574277183535 41.715710022623),35
a7cbbe3aa50efd099b202c4e9cee94f8a9cc155c8c764a8561314826ed7523632ee0e34f0d23bd7761dbe36c97c5f4ea95444816e78f17a6199bf0ad7a3c6db7,2025/3/5 3:15,30,NO CONTROLS,NO CONTROLS,RAIN,"DARKNESS, LIGHTED ROAD",OTHER OBJECT,NOT DIVIDED,STRAIGHT AND LEVEL,WET,NO DEFECTS,ON SCENE,NO INJURY / DRIVE AWAY,$500 OR LESS,2025-03-05T03:20:00.000,"VISION OBSCURED (SIGNS, TREE LIMBS, BUILDINGS, ETC.)",NOT APPLICABLE,1316,W,CERMAK RD,1235,1,NO INDICATION OF INJURY,0,0,0,0,0,1,0,3,4,3,41.85255525,-87.65941106,POINT (-87.659411061912 41.852555249098),30
2a7552089634d62a75575dc6fa39c0f9377f494ff42b749cc4115362eb02c1f4e4c90f0e540a86665076081ec6a87241034f03b6f7c666f677815e61ae9cf55b,2025/3/5 1:54,26,TRAFFIC SIGNAL,UNKNOWN,RAIN,"DARKNESS, LIGHTED ROAD",ANGLE,UNKNOWN INTERSECTION TYPE,STRAIGHT AND LEVEL,WET,UNKNOWN,ON SCENE,NO INJURY / DRIVE AWAY,"$501 - $1,500",2025-03-05T01:54:00.000,WEATHER,FAILING TO REDUCE SPEED TO AVOID CRASH,39,W,76TH ST,623,2,NO INDICATION OF INJURY,0,0,0,0,0,2,0,1,4,3,41.75625347,-87.62628939,POINT (-87.626289386631 41.756253467301),26
8cc011d048fe2fa5d2addb80e2e6b9eff7e5accd3861c9580ff5eb7e0f6f185863d86a3f219e3dd11f15d649cdd7eca5acdcce48f4df91f864dc92d8e976a984,2025/3/5 1:35,20,UNKNOWN,UNKNOWN,RAIN,"DARKNESS, LIGHTED ROAD",PARKED MOTOR VEHICLE,NOT DIVIDED,STRAIGHT AND LEVEL,WET,NO DEFECTS,ON SCENE,INJURY AND / OR TOW DUE TO CRASH,"OVER $1,500",2025-03-05T01:42:00.000,UNABLE TO DETERMINE,UNABLE TO DETERMINE,5101,N,NOTTINGHAM AVE,1613,2,NO INDICATION OF INJURY,0,0,0,0,0,1,0,1,4,3,41.97380093,-87.80344587,POINT (-87.803445865816 41.973800933423),20
68d7a1fa41aab5c0f4baf40cb6f28a72f582778061a1a4dedc79f1110312c24ea85fe31106d7ea0f92c8170e7d6149ba7fa08b47b692a594e9dfdfacfe7380c4,2025/3/5 1:05,30,NO CONTROLS,NO CONTROLS,RAIN,"DARKNESS, LIGHTED ROAD",PARKED MOTOR VEHICLE,NOT DIVIDED,STRAIGHT AND LEVEL,WET,NO DEFECTS,ON SCENE,INJURY AND / OR TOW DUE TO CRASH,"OVER $1,500",2025-03-05T01:11:00.000,WEATHER,EQUIPMENT - VEHICLE CONDITION,1545,W,92ND ST,2221,3,NONINCAPACITATING INJURY,1,0,0,1,0,0,0,1,4,3,41.72658214,-87.66219536,POINT (-87.662195358273 41.726582144184),30
0419b16a3d2daa360ebcd8fb58d6296deba8e054905958ce4c8a94a6faa87f8c30787ff17813d2177842494ba04f86b3c600eb5a77a16aec6c9d786ce55c8e8a,2025/3/5 0:20,35,NO CONTROLS,NO CONTROLS,RAIN,"DARKNESS, LIGHTED ROAD",SIDESWIPE SAME DIRECTION,DIVIDED - W/MEDIAN (NOT RAISED),STRAIGHT AND LEVEL,WET,NO DEFECTS,ON SCENE,INJURY AND / OR TOW DUE TO CRASH,"OVER $1,500",2025-03-05T00:31:00.000,IMPROPER OVERTAKING/PASSING,NOT APPLICABLE,3800,S,WESTERN AVE,911,2,"REPORTED, NOT EVIDENT",1,0,0,0,1,1,0,0,4,3,41.82470629,-87.68501171,POINT (-87.685011705627 41.824706292813),35
93af06a7bfef8d36b42a96d5b7416dbd2e6656e2fe798f028e6bfab1851471198649a656ee7937d68c0293cba0de7a9e9ec6bea244d1b47d397140f4023ec39b,2025/3/5 0:10,40,NO CONTROLS,NO CONTROLS,CLEAR,"DARKNESS, LIGHTED ROAD",REAR END,DIVIDED - W/MEDIAN BARRIER,STRAIGHT AND LEVEL,WET,NO DEFECTS,ON SCENE,INJURY AND / OR TOW DUE TO CRASH,"OVER $1,500",2025-03-05T00:16:00.000,FAILING TO YIELD RIGHT-OF-WAY,UNABLE TO DETERMINE,3200,N,LAKE SHORE DR NB,1925,3,NO INDICATION OF INJURY,0,0,0,0,0,6,0,0,4,3,41.9404429,-87.63863354,POINT (-87.638633539238 41.940442902597),40
6541831324b07b6da1e9013cdd317f1871c232fadd44c06da01569366c02bae22d9c75460d8fd94f10393ef36d3d40d56cb8a7f2c2126f7e894914cb7a8f9765,2025/3/5 0:00,30,STOP SIGN/FLASHER,FUNCTIONING PROPERLY,RAIN,"DARKNESS, LIGHTED ROAD",PARKED MOTOR VEHICLE,ONE-WAY,STRAIGHT AND LEVEL,WET,NO DEFECTS,ON SCENE,NO INJURY / DRIVE AWAY,"OVER $1,500",2025-03-05T01:04:00.000,DISTRACTION - FROM INSIDE VEHICLE,DISTRACTION - FROM INSIDE VEHICLE,2601,N,LINDER AVE,2514,3,NO INDICATION OF INJURY,0,0,0,0,0,2,0,0,4,3,41.92768518,-87.76351284,POINT (-87.763512836089 41.927685184786),30
80569c7749eda406cd12dd4c0056d3bbd5fdedeaab0931745457c70b716d215a5e98572d303e6858cd2e0c827b8627f616f449d4ffe1f17edd72db9f793a264d,2025/3/5 0:00,30,STOP SIGN/FLASHER,NO CONTROLS,UNKNOWN,DARKNESS,ANGLE,NOT DIVIDED,STRAIGHT AND LEVEL,UNKNOWN,UNKNOWN,NOT ON SCENE (DESK REPORT),INJURY AND / OR TOW DUE TO CRASH,"OVER $1,500",2025-03-06T17:15:00.000,FAILING TO YIELD RIGHT-OF-WAY,FAILING TO YIELD RIGHT-OF-WAY,6900,S,ANTHONY AVE,322,2,NONINCAPACITATING INJURY,1,0,0,1,0,2,0,0,4,3,41.76934642,-87.613703,POINT (-87.613702998216 41.769346415827),30
75454b804d78a46631bf412eef8db0795902726714e98b7c75ad342477d5bc8eb17116563549871046d30e0fed93b738a98e3e7ea9bdd55534113a8367a5611f,2025/3/4 23:59,30,TRAFFIC SIGNAL,FUNCTIONING PROPERLY,CLEAR,"DARKNESS, LIGHTED ROAD",TURNING,FOUR WAY,STRAIGHT AND LEVEL,DRY,NO DEFECTS,ON SCENE,INJURY AND / OR TOW DUE TO CRASH,"OVER $1,500",2025-03-04T23:59:00.000,FAILING TO YIELD RIGHT-OF-WAY,IMPROPER TURNING/NO SIGNAL,800,W,71ST ST,733,2,"REPORTED, NOT EVIDENT",1,0,0,0,1,2,0,23,3,3,41.76531136,-87.64447748,POINT (-87.644477477454 41.765311360618),30
22231f792db079dd20878b75e90e888d982c3d6701feb611cac4fc9cecd45a3a0428be0983f29d931d433c98438c5554e3d6d81341023dde070737c60fb19131,2025/3/4 23:19,35,NO CONTROLS,NO CONTROLS,RAIN,"DARKNESS, LIGHTED ROAD",FIXED OBJECT,NOT DIVIDED,STRAIGHT AND LEVEL,WET,UNKNOWN,ON SCENE,INJURY AND / OR TOW DUE TO CRASH,"$501 - $1,500",2025-03-04T23:41:00.000,NOT APPLICABLE,NOT APPLICABLE,4919,W,LAKE ST,1532,1,NO INDICATION OF INJURY,0,0,0,0,0,1,0,23,3,3,41.88670739,-87.74875278,POINT (-87.748752784582 41.886707388258),35
b79c3e684f8f02a37a9d5ebd8c583e57d50328f027c4956dc5b2879c11152ba5a5eb6c0102ba13654f4ad456f0b8804d5eae5bf093bfcf3ee7f89e1636a4313f,2025/3/4 23:08,25,NO CONTROLS,NO CONTROLS,CLEAR,"DARKNESS, LIGHTED ROAD",FIXED OBJECT,ONE-WAY,"CURVE, LEVEL",WET,NO DEFECTS,ON SCENE,NO INJURY / DRIVE AWAY,"OVER $1,500",2025-03-04T23:10:00.000,WEATHER,NOT APPLICABLE,1000,N,LAKE SHORE DR NB,1824,1,NO INDICATION OF INJURY,0,0,0,0,0,1,0,23,3,3,41.90095892,-87.61992817,POINT (-87.619928173678 41.900958919109),25
5dd6c777d16fa814fa896ddd6ce0b35a6b7a95dca802357cd60f445b96b9f3f6aa3cd37a84f9651a53cfea9f8713c15f73648408cc9614f8fa67e4d1ce609dcd,2025/3/4 23:00,30,NO CONTROLS,NO CONTROLS,CLEAR,"DARKNESS, LIGHTED ROAD",PARKED MOTOR VEHICLE,NOT DIVIDED,STRAIGHT AND LEVEL,UNKNOWN,NO DEFECTS,NOT ON SCENE (DESK REPORT),NO INJURY / DRIVE AWAY,"OVER $1,500",2025-03-05T11:00:00.000,DRIVING SKILLS/KNOWLEDGE/EXPERIENCE,UNABLE TO DETERMINE,4257,S,PRINCETON AVE,925,2,NO INDICATION OF INJURY,0,0,0,0,0,1,0,23,3,3,41.81648974,-87.63340813,POINT (-87.633408129321 41.816489738123),30
e5fc90e96a7b75ce46fdd643bfd1054899e138cc2369a24fad1cd71916c92adbb0b36e2eb1011b9aa865276f5d941d806c17c1b1dbcd65dd617e5251d149f241,2025/3/4 22:52,30,NO CONTROLS,NO CONTROLS,CLEAR,"DARKNESS, LIGHTED ROAD",PEDESTRIAN,ONE-WAY,STRAIGHT AND LEVEL,WET,NO DEFECTS,ON SCENE,INJURY AND / OR TOW DUE TO CRASH,$500 OR LESS,2025-03-04T22:52:00.000,"OPERATING VEHICLE IN ERRATIC, RECKLESS, CARELESS, NEGLIGENT OR AGGRESSIVE MANNER",NOT APPLICABLE,1136,N,AVERS AVE,1112,2,NONINCAPACITATING INJURY,1,0,0,1,0,2,0,22,3,3,41.90198567,-87.72276927,POINT (-87.722769265033 41.901985668299),30
99f05af3f41ce13ba4253c1a403e445975e3c508e209dbd01eb2edcfe1cf35f2297ca025a3cfe1c197ef3faae1c0d26edb9f4834a556b404fd7584774c5dce04,2025/3/4 22:09,30,NO CONTROLS,UNKNOWN,RAIN,"DARKNESS, LIGHTED ROAD",PARKED MOTOR VEHICLE,NOT DIVIDED,STRAIGHT AND LEVEL,WET,NO DEFECTS,ON SCENE,INJURY AND / OR TOW DUE TO CRASH,"OVER $1,500",2025-03-04T22:15:00.000,UNABLE TO DETERMINE,UNABLE TO DETERMINE,7035,N,RIDGE BLVD,2424,4,NO INDICATION OF INJURY,0,0,0,0,0,1,0,22,3,3,42.00997698,-87.6821071,POINT (-87.682107098313 42.009976978403),30
cb66fcfd0a52efb4924ec45e23e8e84ed78b7cd34fc6a299697400914d1df3c1dd28c26c59672181fced67ee610016d5d8b3008bda66238e8be49d3f26c82524,2025/3/4 22:00,35,NO CONTROLS,NO CONTROLS,UNKNOWN,UNKNOWN,PARKED MOTOR VEHICLE,NOT DIVIDED,STRAIGHT AND LEVEL,UNKNOWN,NO DEFECTS,ON SCENE,NO INJURY / DRIVE AWAY,"$501 - $1,500",2025-03-05T09:22:00.000,UNABLE TO DETERMINE,UNABLE TO DETERMINE,4824,S,PRAIRIE AVE,224,2,NO INDICATION OF INJURY,0,0,0,0,0,1,0,22,3,3,41.8067449,-87.61967008,POINT (-87.619670084588 41.806744898398),35
18a2234e4c931cdc043cb2cfb95937521ad08edad30bad13f1d56b969f62cf0a6183b7f5592d10b732ef19d37cc8148135249996665f17c1076616f367021e78,2025/3/4 21:36,30,OTHER,NO CONTROLS,RAIN,"DARKNESS, LIGHTED ROAD",REAR TO REAR,NOT DIVIDED,STRAIGHT AND LEVEL,WET,NO DEFECTS,ON SCENE,NO INJURY / DRIVE AWAY,$500 OR LESS,2025-03-04T21:36:00.000,UNABLE TO DETERMINE,UNABLE TO DETERMINE,4346,N,HONORE ST,1912,2,NO INDICATION OF INJURY,0,0,0,0,0,2,0,21,3,3,41.96108065,-87.67536364,POINT (-87.6753636362 41.961080649115),30
92223a62f76156b108ea424548d2b901fc61145037d76f1750041f11ffcaa55d9488bfdd5da64dab07724cc01cc6a862b9edf21016802eaca2929d24172d8e37,2025/3/4 21:30,30,NO CONTROLS,NO CONTROLS,UNKNOWN,UNKNOWN,PARKED MOTOR VEHICLE,DIVIDED - W/MEDIAN (NOT RAISED),STRAIGHT AND LEVEL,UNKNOWN,UNKNOWN,NOT ON SCENE (DESK REPORT),NO INJURY / DRIVE AWAY,"$501 - $1,500",2025-03-05T14:34:00.000,IMPROPER LANE USAGE,IMPROPER LANE USAGE,301,N,HOMAN AVE,1123,2,NO INDICATION OF INJURY,0,0,0,0,0,1,0,21,3,3,41.88641205,-87.71102195,POINT (-87.711021945098 41.886412051104),30
5eb7d81c7617cee30edf469648f5eeecf321ad090c8a0290da600e5aa6516e81f9dbcbbb627a212855c468bd66b888ac9da38598b168e6c680915884ba38e26b,2025/3/4 21:08,30,NO CONTROLS,NO CONTROLS,RAIN,"DARKNESS, LIGHTED ROAD",FIXED OBJECT,DIVIDED - W/MEDIAN (NOT RAISED),STRAIGHT AND LEVEL,WET,NO DEFECTS,ON SCENE,INJURY AND / OR TOW DUE TO CRASH,"OVER $1,500",2025-03-04T21:11:00.000,WEATHER,WEATHER,3301,E,106TH ST,432,1,NO INDICATION OF INJURY,0,0,0,0,0,1,0,21,3,3,41.70265247,-87.54370749,POINT (-87.543707494885 41.702652466452),30