crash_record_id,crash_date,posted_speed_limit,traffic_control_device,device_condition,weather_condition,lighting_condition,first_crash_type,trafficway_type,alignment,roadway_surface_cond,road_defect,report_type,crash_type,damage,date_police_notified,prim_contributory_cause,sec_contributory_cause,street_no,street_direction,street_name,beat_of_occurrence,num_units,most_severe_injury,injuries_total,injuries_fatal,injuries_incapacitating,injuries_non_incapacitating,injuries_reported_not_evident,injuries_no_indication,injuries_unknown,crash_hour,crash_day_of_week,crash_month,latitude,longitude,location,speed_limit
84b7f39047274b17831bcde18e87c2ce3768b01984d097e88cc3d91ef6b57487a748e07dcf15b6f1b973a1945f8f861d5d134ea5e1a052aeb2b3fbce208f7350,2025/3/4 21:08,30,TRAFFIC SIGNAL,FUNCTIONING PROPERLY,RAIN,"DARKNESS, LIGHTED ROAD",REAR END,NOT DIVIDED,STRAIGHT AND LEVEL,WET,NO DEFECTS,ON SCENE,INJURY AND / OR TOW DUE TO CRASH,$500 OR LESS,2025-03-04T21:10:00.000,UNABLE TO DETERMINE,UNABLE TO DETERMINE,1158,S,CLINTON ST,124,2,INCAPACITATING INJURY,1,0,1,0,0,1,0,21,3,3,41.8672873,-87.64086954,POINT (-87.640869537416 41.867287295525),30
63539a1b60636cdd14cd3da9d5f2185fc026b811a040ff5a855b80e6303e94b66b3526cda43a6f6dc13f1a8c91be41f8042496f96843b5d6e40fc12456f0c6b0,2025/3/4 21:00,35,NO CONTROLS,NO CONTROLS,RAIN,"DARKNESS, LIGHTED ROAD",TURNING,DIVIDED - W/MEDIAN (NOT RAISED),STRAIGHT AND LEVEL,WET,UNKNOWN,ON SCENE,INJURY AND / OR TOW DUE TO CRASH,"OVER $1,500",2025-03-04T21:02:00.000,IMPROPER LANE USAGE,IMPROPER OVERTAKING/PASSING,5258,S,RACINE AVE,934,2,NO INDICATION OF INJURY,0,0,0,0,0,4,0,21,3,3,41.79789868,-87.65510674,POINT (-87.655106735756 41.797898678222),35
566e2d3acb9e431f4ef3c8447c4e3358ed85eae97f0273bde9716e860309b1bf0bdf35e4d012bbd97dc9e5fa4d3d4e06eb9d544a5a7adc9e8e5c554e8b1a58e6,2025/3/4 20:55,10,NO CONTROLS,NO CONTROLS,RAIN,"DARKNESS, LIGHTED ROAD",ANGLE,PARKING LOT,STRAIGHT AND LEVEL,WET,NO DEFECTS,NOT ON SCENE (DESK REPORT),NO INJURY / DRIVE AWAY,"OVER $1,500",2025-03-04T21:40:00.000,UNABLE TO DETERMINE,NOT APPLICABLE,1406,E,53RD ST,234,2,NO INDICATION OF INJURY,0,0,0,0,0,2,0,20,3,3,41.79962485,-87.59146036,POINT (-87.59146035531 41.799624854908),10
4f52d4396418eafc8e14458b526f30afd5ec87aaf3270d12e0fdf6208c1da0eba5fb0536ea4393a194a80cfefb7756260429033ca3ebfaa2b3996f20fbab4d99,2025/3/4 20:50,30,TRAFFIC SIGNAL,FUNCTIONING PROPERLY,CLEAR,"DARKNESS, LIGHTED ROAD",SIDESWIPE SAME DIRECTION,DIVIDED - W/MEDIAN (NOT RAISED),STRAIGHT AND LEVEL,WET,NO DEFECTS,NOT ON SCENE (DESK REPORT),NO INJURY / DRIVE AWAY,"$501 - $1,500",2025-03-04T21:05:00.000,UNABLE TO DETERMINE,NOT APPLICABLE,2800,W,79TH ST,835,2,NO INDICATION OF INJURY,0,0,0,0,0,2,0,20,3,3,41.75007115,-87.69390664,POINT (-87.693906641366 41.750071152029),30
e733311ee56a7166525e93209eecc354196723bc4827f04146a140484c0dc131b63c9f7aa67e4087bd2013ba75c159cc19ae0a5528362055bfae5b58006d8c8a,2025/3/4 20:45,30,TRAFFIC SIGNAL,FUNCTIONING PROPERLY,RAIN,"DARKNESS, LIGHTED ROAD",REAR END,NOT DIVIDED,STRAIGHT AND LEVEL,WET,NO DEFECTS,ON SCENE,NO INJURY / DRIVE AWAY,"$501 - $1,500",2025-03-04T21:05:00.000,WEATHER,NOT APPLICABLE,4344,S,KEDZIE AVE,821,3,NO INDICATION OF INJURY,0,0,0,0,0,3,0,20,3,3,41.81417563,-87.70436011,POINT (-87.704360113963 41.814175627891),30
0b0ff76db09e19c07bf830a26515598b1fb2c8d8d670a4e995418dfaecdab3975157fdabb203debf96fd8389e783f200b85833cc354a77e51f8f51de6f273839,2025/3/4 20:32,30,NO CONTROLS,NO CONTROLS,RAIN,"DARKNESS, LIGHTED ROAD",FIXED OBJECT,DIVIDED - W/MEDIAN BARRIER,STRAIGHT AND LEVEL,WET,UNKNOWN,ON SCENE,INJURY AND / OR TOW DUE TO CRASH,"OVER $1,500",2025-03-04T20:38:00.000,UNABLE TO DETERMINE,UNABLE TO DETERMINE,11310,S,WESTERN AVE,2212,1,INCAPACITATING INJURY,1,0,1,0,0,0,0,20,3,3,41.68784332,-87.68117734,POINT (-87.681177335297 41.687843322336),30
b0e7031305b568a585896885239ba960baf75fc6635f1500293b4fa2e53272c18223ebf7f5ab1dd14b5e105ee03bff4ef4f7be2bbb9d82196f1ab31921138576,2025/3/4 20:25,30,TRAFFIC SIGNAL,FUNCTIONING PROPERLY,RAIN,DARKNESS,REAR END,DIVIDED - W/MEDIAN (NOT RAISED),STRAIGHT AND LEVEL,WET,NO DEFECTS,ON SCENE,INJURY AND / OR TOW DUE TO CRASH,"OVER $1,500",2025-03-04T20:26:00.000,UNABLE TO DETERMINE,NOT APPLICABLE,2226,W,111TH ST,2212,2,NONINCAPACITATING INJURY,1,0,0,1,0,1,0,20,3,3,41.69193981,-87.67745915,POINT (-87.677459146245 41.691939814467),30
2dff2406cc09107e85373c3e07319b32835f717aa957499186d44d199fc19f6cdb5d9a09aea0fd3864eeeb0e321b49adadec7a88db9cc9b241717d4c7480fe2e,2025/3/4 20:19,30,STOP SIGN/FLASHER,NO CONTROLS,RAIN,DARKNESS,REAR END,DIVIDED - W/MEDIAN (NOT RAISED),STRAIGHT AND LEVEL,WET,NO DEFECTS,NOT ON SCENE (DESK REPORT),NO INJURY / DRIVE AWAY,"$501 - $1,500",2025-03-04T20:25:00.000,FOLLOWING TOO CLOSELY,WEATHER,2326,S,CANAL ST,914,2,NO INDICATION OF INJURY,0,0,0,0,0,2,0,20,3,3,41.85001943,-87.63860763,POINT (-87.638607632204 41.8500194257),30
e96670b95f737b47d36471dd702085911124b6089329bdd7a0dad54de8806622fdd28e787cdc90cea7e379aeff388c7ac4ac0b2d4eafc636a087c79a60c11aed,2025/3/4 20:19,30,NO CONTROLS,NO CONTROLS,CLEAR,"DARKNESS, LIGHTED ROAD",PARKED MOTOR VEHICLE,NOT DIVIDED,STRAIGHT AND LEVEL,DRY,NO DEFECTS,NOT ON SCENE (DESK REPORT),INJURY AND / OR TOW DUE TO CRASH,"OVER $1,500",2025-03-05T00:12:00.000,UNABLE TO DETERMINE,NOT APPLICABLE,2927,N,NARRAGANSETT AVE,2511,2,NO INDICATION OF INJURY,0,0,0,0,0,1,0,20,3,3,41.93366389,-87.78563039,POINT (-87.785630390815 41.933663893982),30
ccdc651117b6a1bbbf29598ed6dce458babf281311f8972bcc782114a9bbac923ab91630f15108729221b302d09cce778dfa779d7d21c13cf719c46eeae7e4ee,2025/3/4 20:15,30,UNKNOWN,UNKNOWN,UNKNOWN,UNKNOWN,PEDESTRIAN,FOUR WAY,STRAIGHT AND LEVEL,UNKNOWN,UNKNOWN,NOT ON SCENE (DESK REPORT),NO INJURY / DRIVE AWAY,"OVER $1,500",2025-03-05T19:44:00.000,IMPROPER TURNING/NO SIGNAL,NOT APPLICABLE,1147,S,WABASH AVE,123,2,NO INDICATION OF INJURY,0,0,0,0,0,2,0,20,3,3,41.86786709,-87.62568684,POINT (-87.625686841193 41.867867090171),30
4ec819ff36375448f907eb903aa8ed748188fbdd2fa95b363adba7e2adf1c69cff374facbcb619cb9d536eb8a4f229ed81043b4551d78a61a9d4cd805a1c6e38,2025/3/4 19:52,30,STOP SIGN/FLASHER,FUNCTIONING PROPERLY,RAIN,"DARKNESS, LIGHTED ROAD",ANGLE,NOT DIVIDED,STRAIGHT AND LEVEL,WET,NO DEFECTS,ON SCENE,NO INJURY / DRIVE AWAY,"$501 - $1,500",2025-03-04T19:53:00.000,UNABLE TO DETERMINE,NOT APPLICABLE,13515,S,BALTIMORE AVE,433,2,NO INDICATION OF INJURY,0,0,0,0,0,2,0,19,3,3,41.64948402,-87.54704146,POINT (-87.547041456077 41.649484016745),30
48dfe93e46346f10ec86a4f8aecdb46aa430c75444d4d480367c26f6cc3c9976b1376e3ca1f8f755f97e2fe74997d09743ac91393f8027760925386f76dd97ea,2025/3/4 19:51,30,TRAFFIC SIGNAL,FUNCTIONING PROPERLY,RAIN,"DARKNESS, LIGHTED ROAD",REAR END,DIVIDED - W/MEDIAN (NOT RAISED),STRAIGHT AND LEVEL,WET,NO DEFECTS,ON SCENE,INJURY AND / OR TOW DUE TO CRASH,"OVER $1,500",2025-03-04T20:50:00.000,FOLLOWING TOO CLOSELY,DRIVING SKILLS/KNOWLEDGE/EXPERIENCE,5549,W,DIVERSEY AVE,2514,2,NONINCAPACITATING INJURY,2,0,0,2,0,1,0,19,3,3,41.93117437,-87.76578874,POINT (-87.765788736419 41.931174373456),30
2202566b593fa666045451337994668d783611c8276166e7fe3dea1856c5588be22fb974b7407d2405e76b35a842160c5e002d0808d426b25be5738972a087d1,2025/3/4 19:36,30,TRAFFIC SIGNAL,FUNCTIONING PROPERLY,RAIN,"DARKNESS, LIGHTED ROAD",PEDESTRIAN,FOUR WAY,STRAIGHT AND LEVEL,WET,UNKNOWN,ON SCENE,INJURY AND / OR TOW DUE TO CRASH,$500 OR LESS,2025-03-04T19:36:00.000,FAILING TO YIELD RIGHT-OF-WAY,NOT APPLICABLE,3047,S,HALSTED ST,914,2,"REPORTED, NOT EVIDENT",1,0,0,0,1,2,0,19,3,3,41.83847684,-87.64614167,POINT (-87.646141670737 41.838476835034),30
568f32cf1d5951a09922eac1e37df5b09c88a4cfe414d7859657827d66cb6fe4bb0c767effdd30a4d54a7c845b6edb4f1d45aa6b653d3750dba43878d3c1b04b,2025/3/4 19:30,15,NO CONTROLS,NO CONTROLS,RAIN,"DARKNESS, LIGHTED ROAD",PARKED MOTOR VEHICLE,PARKING LOT,STRAIGHT AND LEVEL,WET,NO DEFECTS,ON SCENE,NO INJURY / DRIVE AWAY,"$501 - $1,500",2025-03-05T15:30:00.000,DRIVING SKILLS/KNOWLEDGE/EXPERIENCE,UNABLE TO DETERMINE,6101,S,CICERO AVE,813,2,NO INDICATION OF INJURY,0,0,0,0,0,1,0,19,3,3,41.78199438,-87.74226184,POINT (-87.742261836888 41.781994378524),15
614863dd6f192f49f376f7ff481505351f11ecc4ac088812665de952e5a6146e37a3a9540a43e42e5430d57c8837f4907a81f881b31787edeb8bfa3308e128ab,2025/3/4 19:21,45,UNKNOWN,UNKNOWN,RAIN,"DARKNESS, LIGHTED ROAD",REAR END,OTHER,STRAIGHT AND LEVEL,WET,UNKNOWN,ON SCENE,INJURY AND / OR TOW DUE TO CRASH,"OVER $1,500",2025-03-04T19:40:00.000,UNABLE TO DETERMINE,UNABLE TO DETERMINE,300,S,LAKE SHORE DR SB,114,2,"REPORTED, NOT EVIDENT",1,0,0,0,1,2,0,19,3,3,41.87831013,-87.6175759,POINT (-87.617575903416 41.878310134581),45
eb1efb92b7ba5aae8c44bc9994de9b984e08a68ffea68c8a1482727269daf3fea1244f9ac28981bad2b168733ece4aaa5bfcf61b9e6ee74e03e2286753dbbde9,2025/3/4 19:20,30,NO CONTROLS,NO CONTROLS,RAIN,"DARKNESS, LIGHTED ROAD",SIDESWIPE OPPOSITE DIRECTION,OTHER,STRAIGHT AND LEVEL,WET,NO DEFECTS,ON SCENE,NO INJURY / DRIVE AWAY,"OVER $1,500",2025-03-04T19:30:00.000,UNDER THE INFLUENCE OF ALCOHOL/DRUGS (USE WHEN ARREST IS EFFECTED),HAD BEEN DRINKING (USE WHEN ARREST IS NOT MADE),6701,S,JEFFERY BLVD,331,2,NO INDICATION OF INJURY,0,0,0,0,0,3,0,19,3,3,41.77336022,-87.57634549,POINT (-87.576345488656 41.77336021958),30
12734beeb17a8bc53c142fab445764285e481a8d2e54fe46c8b1d5f2cb305e2b96f282fc934149926f298db100c5ba1cee99f3bed0d58c48f4fe1f7f043bf1c0,2025/3/4 19:00,25,NO CONTROLS,NO CONTROLS,CLEAR,DUSK,PARKED MOTOR VEHICLE,ONE-WAY,STRAIGHT AND LEVEL,DRY,NO DEFECTS,NOT ON SCENE (DESK REPORT),NO INJURY / DRIVE AWAY,"OVER $1,500",2025-03-05T18:40:00.000,UNABLE TO DETERMINE,UNABLE TO DETERMINE,2330,S,SEELEY AVE,1034,2,NO INDICATION OF INJURY,0,0,0,0,0,1,0,19,3,3,41.8494324,-87.67738261,POINT (-87.677382610774 41.849432402047),25
356ada4a7737032bd9df9a72ac4015982156b09dcb7f6b8765c5f055b5ce52f996983cc187b1b1687d6d11f3348a91525274ce258157e1a6c813bd8d710f26ad,2025/3/4 19:00,30,TRAFFIC SIGNAL,FUNCTIONING PROPERLY,RAIN,"DARKNESS, LIGHTED ROAD",TURNING,NOT DIVIDED,STRAIGHT AND LEVEL,WET,NO DEFECTS,ON SCENE,NO INJURY / DRIVE AWAY,"OVER $1,500",2025-03-04T19:00:00.000,UNABLE TO DETERMINE,UNABLE TO DETERMINE,3000,N,BROADWAY,1934,2,NO INDICATION OF INJURY,0,0,0,0,0,3,0,19,3,3,41.93656653,-87.64442862,POINT (-87.644428622316 41.936566527764),30
5b1674b79665cd9a4a3cae2c917bce01a0bf4099fa23ade1d2b2ea27d0c29db53f3cb3ddb48dbb4e8a775449aed1a246b8f195f08793565c9f0332519886a709,2025/3/4 19:00,30,NO CONTROLS,NO CONTROLS,RAIN,"DARKNESS, LIGHTED ROAD",REAR END,NOT DIVIDED,STRAIGHT AND LEVEL,WET,UNKNOWN,NOT ON SCENE (DESK REPORT),NO INJURY / DRIVE AWAY,"OVER $1,500",2025-03-04T19:45:00.000,FAILING TO REDUCE SPEED TO AVOID CRASH,WEATHER,740,W,79TH ST,621,2,NO INDICATION OF INJURY,0,0,0,0,0,3,0,19,3,3,41.75076489,-87.64322383,POINT (-87.643223831265 41.750764886107),30
9b71aeacf8cb6e032be48b0581df9aa0ccf8d1019166f985dfe379c569e4cae7172640d9bf17b2326d85a0453799f917de16149a10ce9c989fa241623e1a5662,2025/3/4 19:00,30,NO CONTROLS,NO CONTROLS,RAIN,DAYLIGHT,PARKED MOTOR VEHICLE,ONE-WAY,STRAIGHT AND LEVEL,WET,NO DEFECTS,NOT ON SCENE (DESK REPORT),NO INJURY / DRIVE AWAY,"$501 - $1,500",2025-03-05T06:43:00.000,UNABLE TO DETERMINE,UNABLE TO DETERMINE,6501,S,TROY ST,831,2,NO INDICATION OF INJURY,0,0,0,0,0,1,0,19,3,3,41.77525196,-87.70167289,POINT (-87.701672892805 41.77525195657),30
3004099e8245376a8caeaa6b8654c421111f70bbef6dfe35eee45b3b79485c162f3c2358400b75b8680074698b367f9247c90da3f5b13ae63d71b7691fbed6e6,2025/3/4 18:57,30,TRAFFIC SIGNAL,FUNCTIONING PROPERLY,CLEAR,DAYLIGHT,REAR END,NOT DIVIDED,STRAIGHT AND LEVEL,WET,NO DEFECTS,NOT ON SCENE (DESK REPORT),NO INJURY / DRIVE AWAY,"$501 - $1,500",2025-03-04T20:30:00.000,FOLLOWING TOO CLOSELY,NOT APPLICABLE,3050,W,TOUHY AVE,2411,2,NO INDICATION OF INJURY,0,0,0,0,0,2,0,18,3,3,42.01202712,-87.70641634,POINT (-87.706416337048 42.012027123622),30
e440a2944609d40c4c83ab625db3b5c58be7a3fc203ab01bc15b5c9a75e6c9490574569bc7ecae8e947790465de63b9a0a91fa08cdec652c7eefee5d3c4e8c5a,2025/3/4 18:55,25,NO CONTROLS,NO CONTROLS,RAIN,"DARKNESS, LIGHTED ROAD",REAR END,NOT DIVIDED,STRAIGHT AND LEVEL,WET,NO DEFECTS,ON SCENE,INJURY AND / OR TOW DUE TO CRASH,$500 OR LESS,2025-03-04T18:59:00.000,FOLLOWING TOO CLOSELY,FOLLOWING TOO CLOSELY,2300,W,POLK ST,1225,2,"REPORTED, NOT EVIDENT",1,0,0,0,1,2,0,18,3,3,41.87147407,-87.6837836,POINT (-87.683783595812 41.871474073792),25
c19dccaf0c477d67fc68b6d5e26cbaf6f057fec35891c4288999733b87477c64a4a89045e8e842e668d68dcdb08d609bf93448b5e9136b5008ce6e22d5e3b22e,2025/3/4 18:54,30,NO CONTROLS,NO CONTROLS,RAIN,"DARKNESS, LIGHTED ROAD",TURNING,NOT DIVIDED,STRAIGHT AND LEVEL,WET,NO DEFECTS,ON SCENE,INJURY AND / OR TOW DUE TO CRASH,"OVER $1,500",2025-03-04T18:55:00.000,FAILING TO YIELD RIGHT-OF-WAY,UNABLE TO DETERMINE,7759,S,CICERO AVE,834,2,NO INDICATION OF INJURY,0,0,0,0,0,4,0,18,3,3,41.75106616,-87.74128108,POINT (-87.741281077601 41.75106615968),30
f9aaacf65ce4d0821c8629d6c527491aa3eccb7ffef88b8ece6af7bbc5c851ccdcff63192a7fe1f9d2aaded96f3d6f45c51a45c5d981960924950c9937fe5705,2025/3/4 18:44,30,TRAFFIC SIGNAL,FUNCTIONING PROPERLY,RAIN,"DARKNESS, LIGHTED ROAD",PEDESTRIAN,DIVIDED - W/MEDIAN BARRIER,STRAIGHT AND LEVEL,WET,NO DEFECTS,ON SCENE,INJURY AND / OR TOW DUE TO CRASH,$500 OR LESS,2025-03-04T18:45:00.000,UNABLE TO DETERMINE,UNABLE TO DETERMINE,1098,S,MICHIGAN AVE,123,2,NONINCAPACITATING INJURY,1,0,0,1,0,1,0,18,3,3,41.86933852,-87.62427873,POINT (-87.62427872723 41.869338522503),30
17892fd28cf4b65feeba3ded5423ee649a05eeba15c63e72ee1becefa942c68b69b336fcbd0d1b05fe946820b95502128ddb6e0342a7a61d0a4e9f5dd3e13b3c,2025/3/4 18:43,30,OTHER,OTHER,RAIN,DARKNESS,SIDESWIPE SAME DIRECTION,OTHER,STRAIGHT AND LEVEL,WET,NO DEFECTS,ON SCENE,NO INJURY / DRIVE AWAY,"$501 - $1,500",2025-03-04T18:44:00.000,IMPROPER TURNING/NO SIGNAL,DRIVING SKILLS/KNOWLEDGE/EXPERIENCE,655,N,DEARBORN ST,1832,2,NO INDICATION OF INJURY,0,0,0,0,0,2,0,18,3,3,41.8940146,-87.62956893,POINT (-87.629568933287 41.894014603492),30
2f04a9ac22de247781c9c2cec3a681e4ba846bb5d7471503811e70368dc9eadff2f0a117af246d9c0e24e963ccda30d2a89db25167e5a825d40b873b93ef7d33,2025/3/4 18:30,45,NO CONTROLS,NO CONTROLS,RAIN,"DARKNESS, LIGHTED ROAD",REAR END,OTHER,STRAIGHT AND LEVEL,WET,NO DEFECTS,ON SCENE,INJURY AND / OR TOW DUE TO CRASH,"OVER $1,500",2025-03-04T18:30:00.000,FOLLOWING TOO CLOSELY,WEATHER,3600,N,LAKE SHORE DR NB,1925,4,NONINCAPACITATING INJURY,1,0,0,1,0,4,0,18,3,3,41.94872967,-87.64344799,POINT (-87.64344798585 41.94872966546),45
3b6ca3273f42fba7e6ef63adc18948714b4c1b3761295c70fbf1a9d5f8476c88c61b4129d5712262d9f61cc2d63ddd8f22456c16338a17391759f66341c1b677,2025/3/4 18:30,30,NO CONTROLS,NO CONTROLS,RAIN,"DARKNESS, LIGHTED ROAD",TURNING,T-INTERSECTION,STRAIGHT AND LEVEL,WET,NO DEFECTS,ON SCENE,INJURY AND / OR TOW DUE TO CRASH,"OVER $1,500",2025-03-04T18:31:00.000,FAILING TO YIELD RIGHT-OF-WAY,UNABLE TO DETERMINE,817,S,CICERO AVE,1131,2,NO INDICATION OF INJURY,0,0,0,0,0,2,0,18,3,3,41.86981876,-87.74473238,POINT (-87.744732380907 41.869818757164),30
9e0e0cdbbda017eb5f1f123bf2a385b063675a0367aea5fdb4dc276f932072d0a4c6b6c5095abb8bb70f8c7bed5ba378602b3a1911ad65f81980c84dc4b0741e,2025/3/4 18:03,30,UNKNOWN,UNKNOWN,CLEAR,DAWN,ANGLE,UNKNOWN,STRAIGHT AND LEVEL,DRY,UNKNOWN,NOT ON SCENE (DESK REPORT),NO INJURY / DRIVE AWAY,"OVER $1,500",2025-03-04T18:55:00.000,UNABLE TO DETERMINE,UNABLE TO DETERMINE,1014,S,CANAL ST,124,2,NO INDICATION OF INJURY,0,0,0,0,0,2,0,18,3,3,41.86926533,-87.63940651,POINT (-87.639406509437 41.869265329367),30
01e8dc3c01afa65b014478f6919149b842d082a478006df565568865f4eefbc608dfdc698acbf53f2ceb3cc3ce94d9cdb86547f7695adf5b2aa83296051aa889,2025/3/4 18:00,30,NO CONTROLS,NO CONTROLS,RAIN,"DARKNESS, LIGHTED ROAD",REAR END,NOT DIVIDED,STRAIGHT AND LEVEL,WET,NO DEFECTS,NOT ON SCENE (DESK REPORT),NO INJURY / DRIVE AWAY,"OVER $1,500",2025-03-04T18:20:00.000,UNABLE TO DETERMINE,UNABLE TO DETERMINE,217,E,31ST ST,211,2,NO INDICATION OF INJURY,0,0,0,0,0,2,0,18,3,3,41.83826469,-87.62114414,POINT (-87.621144137805 41.838264691868),30
3aeb8ec8459bb65674ab8efd7f1161f58246f4936ecfa9e0d859047c9c4710a57c1dd521258250f6139e7e8a0e7b5a7dbb6fab108bb20da427efd6426cde983d,2025/3/4 18:00,30,NO CONTROLS,NO CONTROLS,UNKNOWN,DAYLIGHT,REAR TO SIDE,DIVIDED - W/MEDIAN (NOT RAISED),STRAIGHT AND LEVEL,UNKNOWN,UNKNOWN,NOT ON SCENE (DESK REPORT),NO INJURY / DRIVE AWAY,"OVER $1,500",2025-03-04T18:45:00.000,UNABLE TO DETERMINE,NOT APPLICABLE,2157,N,AUSTIN AVE,2515,2,NO INDICATION OF INJURY,0,0,0,0,0,2,0,18,3,3,41.91957313,-87.77542343,POINT (-87.775423425398 41.91957313035),30
2d9677c101f43ee46086fe4694683a888db2fe2aa3e2e0e85313d8fd09c2283c294017d6f35c8f9d60bd7f8de5faf31c59d3b149153dd6b44ef117708120263e,2025/3/4 17:40,25,STOP SIGN/FLASHER,FUNCTIONING PROPERLY,RAIN,"DARKNESS, LIGHTED ROAD",ANGLE,UNKNOWN INTERSECTION TYPE,STRAIGHT AND LEVEL,WET,WORN SURFACE,ON SCENE,INJURY AND / OR TOW DUE TO CRASH,"OVER $1,500",2025-03-04T17:43:00.000,FAILING TO YIELD RIGHT-OF-WAY,FAILING TO YIELD RIGHT-OF-WAY,554,W,66TH ST,722,2,"REPORTED, NOT EVIDENT",1,0,0,0,1,3,0,17,3,3,41.77448037,-87.63882783,POINT (-87.638827830205 41.774480365041),25
efab3181ef995e65808bca4a379282ae9dac3b0322fd48baaf4c70f50f39b439f24e9af06ba030e62317d4f3657228a2a87120b0fe69ce5d7e12a2d233ea74ab,2025/3/4 17:35,30,NO CONTROLS,NO CONTROLS,RAIN,DAYLIGHT,SIDESWIPE OPPOSITE DIRECTION,DIVIDED - W/MEDIAN (NOT RAISED),STRAIGHT AND LEVEL,WET,NO DEFECTS,ON SCENE,NO INJURY / DRIVE AWAY,"$501 - $1,500",2025-03-04T17:35:00.000,FAILING TO REDUCE SPEED TO AVOID CRASH,NOT APPLICABLE,8315,S,RACINE AVE,613,2,NO INDICATION OF INJURY,0,0,0,0,0,4,0,17,3,3,41.74273119,-87.65338302,POINT (-87.65338301789 41.742731191386),30
21475419d2eb35dd65560b791af0092397b7776150a1bf9d9b2d38467dc6114f92b615cd07d47f8630e4ffb2433ba05f36ab8b57daf07ee20960a9c45a79e72a,2025/3/4 17:30,25,NO CONTROLS,NO CONTROLS,CLEAR,DAYLIGHT,SIDESWIPE SAME DIRECTION,NOT DIVIDED,STRAIGHT AND LEVEL,DRY,UNKNOWN,NOT ON SCENE (DESK REPORT),NO INJURY / DRIVE AWAY,"OVER $1,500",2025-03-04T17:50:00.000,UNABLE TO DETERMINE,UNABLE TO DETERMINE,1509,W,119TH ST,524,2,NO INDICATION OF INJURY,0,0,0,0,0,3,0,17,3,3,41.67746178,-87.65932781,POINT (-87.659327812395 41.677461778106),25
333d17ab1a20e8a36b30617a81eb12813cd9c8bcfde82812cc2d50cdab45ea3d48a05304d644a91960de7432751d0016728484b33f471454fb6d014f2db9c837,2025/3/4 17:30,30,NO CONTROLS,NO CONTROLS,RAIN,"DARKNESS, LIGHTED ROAD",REAR END,NOT DIVIDED,STRAIGHT AND LEVEL,WET,NO DEFECTS,ON SCENE,NO INJURY / DRIVE AWAY,"$501 - $1,500",2025-03-04T17:38:00.000,FOLLOWING TOO CLOSELY,NOT APPLICABLE,2506,S,KEDZIE AVE,1024,2,NO INDICATION OF INJURY,0,0,0,0,0,2,0,17,3,3,41.84607182,-87.70523412,POINT (-87.705234124186 41.846071822773),30
254062bee4ce6bb2beac81d0033118f8bf000a2d6b1d614257e08696abaac8cac97ab6906663ca63413fd6fb457b43d41582e6d2e43968b6503e32c6763dd8c9,2025/3/4 17:24,30,NO CONTROLS,NO CONTROLS,RAIN,"DARKNESS, LIGHTED ROAD",SIDESWIPE OPPOSITE DIRECTION,DIVIDED - W/MEDIAN BARRIER,STRAIGHT AND LEVEL,WET,UNKNOWN,ON SCENE,NO INJURY / DRIVE AWAY,"OVER $1,500",2025-03-04T17:34:00.000,IMPROPER LANE USAGE,NOT APPLICABLE,5300,S,DAMEN AVE,932,2,NO INDICATION OF INJURY,0,0,0,0,0,2,0,17,3,3,41.79752781,-87.67455137,POINT (-87.674551369796 41.797527812206),30
4a205b26f3e980413cd439bf314d954d06f23057a5e7b02f37825ad8914cf376202beff18015ecda2376cab252112c8d0af84b361c09738f631d7b63e71978ac,2025/3/4 17:10,35,NO CONTROLS,NO CONTROLS,CLEAR,DAYLIGHT,HEAD ON,ONE-WAY,STRAIGHT AND LEVEL,WET,NO DEFECTS,NOT ON SCENE (DESK REPORT),NO INJURY / DRIVE AWAY,"OVER $1,500",2025-03-04T17:30:00.000,IMPROPER LANE USAGE,UNABLE TO DETERMINE,7900,S,VINCENNES AVE,621,2,NO INDICATION OF INJURY,0,0,0,0,0,2,0,17,3,3,41.75075039,-87.63438435,POINT (-87.634384345423 41.750750386696),35
4b0bff5e6a14ca4ba3970dd30fc394a1813895f635aa9ddb29f5d77ed95ed368314e82b7fc7dfe8b7dbe6c86494877165035fc475b7ef0f1957bd4aaffd26f42,2025/3/4 17:09,25,STOP SIGN/FLASHER,FUNCTIONING PROPERLY,UNKNOWN,UNKNOWN,PARKED MOTOR VEHICLE,NOT DIVIDED,STRAIGHT AND LEVEL,UNKNOWN,UNKNOWN,ON SCENE,NO INJURY / DRIVE AWAY,"OVER $1,500",2025-03-04T18:00:00.000,FAILING TO REDUCE SPEED TO AVOID CRASH,UNABLE TO DETERMINE,4426,N,LOCKWOOD AVE,1623,2,NO INDICATION OF INJURY,0,0,0,0,0,1,0,17,3,3,41.96137662,-87.76002093,POINT (-87.76002092594 41.961376624521),25
ce8412850d61743065b65325230885e8b2d9f94f5ad3f4dc54f7842a53b6b3746f53b9cb931a12de79d1012cae8176d4eb17dc4f974fd596db89a3b0ffe2c6fc,2025/3/4 17:06,30,NO CONTROLS,NO CONTROLS,RAIN,DAYLIGHT,PARKED MOTOR VEHICLE,NOT DIVIDED,STRAIGHT AND LEVEL,WET,NO DEFECTS,ON SCENE,INJURY AND / OR TOW DUE TO CRASH,"OVER $1,500",2025-03-04T17:08:00.000,NOT APPLICABLE,NOT APPLICABLE,5950,N,AVONDALE AVE,1612,2,NO INDICATION OF INJURY,0,0,0,0,0,1,0,17,3,3,41.98979726,-87.7964568,POINT (-87.79645680383 41.989797257765),30