crash_record_id,crash_date,posted_speed_limit,traffic_control_device,device_condition,weather_condition,lighting_condition,first_crash_type,trafficway_type,alignment,roadway_surface_cond,road_defect,report_type,crash_type,damage,date_police_notified,prim_contributory_cause,sec_contributory_cause,street_no,street_direction,street_name,beat_of_occurrence,num_units,most_severe_injury,injuries_total,injuries_fatal,injuries_incapacitating,injuries_non_incapacitating,injuries_reported_not_evident,injuries_no_indication,injuries_unknown,crash_hour,crash_day_of_week,crash_month,latitude,longitude,location,speed_limit
e8a13a65970f1ec01b41c87f19b856299d099777cd1388815b7f8a0486ba9afd392f2d4c9bf3e7d860510aca3b0729de8604f528c3ed29e55c3702ae8a97bcb8,2025/3/4 17:04,30,NO CONTROLS,NO CONTROLS,RAIN,DUSK,TURNING,NOT DIVIDED,STRAIGHT AND LEVEL,WET,NO DEFECTS,ON SCENE,INJURY AND / OR TOW DUE TO CRASH,"OVER $1,500",2025-03-04T17:04:00.000,IMPROPER OVERTAKING/PASSING,WEATHER,3199,W,112TH ST,2211,3,NO INDICATION OF INJURY,0,0,0,0,0,2,0,17,3,3,41.68963478,-87.70069305,POINT (-87.70069305052 41.689634780386),30
ebff0cd2466fe08178549786e748031144c7605821e658476eab1be5531b402880cb25ce4bbfdbfc14b2d504337113002d1dce55b3461aeb596615c767010a2f,2025/3/4 17:01,30,NO CONTROLS,NO CONTROLS,RAIN,DAYLIGHT,PARKED MOTOR VEHICLE,DIVIDED - W/MEDIAN (NOT RAISED),STRAIGHT AND LEVEL,WET,NO DEFECTS,ON SCENE,INJURY AND / OR TOW DUE TO CRASH,"OVER $1,500",2025-03-04T17:03:00.000,PHYSICAL CONDITION OF DRIVER,NOT APPLICABLE,8311,S,RACINE AVE,613,2,NONINCAPACITATING INJURY,1,0,0,1,0,0,0,17,3,3,41.74284428,-87.65338548,POINT (-87.65338548362 41.742844276004),30
90d5eb913e445535e3a0d4682cda671831698f9b94c4ee36fb5d3814370c95ac3ba7d9f4292b92a36c9dc8e9ba4c5ab7fe194be69d56a3e3b21bb842f94016cf,2025/3/4 16:52,30,UNKNOWN,UNKNOWN,RAIN,DUSK,REAR END,DIVIDED - W/MEDIAN BARRIER,STRAIGHT AND LEVEL,WET,UNKNOWN,ON SCENE,NO INJURY / DRIVE AWAY,$500 OR LESS,2025-03-04T17:19:00.000,FOLLOWING TOO CLOSELY,FOLLOWING TOO CLOSELY,3806,W,IRVING PARK RD,1723,2,NO INDICATION OF INJURY,0,0,0,0,0,3,0,16,3,3,41.95383032,-87.7230129,POINT (-87.723012899144 41.953830322232),30
6456491b1464c83c7d6e84038f5b81a2efccdae2ecb684a61d73e1a61d5149f75714be3fde3e5c4a52c2ee8b70c9c5d1c10290b4ae87f6a677359aab6aa1d033,2025/3/4 16:45,20,NO CONTROLS,NO CONTROLS,CLEAR,DAYLIGHT,REAR END,NOT DIVIDED,STRAIGHT AND LEVEL,WET,NO DEFECTS,NOT ON SCENE (DESK REPORT),NO INJURY / DRIVE AWAY,"OVER $1,500",2025-03-04T17:19:00.000,UNABLE TO DETERMINE,UNABLE TO DETERMINE,2809,W,31ST ST,1033,2,NO INDICATION OF INJURY,0,0,0,0,0,2,0,16,3,3,41.83729957,-87.69544228,POINT (-87.695442282551 41.837299567835),20
8c1280f01e29bb9ea71515e3090c9b2f975e8bb3a01e49934ae2ee81b185d1722b0a4b3092ed7d375c98e0526763a423e67477ab779f5754617563f2bb9610fc,2025/3/4 16:45,30,TRAFFIC SIGNAL,FUNCTIONING PROPERLY,CLEAR,DAYLIGHT,TURNING,NOT DIVIDED,STRAIGHT AND LEVEL,DRY,NO DEFECTS,NOT ON SCENE (DESK REPORT),NO INJURY / DRIVE AWAY,"OVER $1,500",2025-03-04T18:00:00.000,UNABLE TO DETERMINE,UNABLE TO DETERMINE,2500,S,PULASKI RD,1013,2,NO INDICATION OF INJURY,0,0,0,0,0,6,0,16,3,3,41.84603757,-87.72476137,POINT (-87.724761370522 41.846037568964),30
51fc4f6555c41ea6d8b19d33b6ba3a9b288e0644ff685509c98735f920a3adbd84ce37dcd32b3ebd5674f2e35947606a7e9f657d039f44207d4c330cbd7663f3,2025/3/4 16:43,30,TRAFFIC SIGNAL,FUNCTIONING PROPERLY,RAIN,DAYLIGHT,TURNING,NOT DIVIDED,STRAIGHT AND LEVEL,WET,NO DEFECTS,ON SCENE,INJURY AND / OR TOW DUE TO CRASH,"OVER $1,500",2025-03-04T16:45:00.000,FAILING TO YIELD RIGHT-OF-WAY,IMPROPER TURNING/NO SIGNAL,200,W,69TH ST,722,2,"REPORTED, NOT EVIDENT",1,0,0,0,1,2,0,16,3,3,41.7691905,-87.6299241,POINT (-87.629924095777 41.769190503193),30
b32545fcb0004756b21ccd8c3414c299f137616615180c40d925f4de4aac03f9f62857791cb03722fb8a15939f1211117467b38b2bc8d4d00bcd81027b4e853a,2025/3/4 16:43,30,NO CONTROLS,NO CONTROLS,RAIN,DAYLIGHT,REAR END,NOT DIVIDED,STRAIGHT AND LEVEL,WET,NO DEFECTS,ON SCENE,NO INJURY / DRIVE AWAY,$500 OR LESS,2025-03-04T17:06:00.000,FOLLOWING TOO CLOSELY,UNABLE TO DETERMINE,5568,N,NORTHWEST HWY,1622,2,NO INDICATION OF INJURY,0,0,0,0,0,3,0,16,3,3,41.98200284,-87.7808613,POINT (-87.780861295556 41.982002844523),30
5e46af51e0decd4578913171bad53800178cfff44d49c443b7f7219d4fa96b661c7975c80a4cca77b17e384d801d6c1fbcb6c4f9fd931cb2d7fcf8bcc59ca84b,2025/3/4 16:42,30,TRAFFIC SIGNAL,FUNCTIONING PROPERLY,CLEAR,DAYLIGHT,TURNING,NOT DIVIDED,STRAIGHT AND LEVEL,WET,NO DEFECTS,NOT ON SCENE (DESK REPORT),NO INJURY / DRIVE AWAY,"OVER $1,500",2025-03-05T11:40:00.000,FOLLOWING TOO CLOSELY,FOLLOWING TOO CLOSELY,628,N,ORLEANS ST,1831,2,NO INDICATION OF INJURY,0,0,0,0,0,2,0,16,3,3,41.89318392,-87.6372274,POINT (-87.637227397038 41.893183922173),30
c3ddf0127430d75fa5ee3cb612eb94471990cebfe89171fe06c9687d197b93e5556a7d8bd25479be9780649ea6f0d92f2a27e3d48ca1d9e889442694ba5bdd0e,2025/3/4 16:40,30,STOP SIGN/FLASHER,UNKNOWN,CLOUDY/OVERCAST,UNKNOWN,TURNING,UNKNOWN INTERSECTION TYPE,STRAIGHT AND LEVEL,UNKNOWN,UNKNOWN,NOT ON SCENE (DESK REPORT),NO INJURY / DRIVE AWAY,"OVER $1,500",2025-03-04T17:00:00.000,UNABLE TO DETERMINE,UNABLE TO DETERMINE,2920,N,CLARK ST,1934,2,NO INDICATION OF INJURY,0,0,0,0,0,2,0,16,3,3,41.93533927,-87.64711496,POINT (-87.647114963346 41.935339268336),30
01060b822a3f58f6b9197cec5755e43f01a82737290c7781d940a34c80c7a80a2edca8b8ef8474605f01e09196d20eb4ed7a31d3900f71c8c8b2b57f334e8ae2,2025/3/4 16:35,30,STOP SIGN/FLASHER,FUNCTIONING PROPERLY,RAIN,DAYLIGHT,TURNING,FOUR WAY,STRAIGHT AND LEVEL,WET,UNKNOWN,ON SCENE,NO INJURY / DRIVE AWAY,"OVER $1,500",2025-03-04T16:57:00.000,IMPROPER TURNING/NO SIGNAL,UNABLE TO DETERMINE,2300,S,WESTERN AVE,1034,2,NO INDICATION OF INJURY,0,0,0,0,0,3,0,16,3,3,41.85016605,-87.68573339,POINT (-87.685733391395 41.850166052914),30
eb8922656c3a7e025d9dec44e5e91526bfeb7da3303086d46886270dda737e10c425b9f557a5716b2145504b0473a4c891a017bbe6ef1172b9b442df6fd84f04,2025/3/4 16:34,30,RAILROAD CROSSING GATE,FUNCTIONING IMPROPERLY,RAIN,DAYLIGHT,REAR END,DIVIDED - W/MEDIAN (NOT RAISED),STRAIGHT AND LEVEL,WET,UNKNOWN,ON SCENE,INJURY AND / OR TOW DUE TO CRASH,"OVER $1,500",2025-03-04T16:50:00.000,NOT APPLICABLE,NOT APPLICABLE,12110,S,HALSTED ST,524,2,NO INDICATION OF INJURY,0,0,0,0,0,2,0,16,3,3,41.67374571,-87.64191879,POINT (-87.64191878891 41.673745707401),30
d46704fcb958b7f7e05b0218f1b7959c967426a977bcd12b8996b4630d13223bb9f0c7162418859b40f847ffbfd2d6a581e3e708f6d02eaaefe2e373a48fcc6d,2025/3/4 16:33,30,NO CONTROLS,NO CONTROLS,RAIN,DARKNESS,TURNING,NOT DIVIDED,STRAIGHT AND LEVEL,WET,NO DEFECTS,ON SCENE,INJURY AND / OR TOW DUE TO CRASH,"OVER $1,500",2025-03-04T17:34:00.000,IMPROPER TURNING/NO SIGNAL,NOT APPLICABLE,1750,N,WOLCOTT AVE,1434,2,NO INDICATION OF INJURY,0,0,0,0,0,2,0,16,3,3,41.91376262,-87.67524921,POINT (-87.675249214413 41.913762623429),30
43dc82d57e69124803da321ecf93517037d68b3830ee2ffff2ac87db07dffe25085712311ddd3d20e9979c20d80f37badec32aba32d9189118ad1128b2f8822a,2025/3/4 16:30,20,NO CONTROLS,NO CONTROLS,RAIN,DAWN,PARKED MOTOR VEHICLE,PARKING LOT,STRAIGHT AND LEVEL,WET,NO DEFECTS,ON SCENE,NO INJURY / DRIVE AWAY,$500 OR LESS,2025-03-04T16:36:00.000,IMPROPER BACKING,NOT APPLICABLE,1700,S,WENTWORTH AVE,914,2,NO INDICATION OF INJURY,0,0,0,0,0,2,0,16,3,3,41.85819935,-87.632056,POINT (-87.632056004781 41.858199347166),20
a4227ad520902f6c62cb6781ea84ec8e7602cc7e13175a6a2b0cdeae841d7f74e682d27c9e4134e6d6d89cdf3f1599c9216de7e94f4a851403a51b6328820044,2025/3/4 16:30,30,UNKNOWN,UNKNOWN,CLEAR,DAYLIGHT,REAR END,UNKNOWN,STRAIGHT AND LEVEL,DRY,UNKNOWN,NOT ON SCENE (DESK REPORT),NO INJURY / DRIVE AWAY,"OVER $1,500",2025-03-04T17:10:00.000,UNABLE TO DETERMINE,UNABLE TO DETERMINE,6600,S,MARQUETTE RD,312,2,NO INDICATION OF INJURY,0,0,0,0,0,2,0,16,3,3,41.77473833,-87.61324046,POINT (-87.613240463362 41.774738328394),30
47c9dda64f3e1fb68c71b53ed013b9da84ce63a88ce3c094d51834f52abafa78b67c818cc3a21eb578babb079784502d49544da9afc0b2dbf1bb4a7540f84f26,2025/3/4 16:28,30,TRAFFIC SIGNAL,FUNCTIONING PROPERLY,CLOUDY/OVERCAST,DUSK,PARKED MOTOR VEHICLE,NOT DIVIDED,STRAIGHT AND LEVEL,WET,NO DEFECTS,ON SCENE,INJURY AND / OR TOW DUE TO CRASH,"OVER $1,500",2025-03-04T16:32:00.000,IMPROPER OVERTAKING/PASSING,FAILING TO REDUCE SPEED TO AVOID CRASH,4302,S,WABASH AVE,215,3,NO INDICATION OF INJURY,0,0,0,0,0,1,0,16,3,3,41.81636255,-87.6247973,POINT (-87.624797303453 41.816362548416),30
bc4e71094b3dbbbb37bf4d5fd03e8af82fdbe098acddb9e787e9c538938d2d34a7ef7549e198dd6798459f0c82876e0267a4d1d3d30f57012a322fa4369f5419,2025/3/4 16:25,30,TRAFFIC SIGNAL,FUNCTIONING PROPERLY,RAIN,"DARKNESS, LIGHTED ROAD",TURNING,NOT DIVIDED,STRAIGHT AND LEVEL,SNOW OR SLUSH,NO DEFECTS,NOT ON SCENE (DESK REPORT),NO INJURY / DRIVE AWAY,"$501 - $1,500",2025-03-04T16:31:00.000,UNABLE TO DETERMINE,NOT APPLICABLE,6358,N,MANNHEIM RD,1654,2,NO INDICATION OF INJURY,0,0,0,0,0,2,0,16,3,3,41.99425895,-87.88475392,POINT (-87.884753922477 41.994258947544),30
72ee82f7557c3fe82a2282343fa3b59572365af74f8ee05a58e1550f4305797fb167c30f983754e078a9b9b005c2a5c25bfa3ff46b2932e3c98fc92d72319fad,2025/3/4 16:23,30,NO CONTROLS,NO CONTROLS,RAIN,DAYLIGHT,SIDESWIPE SAME DIRECTION,NOT DIVIDED,STRAIGHT AND LEVEL,WET,NO DEFECTS,NOT ON SCENE (DESK REPORT),NO INJURY / DRIVE AWAY,"OVER $1,500",2025-03-04T16:49:00.000,UNABLE TO DETERMINE,NOT APPLICABLE,1930,W,ROOSEVELT RD,1231,2,NO INDICATION OF INJURY,0,0,0,0,0,2,0,16,3,3,41.86688153,-87.67503046,POINT (-87.675030458089 41.866881532486),30
71a837a14ffd552e31cdf4ad3195ea91e685cfdaf885797abde826ae74b7333ec6424ef6bdadd2fbed1670f03c984ee54e7f34530834a22859b87d48a11c4d10,2025/3/4 16:16,30,STOP SIGN/FLASHER,FUNCTIONING PROPERLY,RAIN,DAYLIGHT,ANGLE,NOT DIVIDED,STRAIGHT AND LEVEL,WET,NO DEFECTS,ON SCENE,NO INJURY / DRIVE AWAY,"OVER $1,500",2025-03-04T16:41:00.000,FAILING TO YIELD RIGHT-OF-WAY,DRIVING SKILLS/KNOWLEDGE/EXPERIENCE,7100,W,ADDISON ST,1632,2,NO INDICATION OF INJURY,0,0,0,0,0,5,0,16,3,3,41.94544435,-87.80337459,POINT (-87.803374591345 41.94544435014),30
d5858fc8028acdbf6b63e402d8fe8bb39723ce4a09d4e6477e4ba2ddba972630317308fa3fddf020d5990c10df7ebb51716f38ad0ea86c70db0e043ac228b779,2025/3/4 16:15,30,UNKNOWN,UNKNOWN,UNKNOWN,UNKNOWN,TURNING,UNKNOWN,STRAIGHT AND LEVEL,UNKNOWN,UNKNOWN,NOT ON SCENE (DESK REPORT),NO INJURY / DRIVE AWAY,"OVER $1,500",2025-03-05T19:25:00.000,UNABLE TO DETERMINE,NOT APPLICABLE,5200,W,HENDERSON ST,1634,2,NO INDICATION OF INJURY,0,0,0,0,0,3,0,16,3,3,41.94154598,-87.75690525,POINT (-87.756905254212 41.9415459792),30
3fde9d5a35f2fd5dac5d9dd7a612133edb59ed52917e23629d3a6e680f159feb432dfbebac44762d0e78e1386614c336c6757fd95dae90afae7622a8599d24d3,2025/3/4 16:12,30,NO CONTROLS,NO CONTROLS,RAIN,DAYLIGHT,TURNING,NOT DIVIDED,STRAIGHT AND LEVEL,WET,NO DEFECTS,ON SCENE,INJURY AND / OR TOW DUE TO CRASH,"OVER $1,500",2025-03-04T16:42:00.000,FAILING TO YIELD RIGHT-OF-WAY,NOT APPLICABLE,6315,S,KEDZIE AVE,823,2,NONINCAPACITATING INJURY,2,0,0,2,0,0,0,16,3,3,41.77842134,-87.70297606,POINT (-87.702976058137 41.77842133639),30
9b9e172c4ca1c3fe92ba5c672deb0abb5f8babaf43d83292daa96a6bca9af603cf98072cdd406aadbdbfa332cfe29d6dee9a25d9fcf1e1a59dc2ecd60eb4e165,2025/3/4 16:10,30,NO CONTROLS,NO CONTROLS,CLEAR,DAYLIGHT,SIDESWIPE SAME DIRECTION,NOT DIVIDED,STRAIGHT AND LEVEL,WET,NO DEFECTS,ON SCENE,NO INJURY / DRIVE AWAY,"OVER $1,500",2025-03-04T16:16:00.000,FAILING TO YIELD RIGHT-OF-WAY,FAILING TO YIELD RIGHT-OF-WAY,1700,S,CANAL ST,1235,2,NO INDICATION OF INJURY,0,0,0,0,0,2,0,16,3,3,41.85880072,-87.63911995,POINT (-87.639119948012 41.858800719748),30
f77a1733a2bbb82c78cc241703a0c8b417eeb014af17cc7f5d8c00ba6cc51be541222108d47b4a8a73102db25764d8dfb8862e476830875f6cd85e1e701e852d,2025/3/4 16:05,30,NO CONTROLS,NO CONTROLS,RAIN,DAYLIGHT,ANGLE,ONE-WAY,STRAIGHT AND LEVEL,WET,NO DEFECTS,NOT ON SCENE (DESK REPORT),NO INJURY / DRIVE AWAY,"OVER $1,500",2025-03-04T16:30:00.000,FAILING TO YIELD RIGHT-OF-WAY,NOT APPLICABLE,6008,N,ARTESIAN AVE,2413,2,NO INDICATION OF INJURY,0,0,0,0,0,6,0,16,3,3,41.99079729,-87.69103815,POINT (-87.691038146198 41.990797293469),30
1bd3bcb14f8f0672ea1d3bacba5d03c9ba4d42d049c105eda548089d7844ee9b9db016d679e2e0981491ce1d2350180582edaebba7a75a88a3f5a4e5ac3ba4cb,2025/3/4 16:00,30,NO CONTROLS,NO CONTROLS,CLEAR,DAYLIGHT,PARKED MOTOR VEHICLE,NOT DIVIDED,STRAIGHT AND LEVEL,DRY,NO DEFECTS,NOT ON SCENE (DESK REPORT),NO INJURY / DRIVE AWAY,"OVER $1,500",2025-03-04T17:10:00.000,FOLLOWING TOO CLOSELY,NOT APPLICABLE,2026,W,BELMONT AVE,1921,2,NO INDICATION OF INJURY,0,0,0,0,0,1,0,16,3,3,41.939669,-87.67945731,POINT (-87.679457305704 41.939669003848),30
9c19c49dd497d16cb0ac7414db1eb722143f033330bfb9e5427c366240bd0fbe6a52a95ef2ac3719f97493785e5479b0c45c8b380b305be3c3d6906c63a75d6c,2025/3/4 16:00,25,NO CONTROLS,NO CONTROLS,RAIN,DAYLIGHT,PARKED MOTOR VEHICLE,ONE-WAY,STRAIGHT AND LEVEL,WET,NO DEFECTS,ON SCENE,NO INJURY / DRIVE AWAY,"$501 - $1,500",2025-03-04T16:14:00.000,NOT APPLICABLE,NOT APPLICABLE,3135,N,KILPATRICK AVE,2521,2,NO INDICATION OF INJURY,0,0,0,0,0,2,0,16,3,3,41.93809401,-87.74424911,POINT (-87.744249108957 41.938094008172),25
a4a19fe51b4047b6ad5e01a9f7f949a5edfbb2c47fed7818d1090f94d68cce178082eec342efac5c8cea894f2ab5d7a1633ad8060bbf3bba454136b8aa33fcfc,2025/3/4 16:00,35,NO CONTROLS,NO CONTROLS,RAIN,DAYLIGHT,FIXED OBJECT,NOT DIVIDED,STRAIGHT AND LEVEL,WET,UNKNOWN,ON SCENE,INJURY AND / OR TOW DUE TO CRASH,"OVER $1,500",2025-03-04T16:05:00.000,FAILING TO REDUCE SPEED TO AVOID CRASH,WEATHER,9201,W,HIGGINS RD,1614,1,NONINCAPACITATING INJURY,1,0,0,1,0,0,0,16,3,3,41.98875792,-87.85525468,POINT (-87.855254684426 41.988757923591),35
ec5954b66c6a639a117e8e3422e611f719acb6b435365698ac6441ead92ee7f253ec66b853f1146b65f84c4bbd69fc69b4f7e2fc098769a39cd9304ee9359432,2025/3/4 16:00,30,NO CONTROLS,NO CONTROLS,RAIN,DAYLIGHT,SIDESWIPE SAME DIRECTION,DIVIDED - W/MEDIAN (NOT RAISED),STRAIGHT AND LEVEL,WET,OTHER,NOT ON SCENE (DESK REPORT),NO INJURY / DRIVE AWAY,"OVER $1,500",2025-03-04T16:49:00.000,UNABLE TO DETERMINE,UNABLE TO DETERMINE,228,S,ASHLAND AVE,1231,2,NO INDICATION OF INJURY,0,0,0,0,0,2,0,16,3,3,41.87798478,-87.66685247,POINT (-87.666852474304 41.87798478254),30
b35d5419a7635c638741ed94976c764a4ae7add47026e2a71f7cf45288cf5ba4dc80827ed8940c21dd57a916b0ebea360b35ff126fbd7912596d13193da99f3e,2025/3/4 15:55,20,STOP SIGN/FLASHER,FUNCTIONING PROPERLY,RAIN,DAYLIGHT,ANGLE,NOT DIVIDED,STRAIGHT AND LEVEL,WET,NO DEFECTS,ON SCENE,INJURY AND / OR TOW DUE TO CRASH,"OVER $1,500",2025-03-04T15:56:00.000,FAILING TO YIELD RIGHT-OF-WAY,IMPROPER OVERTAKING/PASSING,4358,W,GLADYS AVE,1131,2,NO INDICATION OF INJURY,0,0,0,0,0,4,0,15,3,3,41.87616842,-87.73519769,POINT (-87.735197693556 41.876168424309),20
63e597797ba1223d3e2c985a5f3e71c3ad32ab17b591f6919a9b8d1e003f1720ec75384f05c12b4398bb91470e3c2fd8bfc5100fb6178fcc80babefcd1ed42e1,2025/3/4 15:46,30,NO CONTROLS,NO CONTROLS,UNKNOWN,UNKNOWN,SIDESWIPE SAME DIRECTION,DIVIDED - W/MEDIAN BARRIER,STRAIGHT AND LEVEL,UNKNOWN,UNKNOWN,NOT ON SCENE (DESK REPORT),NO INJURY / DRIVE AWAY,"$501 - $1,500",2025-03-04T16:24:00.000,DISREGARDING OTHER TRAFFIC SIGNS,DISREGARDING OTHER TRAFFIC SIGNS,228,S,ASHLAND AVE,1231,2,NO INDICATION OF INJURY,0,0,0,0,0,3,0,15,3,3,41.87798478,-87.66685247,POINT (-87.666852474304 41.87798478254),30
06331e631cb05811c0494cf3fa9bcf3c888d8c3a38267503025bf5793bc037bf40bf9661a596e441ec86bae2c819b7ea0072a07ba9d9b58dd379705ef73a6e2e,2025/3/4 15:45,30,NO CONTROLS,NO CONTROLS,RAIN,DAYLIGHT,REAR END,DIVIDED - W/MEDIAN (NOT RAISED),STRAIGHT AND LEVEL,WET,NO DEFECTS,NOT ON SCENE (DESK REPORT),NO INJURY / DRIVE AWAY,$500 OR LESS,2025-03-05T12:40:00.000,UNABLE TO DETERMINE,UNABLE TO DETERMINE,1400,S,DAMEN AVE,1233,2,NO INDICATION OF INJURY,0,0,0,0,0,2,0,15,3,3,41.86310318,-87.67629657,POINT (-87.676296565004 41.863103177295),30
2e73f799fbc18795c6321096b24d819a77067c81fff97a53e16bc12337706ddf324a6beeb348db7f9e07e5006b6c1192f8a2f576d16d5d5cc369c164abffe6f7,2025/3/4 15:35,30,STOP SIGN/FLASHER,FUNCTIONING PROPERLY,RAIN,DAYLIGHT,PEDESTRIAN,T-INTERSECTION,STRAIGHT AND LEVEL,WET,NO DEFECTS,ON SCENE,INJURY AND / OR TOW DUE TO CRASH,$500 OR LESS,2025-03-04T17:53:00.000,FAILING TO YIELD RIGHT-OF-WAY,NOT APPLICABLE,5900,N,CALIFORNIA AVE,2011,2,NONINCAPACITATING INJURY,1,0,0,1,0,1,0,15,3,3,41.9886662,-87.69948899,POINT (-87.699488987487 41.98866619612),30
e6786fbfd18b22ad1ee30ab6e1b3a9541260f34c7ecffdca99f577a91cb2fa83bad36fe758344e2cff4e97634b95c91e9a3fc9e0599c12b36819dd3e0454470b,2025/3/4 15:35,25,NO CONTROLS,NO CONTROLS,CLEAR,DAYLIGHT,SIDESWIPE OPPOSITE DIRECTION,NOT DIVIDED,STRAIGHT AND LEVEL,DRY,NO DEFECTS,NOT ON SCENE (DESK REPORT),NO INJURY / DRIVE AWAY,"OVER $1,500",2025-03-04T16:00:00.000,UNABLE TO DETERMINE,UNABLE TO DETERMINE,1257,W,97TH ST,2213,2,NO INDICATION OF INJURY,0,0,0,0,0,2,0,15,3,3,41.71798947,-87.6550964,POINT (-87.655096398318 41.717989470684),25
c8fd0f9b9137e7d7a2f82c84b0649324319cf223c1afc52f2359c24ea7ec174476429bc6c19219facc5347be0d1d9cf1f7f54e52d35d338286a53b94f2fc7d2f,2025/3/4 15:33,20,NO CONTROLS,NO CONTROLS,RAIN,DAYLIGHT,REAR TO SIDE,PARKING LOT,STRAIGHT AND LEVEL,WET,UNKNOWN,NOT ON SCENE (DESK REPORT),NO INJURY / DRIVE AWAY,"OVER $1,500",2025-03-04T16:40:00.000,UNABLE TO DETERMINE,NOT APPLICABLE,4002,W,CHICAGO AVE,1111,2,NO INDICATION OF INJURY,0,0,0,0,0,2,0,15,3,3,41.89547597,-87.7262185,POINT (-87.726218501324 41.895475965981),20
9e862d4b0e886edf961e106798f90d4ceb1ad2b6a31e87129c47c439d8ac9ecd4aeb2c9109fd77177725029353fa7d3d11d1c8b9004b7b1c5948f60211f97d5f,2025/3/4 15:30,30,NO CONTROLS,NO CONTROLS,RAIN,DAYLIGHT,PARKED MOTOR VEHICLE,NOT DIVIDED,STRAIGHT AND LEVEL,WET,UNKNOWN,NOT ON SCENE (DESK REPORT),NO INJURY / DRIVE AWAY,"OVER $1,500",2025-03-04T18:10:00.000,DRIVING SKILLS/KNOWLEDGE/EXPERIENCE,NOT APPLICABLE,4855,S,KILPATRICK AVE,815,2,NO INDICATION OF INJURY,0,0,0,0,0,1,0,15,3,3,41.80421106,-87.74047087,POINT (-87.740470870291 41.804211056708),30
be7cb761beb500e844a5bd699dca0e129752f35dd928c7e0f3ecad264c7365ea7e26171b20686d4027f7025a8366f885fed548bf627a3015ea7ec4284f7775a4,2025/3/4 15:27,30,NO CONTROLS,NO CONTROLS,RAIN,DAYLIGHT,SIDESWIPE SAME DIRECTION,ONE-WAY,STRAIGHT AND LEVEL,WET,UNKNOWN,ON SCENE,NO INJURY / DRIVE AWAY,$500 OR LESS,2025-03-04T15:27:00.000,UNABLE TO DETERMINE,UNABLE TO DETERMINE,1516,W,THOME AVE,2433,3,NO INDICATION OF INJURY,0,0,0,0,0,4,0,15,3,3,41.99554369,-87.66848115,POINT (-87.668481145603 41.995543689784),30
ed38e9f7448b8df5b130c9b116e7e8a6631cd19b091c04464342ffdedfcb019ffe469e0e6feb59b58df4ec459b7de878130a4307a3e6c283e1f3b39c60ea84a3,2025/3/4 15:25,30,NO CONTROLS,NO CONTROLS,UNKNOWN,UNKNOWN,PARKED MOTOR VEHICLE,ONE-WAY,STRAIGHT AND LEVEL,UNKNOWN,UNKNOWN,NOT ON SCENE (DESK REPORT),NO INJURY / DRIVE AWAY,"$501 - $1,500",2025-03-04T16:30:00.000,UNABLE TO DETERMINE,NOT APPLICABLE,6111,N,FAIRFIELD AVE,2413,2,NO INDICATION OF INJURY,0,0,0,0,0,3,0,15,3,3,41.99256947,-87.69810329,POINT (-87.698103289764 41.992569472104),30
129db4cb61aa866c708d85e9bdf2cdfe6a03365e0efa36015590bfe8f77204547a6f5a1a94a7578bc0c2373410accfc7828a87a22a71ea4d01792dd3138b6e0c,2025/3/4 15:23,30,STOP SIGN/FLASHER,FUNCTIONING PROPERLY,RAIN,DAYLIGHT,TURNING,T-INTERSECTION,STRAIGHT AND LEVEL,WET,NO DEFECTS,NOT ON SCENE (DESK REPORT),NO INJURY / DRIVE AWAY,"$501 - $1,500",2025-03-04T15:50:00.000,FAILING TO YIELD RIGHT-OF-WAY,NOT APPLICABLE,1131,W,WELLINGTON AVE,1933,2,NO INDICATION OF INJURY,0,0,0,0,0,2,0,15,3,3,41.93610592,-87.65768192,POINT (-87.657681924688 41.936105920194),30
5d5f5a07f919fa5a1a97add2ac54d0affc8cc14a674756cb674e13fc84a77febfff85033166a23010f8ec1d4f93b1ae4c311fb80563dd139fd3a4d3b5d2549f4,2025/3/4 15:19,30,NO CONTROLS,NO CONTROLS,RAIN,DAYLIGHT,REAR END,ONE-WAY,STRAIGHT AND LEVEL,WET,OTHER,ON SCENE,NO INJURY / DRIVE AWAY,"OVER $1,500",2025-03-04T15:20:00.000,UNABLE TO DETERMINE,NOT APPLICABLE,6534,S,MARSHFIELD AVE,725,2,NO INDICATION OF INJURY,0,0,0,0,0,2,0,15,3,3,41.77476275,-87.66550261,POINT (-87.665502614417 41.774762754912),30
2b2564ac2b82734b6545f091c865992fe9db2ae869b46d0f2d92c525dfd330d5673c24d56244a3036708d3447fc227c7bd497848c184a231850067e37e78449f,2025/3/4 15:10,30,NO CONTROLS,NO CONTROLS,RAIN,DAYLIGHT,REAR END,NOT DIVIDED,STRAIGHT AND LEVEL,WET,UNKNOWN,NOT ON SCENE (DESK REPORT),NO INJURY / DRIVE AWAY,"OVER $1,500",2025-03-04T16:00:00.000,FOLLOWING TOO CLOSELY,FOLLOWING TOO CLOSELY,4647,N,KEDZIE AVE,1713,2,NO INDICATION OF INJURY,0,0,0,0,0,2,0,15,3,3,41.96598059,-87.7082517,POINT (-87.708251700787 41.965980591179),30