crash_record_id,crash_date,posted_speed_limit,traffic_control_device,device_condition,weather_condition,lighting_condition,first_crash_type,trafficway_type,alignment,roadway_surface_cond,road_defect,report_type,crash_type,damage,date_police_notified,prim_contributory_cause,sec_contributory_cause,street_no,street_direction,street_name,beat_of_occurrence,num_units,most_severe_injury,injuries_total,injuries_fatal,injuries_incapacitating,injuries_non_incapacitating,injuries_reported_not_evident,injuries_no_indication,injuries_unknown,crash_hour,crash_day_of_week,crash_month,latitude,longitude,location,speed_limit
44a4559bb48abb27d3795e3fd39523b87d05bd4439e0196e5f34fe8271e7fa7ba723762a3c5da6b73af68e7d04fa9f61c4b281f55a7e4fdb679e7eb255633d0a,2025/3/4 15:10,30,OTHER,OTHER,RAIN,DAYLIGHT,REAR END,OTHER,STRAIGHT AND LEVEL,WET,UNKNOWN,NOT ON SCENE (DESK REPORT),NO INJURY / DRIVE AWAY,"OVER $1,500",2025-03-04T15:55:00.000,UNABLE TO DETERMINE,UNABLE TO DETERMINE,6051,N,CALIFORNIA AVE,2413,2,NO INDICATION OF INJURY,0,0,0,0,0,2,0,15,3,3,41.99188756,-87.69930166,POINT (-87.699301659524 41.99188755614),30
c583f8c4477b18a483852c6e34bf446e812bd171722c1f3ec20898d283b483cda2df2f7c6faaccee3a65b68c06beec4bec404b6abe1ef5280eaf2f1dd0a41406,2025/3/4 15:10,30,NO CONTROLS,NO CONTROLS,RAIN,DAYLIGHT,TURNING,NOT DIVIDED,STRAIGHT AND LEVEL,WET,NO DEFECTS,NOT ON SCENE (DESK REPORT),NO INJURY / DRIVE AWAY,"OVER $1,500",2025-03-04T16:32:00.000,FAILING TO YIELD RIGHT-OF-WAY,NOT APPLICABLE,3900,W,87TH ST,834,2,NO INDICATION OF INJURY,0,0,0,0,0,2,0,15,3,3,41.73500692,-87.71911683,POINT (-87.719116833915 41.735006922695),30
ebae376910b1562a76a0be0ee375dbf955836d7c92781c20967c4fda6eff8d66181037d0e3ced2e0459efc6c5ea7ce212e067801877f25455030d2b8ddc2b5f2,2025/3/4 15:06,30,NO CONTROLS,NO CONTROLS,RAIN,DAYLIGHT,FIXED OBJECT,NOT DIVIDED,STRAIGHT AND LEVEL,WET,NO DEFECTS,ON SCENE,INJURY AND / OR TOW DUE TO CRASH,"OVER $1,500",2025-03-04T15:06:00.000,UNABLE TO DETERMINE,NOT APPLICABLE,5034,W,ROOSEVELT RD,1533,1,NO INDICATION OF INJURY,0,0,0,0,0,1,0,15,3,3,41.86591398,-87.75101158,POINT (-87.751011576845 41.865913983995),30
ebdacb3ce68f9c702c0e83e398a7ddb83f1685e2cb381ab76f28cdcd5a5e08ee606af7503f51d1591d2160c28c97857a3f4c9675d25e0e07032af72db2e491f0,2025/3/4 15:05,30,NO CONTROLS,NO CONTROLS,RAIN,DAYLIGHT,REAR END,NOT DIVIDED,STRAIGHT AND LEVEL,WET,NO DEFECTS,NOT ON SCENE (DESK REPORT),NO INJURY / DRIVE AWAY,"OVER $1,500",2025-03-04T15:28:00.000,FOLLOWING TOO CLOSELY,NOT APPLICABLE,5424,S,PULASKI RD,815,2,NO INDICATION OF INJURY,0,0,0,0,0,2,0,15,3,3,41.79426938,-87.72333669,POINT (-87.723336689841 41.794269378873),30
50a44c3c543c6f33b604e6707815029ed5b851b8c1345f0f3ef25b32468e12639165eedbb0c353f3b94b605cca3d9eba9e4bceff1713d1abf42eaf5ba3307dbe,2025/3/4 15:00,30,STOP SIGN/FLASHER,FUNCTIONING PROPERLY,RAIN,DAYLIGHT,ANGLE,DIVIDED - W/MEDIAN (NOT RAISED),STRAIGHT AND LEVEL,WET,UNKNOWN,NOT ON SCENE (DESK REPORT),NO INJURY / DRIVE AWAY,"OVER $1,500",2025-03-04T17:40:00.000,DISREGARDING STOP SIGN,FAILING TO YIELD RIGHT-OF-WAY,3898,W,DIVISION ST,2535,2,NO INDICATION OF INJURY,0,0,0,0,0,2,0,15,3,3,41.90280177,-87.72380567,POINT (-87.723805669387 41.902801766826),30
5df82105c1c341d35e7c5850fb7627a5e111d442813f750abb57d468cce25bc57cbca0eae400bba9d82993fb5acdae3c16b026bc7568b95e0814add8cb5b80cc,2025/3/4 15:00,30,TRAFFIC SIGNAL,FUNCTIONING PROPERLY,CLEAR,DAYLIGHT,REAR END,NOT DIVIDED,STRAIGHT AND LEVEL,WET,UNKNOWN,NOT ON SCENE (DESK REPORT),NO INJURY / DRIVE AWAY,$500 OR LESS,2025-03-05T15:20:00.000,UNABLE TO DETERMINE,NOT APPLICABLE,1602,E,103RD ST,431,2,NO INDICATION OF INJURY,0,0,0,0,0,2,0,15,3,3,41.70790051,-87.58478696,POINT (-87.584786958021 41.707900509708),30
64516c37dc79c998b7ffdb0cb71ad045fd6f66fa8e20df1ebdbde9cea6ded1937ff1481ad7fee26caa12843776b86498522c2a166b48edb76df44843c891df4f,2025/3/4 15:00,30,UNKNOWN,UNKNOWN,RAIN,DAYLIGHT,SIDESWIPE SAME DIRECTION,NOT DIVIDED,STRAIGHT AND LEVEL,UNKNOWN,UNKNOWN,NOT ON SCENE (DESK REPORT),NO INJURY / DRIVE AWAY,"OVER $1,500",2025-03-04T16:00:00.000,UNABLE TO DETERMINE,UNABLE TO DETERMINE,23,W,CHICAGO AVE,1832,2,NO INDICATION OF INJURY,0,0,0,0,0,2,0,15,3,3,41.89655372,-87.62919269,POINT (-87.629192692565 41.896553724077),30
abe2e363eefa8f3b33b555445c09c9257b269dc396046d636425b0bf70125748b3cc7d74b6f03bafbfe5b77110049a46c412ea18878b71d5f40c0538f2b54804,2025/3/4 15:00,30,STOP SIGN/FLASHER,FUNCTIONING PROPERLY,CLEAR,DAYLIGHT,ANGLE,FOUR WAY,STRAIGHT AND LEVEL,DRY,NO DEFECTS,NOT ON SCENE (DESK REPORT),NO INJURY / DRIVE AWAY,"$501 - $1,500",2025-03-06T13:15:00.000,DRIVING SKILLS/KNOWLEDGE/EXPERIENCE,UNABLE TO DETERMINE,7600,S,MICHIGAN AVE,623,2,NO INDICATION OF INJURY,0,0,0,0,0,4,0,15,3,3,41.75637773,-87.62164511,POINT (-87.621645109535 41.756377734262),30
57fcf76c6fcb445226d9c9eb089d541e4cd8cf8793c1047deb6541e36c7bb65f9ec2e37def5fc5cf76d71e30cf1eca2eb5a624ab0151b07d9ee8897674c66707,2025/3/4 14:59,30,TRAFFIC SIGNAL,FUNCTIONING PROPERLY,RAIN,DAYLIGHT,TURNING,FOUR WAY,STRAIGHT AND LEVEL,WET,NO DEFECTS,ON SCENE,NO INJURY / DRIVE AWAY,"$501 - $1,500",2025-03-04T15:01:00.000,IMPROPER TURNING/NO SIGNAL,NOT APPLICABLE,3998,W,CERMAK RD,1014,2,NO INDICATION OF INJURY,0,0,0,0,0,2,0,14,3,3,41.85165731,-87.72469864,POINT (-87.72469864179 41.851657310389),30
7d7c3127db3530f128ca55979c060d1c28a2750c02e6fc4dfa1ea74b88429c98df8c04669c6a5358cfe566a3c843d8e0dec39059dd5e826833a884761c787db4,2025/3/4 14:53,30,NO CONTROLS,NO CONTROLS,RAIN,DAYLIGHT,ANGLE,T-INTERSECTION,STRAIGHT AND LEVEL,WET,NO DEFECTS,ON SCENE,INJURY AND / OR TOW DUE TO CRASH,"OVER $1,500",2025-03-04T14:58:00.000,FAILING TO YIELD RIGHT-OF-WAY,NOT APPLICABLE,6314,S,WASHTENAW AVE,825,2,"REPORTED, NOT EVIDENT",1,0,0,0,1,1,0,14,3,3,41.77863104,-87.69108945,POINT (-87.69108945163 41.778631041385),30
09ac97832884a0698ee2da875e7a2eebc15ca30f77369d7936ac72748f77816598e4910393498439ba9a9560db6f2cf06bcf1d126fcecf5dfe64c3bc140ab15e,2025/3/4 14:50,30,NO CONTROLS,NO CONTROLS,RAIN,DAYLIGHT,PARKED MOTOR VEHICLE,DIVIDED - W/MEDIAN (NOT RAISED),STRAIGHT AND LEVEL,WET,UNKNOWN,NOT ON SCENE (DESK REPORT),NO INJURY / DRIVE AWAY,$500 OR LESS,2025-03-04T16:10:00.000,UNABLE TO DETERMINE,NOT APPLICABLE,5815,S,ELLIS AVE,235,4,NO INDICATION OF INJURY,0,0,0,0,0,3,0,14,3,3,41.78913227,-87.60110585,POINT (-87.601105854362 41.789132268943),30
962714944d40c8b903a3bacc053cf987decae6472eb71caa46b7a66024ffa8e75ae5b0f53d6aa7c5affbef2f9b0e1042dd4e50957f07cb2e88a9b3f0cf21e70a,2025/3/4 14:50,30,NO CONTROLS,NO CONTROLS,RAIN,DAYLIGHT,REAR END,NOT DIVIDED,STRAIGHT AND LEVEL,WET,NO DEFECTS,NOT ON SCENE (DESK REPORT),NO INJURY / DRIVE AWAY,"OVER $1,500",2025-03-05T15:27:00.000,FOLLOWING TOO CLOSELY,NOT APPLICABLE,3400,W,31ST ST,1032,2,NO INDICATION OF INJURY,0,0,0,0,0,2,0,14,3,3,41.83725399,-87.7097778,POINT (-87.709777801095 41.837253985723),30
6154421d9b4e4f6c6b0b465df4e79e1819aad9c44d83acb7b1a45aa490f0395af89d896720f1ee3dd725c7f1f9eb2654dbf65632d29c46e312feae3d78a14154,2025/3/4 14:46,35,STOP SIGN/FLASHER,FUNCTIONING PROPERLY,RAIN,DAYLIGHT,TURNING,OTHER,STRAIGHT AND LEVEL,WET,NO DEFECTS,ON SCENE,INJURY AND / OR TOW DUE TO CRASH,"OVER $1,500",2025-03-04T15:16:00.000,FAILING TO YIELD RIGHT-OF-WAY,NOT APPLICABLE,3882,W,COLUMBUS AVE,834,5,NONINCAPACITATING INJURY,4,0,0,4,0,3,0,14,3,3,41.73765277,-87.71905224,POINT (-87.719052242687 41.73765276509),35
499f298fab8c12136d163a14b14ec07ba7b07316b240af025da27f7b1776092e647aa26e41208452f325be35bee82ff1067ac5000c0024daf10ccfd4f94b4a15,2025/3/4 14:45,30,TRAFFIC SIGNAL,FUNCTIONING PROPERLY,RAIN,DAYLIGHT,SIDESWIPE SAME DIRECTION,NOT DIVIDED,STRAIGHT AND LEVEL,WET,UNKNOWN,NOT ON SCENE (DESK REPORT),NO INJURY / DRIVE AWAY,"OVER $1,500",2025-03-04T14:59:00.000,IMPROPER OVERTAKING/PASSING,NOT APPLICABLE,1000,W,NORTH AVE,1811,2,NO INDICATION OF INJURY,0,0,0,0,0,3,0,14,3,3,41.91094876,-87.65315955,POINT (-87.653159551272 41.910948762561),30
5aab4fba2f6654d4b89565f7a2925755e0be35c5718a124603ab897f53b7739a9fe50c973dc4adf9b67bacf85dff77afc4f17db54c685755df2c37c3963386cd,2025/3/4 14:45,30,TRAFFIC SIGNAL,FUNCTIONING PROPERLY,RAIN,DAYLIGHT,TURNING,FOUR WAY,STRAIGHT AND LEVEL,WET,NO DEFECTS,NOT ON SCENE (DESK REPORT),NO INJURY / DRIVE AWAY,"$501 - $1,500",2025-03-04T15:15:00.000,UNABLE TO DETERMINE,NOT APPLICABLE,3200,W,FOSTER AVE,1712,2,NO INDICATION OF INJURY,0,0,0,0,0,2,0,14,3,3,41.97585692,-87.70874364,POINT (-87.708743641643 41.975856915535),30
68a0abd8bc93922121e919baf35f0d07ae6e3a5155c34a2b8b896ce067a379e651ac36f011aeeccb8b84f14a20106da8467ef4fd8330adfd15baf4867288e640,2025/3/4 14:45,35,NO CONTROLS,NO CONTROLS,CLEAR,DAYLIGHT,ANGLE,NOT REPORTED,STRAIGHT AND LEVEL,WET,NO DEFECTS,ON SCENE,INJURY AND / OR TOW DUE TO CRASH,"OVER $1,500",2025-03-04T14:46:00.000,UNABLE TO DETERMINE,NOT APPLICABLE,1436,E,HYDE PARK BLVD,222,2,NO INDICATION OF INJURY,0,0,0,0,0,2,0,14,3,3,41.80254783,-87.59044121,POINT (-87.590441205998 41.802547831213),35
7b9c04111ff2d2badaeb7d744a4f6c082db6996baa553dada4e8335ed68c281a1322d78cc6e47406ccca42e1a103c3b96dfe9765dc19ea4629932c83c5e09371,2025/3/4 14:44,25,TRAFFIC SIGNAL,FUNCTIONING PROPERLY,RAIN,DAYLIGHT,SIDESWIPE SAME DIRECTION,NOT DIVIDED,STRAIGHT AND LEVEL,WET,NO DEFECTS,NOT ON SCENE (DESK REPORT),NO INJURY / DRIVE AWAY,"OVER $1,500",2025-03-04T15:14:00.000,IMPROPER LANE USAGE,IMPROPER LANE USAGE,4000,S,CICERO AVE,1031,2,NO INDICATION OF INJURY,0,0,0,0,0,2,0,14,3,3,41.82056577,-87.7436532,POINT (-87.743653198213 41.820565772976),25
0d98c48f7869902f5d7f5c6aee2cd92f1896ece3824b304c4b6eff2d43cd158c558ae7c51210149837721d7ef2ace28a1e016c33de62334045c52fc990967aa9,2025/3/4 14:36,30,NO CONTROLS,NO CONTROLS,RAIN,DAYLIGHT,TURNING,NOT DIVIDED,STRAIGHT AND LEVEL,WET,UNKNOWN,ON SCENE,INJURY AND / OR TOW DUE TO CRASH,"OVER $1,500",2025-03-04T14:41:00.000,UNABLE TO DETERMINE,NOT APPLICABLE,5215,N,KEDZIE AVE,1712,2,NO INDICATION OF INJURY,0,0,0,0,0,2,0,14,3,3,41.97620278,-87.70854325,POINT (-87.708543249244 41.976202779901),30
7a1424296f6d3430a56d96dbe0d7121c802e9978458a83af2ef4fcfc642cc53ab2eb288a9b5cafdf82d0fc2ebc27397aec6e2c2a501254e5914824a52f86cbc5,2025/3/4 14:32,30,NO CONTROLS,NO CONTROLS,RAIN,DUSK,REAR END,NOT DIVIDED,STRAIGHT AND LEVEL,WET,NO DEFECTS,ON SCENE,NO INJURY / DRIVE AWAY,$500 OR LESS,2025-03-04T14:32:00.000,FOLLOWING TOO CLOSELY,FOLLOWING TOO CLOSELY,2322,W,MONTROSE AVE,1911,2,NO INDICATION OF INJURY,0,0,0,0,0,2,0,14,3,3,41.96144195,-87.68729083,POINT (-87.687290827549 41.961441949976),30
0e25895808d9e24d8f099b87f97f15b845eaef43b035f8b9b837a79caaaaea1147a96b9684dfc64cfd32a0d4e13b57156f4350148085dc24830f14c7133f230b,2025/3/4 14:30,30,STOP SIGN/FLASHER,FUNCTIONING PROPERLY,CLOUDY/OVERCAST,DAYLIGHT,ANGLE,FOUR WAY,STRAIGHT AND LEVEL,UNKNOWN,NO DEFECTS,ON SCENE,NO INJURY / DRIVE AWAY,"$501 - $1,500",2025-03-04T14:32:00.000,FAILING TO YIELD RIGHT-OF-WAY,NOT APPLICABLE,9700,S,GREEN ST,2223,2,NO INDICATION OF INJURY,0,0,0,0,0,4,0,14,3,3,41.71751755,-87.6444688,POINT (-87.644468803176 41.717517546008),30
89d71bb27b7488f4e98ba7746e923c734299e8e6130d6fe8e5956d416362f38bb08a682544be676421bccba014dfe8a46771dad8e54bf63de96328b7bc78502e,2025/3/4 14:30,30,OTHER,OTHER,RAIN,DAYLIGHT,ANGLE,OTHER,STRAIGHT AND LEVEL,WET,WORN SURFACE,ON SCENE,INJURY AND / OR TOW DUE TO CRASH,"OVER $1,500",2025-03-04T15:12:00.000,FAILING TO YIELD RIGHT-OF-WAY,NOT APPLICABLE,1455,W,44TH ST,924,2,NO INDICATION OF INJURY,0,0,0,0,0,2,0,14,3,3,41.81399743,-87.66240276,POINT (-87.662402763138 41.813997430699),30
d4f013a4b44b779a087559ce7e521cfb32c83b19670c4b477e377abdb87e1c591aa6171c25a45abbe72e597b619ca8de086e017e2bd0a162e86affbd9b54726b,2025/3/4 14:30,40,NO CONTROLS,NO CONTROLS,RAIN,DAYLIGHT,SIDESWIPE SAME DIRECTION,DIVIDED - W/MEDIAN BARRIER,STRAIGHT AND LEVEL,WET,NO DEFECTS,ON SCENE,NO INJURY / DRIVE AWAY,$500 OR LESS,2025-03-04T14:40:00.000,NOT APPLICABLE,NOT APPLICABLE,641,S,LAKE SHORE DR NB,114,2,NO INDICATION OF INJURY,0,0,0,0,0,3,0,14,3,3,41.87368181,-87.61694318,POINT (-87.616943183738 41.873681806928),40
a618929935b65d18d4266521da25e8d84240ca7ecb8d4394f662b8aec9316f44945c7cc33a737322af511800d8aa3fd2de9d24bfd1057bf538955f01de73e224,2025/3/4 14:25,25,NO CONTROLS,NO CONTROLS,RAIN,DAYLIGHT,REAR END,NOT DIVIDED,STRAIGHT AND LEVEL,WET,NO DEFECTS,NOT ON SCENE (DESK REPORT),NO INJURY / DRIVE AWAY,"OVER $1,500",2025-03-06T00:30:00.000,FOLLOWING TOO CLOSELY,FOLLOWING TOO CLOSELY,1800,W,31ST PL,912,2,NO INDICATION OF INJURY,0,0,0,0,0,2,0,14,3,3,41.83692935,-87.67068965,POINT (-87.670689648232 41.836929345775),25
692f5f60682884921d6473deab832050df7089a6262c3c01d864015775d944aec2c6ce7c6e97a0ae6364c9576140e4e9f1bd3a1d7a9c9dc1277e9e5536998902,2025/3/4 14:15,30,TRAFFIC SIGNAL,FUNCTIONING PROPERLY,RAIN,DAYLIGHT,TURNING,DIVIDED - W/MEDIAN (NOT RAISED),STRAIGHT AND LEVEL,WET,UNKNOWN,NOT ON SCENE (DESK REPORT),NO INJURY / DRIVE AWAY,"OVER $1,500",2025-03-04T15:10:00.000,UNABLE TO DETERMINE,NOT APPLICABLE,9500,S,STONY ISLAND AVE,511,2,NO INDICATION OF INJURY,0,0,0,0,0,2,0,14,3,3,41.72225727,-87.58527557,POINT (-87.585275565077 41.722257273006),30
6bc43d1bf6171fecae1ee9fe4033b7ea94a16e19e0e2cb3ce21d5938ec1408055974fdf921b40dfff77c1f19dfd733d596d0628c71eba7e240214ff7c820e9ba,2025/3/4 14:15,30,NO CONTROLS,NO CONTROLS,RAIN,DAYLIGHT,PARKED MOTOR VEHICLE,PARKING LOT,STRAIGHT AND LEVEL,WET,NO DEFECTS,NOT ON SCENE (DESK REPORT),NO INJURY / DRIVE AWAY,"$501 - $1,500",2025-03-04T18:15:00.000,NOT APPLICABLE,NOT APPLICABLE,10200,S,HALSTED ST,2232,2,NO INDICATION OF INJURY,0,0,0,0,0,1,0,14,3,3,41.70864399,-87.64302435,POINT (-87.643024347783 41.708643985185),30
2726bc10f11a77bab9aa136da1d2e72e437ceaa2c66370b4b7fa130688db1fc8c61571b887aea35bae3d4ec4ead4441986a8db5c4e49070165384c0e36135346,2025/3/4 14:10,30,NO CONTROLS,NO CONTROLS,RAIN,DAYLIGHT,SIDESWIPE SAME DIRECTION,NOT DIVIDED,STRAIGHT AND LEVEL,WET,NO DEFECTS,NOT ON SCENE (DESK REPORT),NO INJURY / DRIVE AWAY,"OVER $1,500",2025-03-04T14:45:00.000,IMPROPER OVERTAKING/PASSING,IMPROPER LANE USAGE,1377,E,53RD ST,234,2,NO INDICATION OF INJURY,0,0,0,0,0,3,0,14,3,3,41.79940011,-87.59199955,POINT (-87.591999550603 41.799400111166),30
7275a001547fd61906a1a47b472eb013967c5b012e82897ce801ddc356b0a2470bb286bd339103384857b0bcab2324224a9bb565268d615ba4ab184dda2a2e38,2025/3/4 14:10,30,NO CONTROLS,NO CONTROLS,RAIN,DAYLIGHT,PARKED MOTOR VEHICLE,DIVIDED - W/MEDIAN (NOT RAISED),STRAIGHT AND LEVEL,WET,NO DEFECTS,NOT ON SCENE (DESK REPORT),NO INJURY / DRIVE AWAY,"OVER $1,500",2025-03-04T15:07:00.000,IMPROPER BACKING,NOT APPLICABLE,3122,S,ARCHER AVE,912,2,NO INDICATION OF INJURY,0,0,0,0,0,1,0,14,3,3,41.83732691,-87.66656037,POINT (-87.666560367498 41.837326910878),30
1db918520c7ed352cd1ae2ab786ddebaee37bb6e9904424e340062907c1ab46fd62e0cd63f360a55d0a1a49cb15a5863e60ba5cafb535579e45106a4e3321be8,2025/3/4 14:05,30,NO CONTROLS,NO CONTROLS,RAIN,DAYLIGHT,TURNING,NOT DIVIDED,STRAIGHT AND LEVEL,WET,UNKNOWN,NOT ON SCENE (DESK REPORT),NO INJURY / DRIVE AWAY,"OVER $1,500",2025-03-04T14:30:00.000,"VISION OBSCURED (SIGNS, TREE LIMBS, BUILDINGS, ETC.)",NOT APPLICABLE,5840,N,BROADWAY,2013,2,NO INDICATION OF INJURY,0,0,0,0,0,2,0,14,3,3,41.98821832,-87.66035704,POINT (-87.66035704329 41.988218317766),30
d8844fbbf783a16ce2fa58bb6d756be54e1e0ac1335e0c75e3364b49523a022b1a3fec40eb4e603b35d04470830abbcd78aef22ca6e3744373503bb38f402c43,2025/3/4 14:05,30,UNKNOWN,UNKNOWN,RAIN,DAYLIGHT,REAR END,NOT DIVIDED,STRAIGHT AND LEVEL,WET,UNKNOWN,NOT ON SCENE (DESK REPORT),NO INJURY / DRIVE AWAY,"OVER $1,500",2025-03-04T14:20:00.000,FOLLOWING TOO CLOSELY,WEATHER,5454,W,FOSTER AVE,1623,2,NO INDICATION OF INJURY,0,0,0,0,0,2,0,14,3,3,41.97524858,-87.76492944,POINT (-87.764929435104 41.975248576596),30
084ecad5d72febfbcf29dc0911790aea362c16db00e8c283d86f84a307029cf39771f1d32f7286806efd773fb6dbca66b0251ddad1c8d0ddd6e0a234249967f4,2025/3/4 14:00,20,NO CONTROLS,NO CONTROLS,RAIN,DAYLIGHT,ANGLE,PARKING LOT,STRAIGHT AND LEVEL,UNKNOWN,UNKNOWN,NOT ON SCENE (DESK REPORT),NO INJURY / DRIVE AWAY,"OVER $1,500",2025-03-04T15:50:00.000,UNABLE TO DETERMINE,NOT APPLICABLE,6560,W,FULLERTON AVE,2512,2,NO INDICATION OF INJURY,0,0,0,0,0,2,0,14,3,3,41.9237502,-87.78988086,POINT (-87.789880859626 41.923750201042),20
256d41202c9708d275734135a75badc12864c1796890d9ba54144985b3adc06da2f9836ef27b898b4a55b0eef394bae91c6adfdc49c4f342f4900749c642193d,2025/3/4 14:00,30,NO CONTROLS,NO CONTROLS,RAIN,DAYLIGHT,SIDESWIPE SAME DIRECTION,NOT DIVIDED,STRAIGHT AND LEVEL,WET,NO DEFECTS,NOT ON SCENE (DESK REPORT),NO INJURY / DRIVE AWAY,"OVER $1,500",2025-03-04T14:30:00.000,UNABLE TO DETERMINE,NOT APPLICABLE,1010,S,HAMILTON AVE,1225,2,NO INDICATION OF INJURY,0,0,0,0,0,2,0,14,3,3,41.8687232,-87.6804806,POINT (-87.680480596642 41.868723195737),30
5607fbc9136b70f3b3e33216a2a988ef30edc56799a55ce016c776cf1ca1f37820dae06999546b9c3ab44b6612c6d29d9bfb6a5c463f6bf4d74cd6d2d63573d9,2025/3/4 14:00,30,NO CONTROLS,NO CONTROLS,RAIN,DAYLIGHT,ANGLE,NOT DIVIDED,STRAIGHT AND LEVEL,WET,NO DEFECTS,NOT ON SCENE (DESK REPORT),NO INJURY / DRIVE AWAY,"OVER $1,500",2025-03-04T14:15:00.000,FAILING TO YIELD RIGHT-OF-WAY,NOT APPLICABLE,5840,N,BROADWAY,2013,2,NO INDICATION OF INJURY,0,0,0,0,0,2,0,14,3,3,41.98821832,-87.66035704,POINT (-87.66035704329 41.988218317766),30
9929a5e6a4ded0a44c07588a423ba0a65fd86e4d4a9b9c733c4cd8bb80c2256dfb52f1a919805745d91d3b6548d1fe71991c32d5c5c9cd46f170755067adaeb5,2025/3/4 14:00,30,TRAFFIC SIGNAL,FUNCTIONING PROPERLY,RAIN,DAYLIGHT,ANGLE,FOUR WAY,STRAIGHT AND LEVEL,WET,UNKNOWN,NOT ON SCENE (DESK REPORT),NO INJURY / DRIVE AWAY,"OVER $1,500",2025-03-04T15:45:00.000,DISREGARDING TRAFFIC SIGNALS,FAILING TO REDUCE SPEED TO AVOID CRASH,5100,S,ASHLAND AVE,932,2,NO INDICATION OF INJURY,0,0,0,0,0,2,0,14,3,3,41.80122506,-87.66492096,POINT (-87.664920957694 41.801225060191),30
c9e1a5f29af42548bf49db720ba2189864d69537115d086428bf1eef95907534fe9fa215a558bbd4c2d13e49469b71a3a236e5ea95222de3e91201ccdbd13cf7,2025/3/4 14:00,30,UNKNOWN,UNKNOWN,RAIN,DAYLIGHT,TURNING,UNKNOWN,STRAIGHT AND LEVEL,WET,UNKNOWN,NOT ON SCENE (DESK REPORT),NO INJURY / DRIVE AWAY,"$501 - $1,500",2025-03-04T16:00:00.000,FOLLOWING TOO CLOSELY,NOT APPLICABLE,8300,S,STONY ISLAND AVE,412,2,NO INDICATION OF INJURY,0,0,0,0,0,2,0,14,3,3,41.74415164,-87.58594507,POINT (-87.585945066953 41.744151639042),30
eaa2ba14c2a585a8633d30d64e301877844cb2e887b1bfc51bd1b694bbd5304c15999da7808408f7655f4427e64f40a1b25b7f9fae40f839e66b61a9baa20f30,2025/3/4 13:51,30,STOP SIGN/FLASHER,FUNCTIONING PROPERLY,RAIN,"DARKNESS, LIGHTED ROAD",ANGLE,FOUR WAY,STRAIGHT AND LEVEL,WET,NO DEFECTS,ON SCENE,NO INJURY / DRIVE AWAY,"OVER $1,500",2025-03-04T13:51:00.000,FAILING TO REDUCE SPEED TO AVOID CRASH,UNABLE TO DETERMINE,3900,S,CAMPBELL AVE,921,2,NO INDICATION OF INJURY,0,0,0,0,0,3,0,13,3,3,41.82288229,-87.68744005,POINT (-87.687440048738 41.822882294799),30
8d71b65b29a892f91192eeb96fe053600fc9d1bf3557024c6102ce108c960bd591239b9e0cd09cffbf0f2cd6a25fd55731f154b7c7f74bcaa69340d7fc3fe814,2025/3/4 13:50,15,NO CONTROLS,NO CONTROLS,RAIN,DAYLIGHT,PARKED MOTOR VEHICLE,PARKING LOT,STRAIGHT AND LEVEL,WET,UNKNOWN,NOT ON SCENE (DESK REPORT),NO INJURY / DRIVE AWAY,$500 OR LESS,2025-03-05T10:15:00.000,UNABLE TO DETERMINE,UNABLE TO DETERMINE,4251,W,IRVING PARK RD,1731,2,NO INDICATION OF INJURY,0,0,0,0,0,1,0,13,3,3,41.95346159,-87.73450694,POINT (-87.734506944812 41.953461590669),15
18a13a0eba5c932d0f15a0e77dcad4379e85b98bc9a805f5fa999cd8294420630f9d63a8e8f12490dd4eeb0189cf46dc2f32194c6032546bc0b36da5059e4172,2025/3/4 13:43,30,NO CONTROLS,NO CONTROLS,RAIN,DAYLIGHT,PARKED MOTOR VEHICLE,OTHER,STRAIGHT AND LEVEL,WET,NO DEFECTS,ON SCENE,NO INJURY / DRIVE AWAY,"$501 - $1,500",2025-03-04T13:43:00.000,UNABLE TO DETERMINE,UNABLE TO DETERMINE,900,E,103RD ST,511,2,NO INDICATION OF INJURY,0,0,0,0,0,1,0,13,3,3,41.70764215,-87.60101281,POINT (-87.601012810563 41.707642150851),30
722402f2f9ca17b9743f80548c3dbe3fcff83bebeaaf5666ad18524fd336223a2792f0e68786b4058dfb51aa77b88538d4d8cf5f00e8e11d0eed99428d1a5fc9,2025/3/4 13:35,30,TRAFFIC SIGNAL,FUNCTIONING PROPERLY,RAIN,"DARKNESS, LIGHTED ROAD",TURNING,UNKNOWN,STRAIGHT AND LEVEL,WET,UNKNOWN,NOT ON SCENE (DESK REPORT),NO INJURY / DRIVE AWAY,"$501 - $1,500",2025-03-04T14:30:00.000,IMPROPER TURNING/NO SIGNAL,UNABLE TO DETERMINE,1140,W,HARRISON ST,1232,2,NO INDICATION OF INJURY,0,0,0,0,0,2,0,13,3,3,41.87440663,-87.65598476,POINT (-87.655984761732 41.874406625082),30