crash_record_id,crash_date,posted_speed_limit,traffic_control_device,device_condition,weather_condition,lighting_condition,first_crash_type,trafficway_type,alignment,roadway_surface_cond,road_defect,report_type,crash_type,damage,date_police_notified,prim_contributory_cause,sec_contributory_cause,street_no,street_direction,street_name,beat_of_occurrence,num_units,most_severe_injury,injuries_total,injuries_fatal,injuries_incapacitating,injuries_non_incapacitating,injuries_reported_not_evident,injuries_no_indication,injuries_unknown,crash_hour,crash_day_of_week,crash_month,latitude,longitude,location,speed_limit
c532afd8b74606fc37250b668ee16123d4f3cb1c75c9e8069e29d885a71bf1ccc6a47f1a5c6fe44afbdf1e33a56d2622cd5c79b025cdb0f8c35684c6ea08191e,2025/3/4 13:30,20,NO CONTROLS,NO CONTROLS,RAIN,DAYLIGHT,PARKED MOTOR VEHICLE,PARKING LOT,STRAIGHT AND LEVEL,WET,NO DEFECTS,NOT ON SCENE (DESK REPORT),NO INJURY / DRIVE AWAY,"$501 - $1,500",2025-03-04T16:00:00.000,UNABLE TO DETERMINE,NOT APPLICABLE,4251,W,IRVING PARK RD,1731,2,NO INDICATION OF INJURY,0,0,0,0,0,1,0,13,3,3,41.95346159,-87.73450694,POINT (-87.734506944812 41.953461590669),20
c6eca13542fc5d76e575131855c602ee34f20991e3f84b5a0518b807c89da645f165eb3bba5959351e952f0e8a3be09543b2fc2d15a2c4740cb08546c1714a71,2025/3/4 13:30,30,TRAFFIC SIGNAL,FUNCTIONING PROPERLY,CLOUDY/OVERCAST,DAYLIGHT,TURNING,FOUR WAY,STRAIGHT AND LEVEL,WET,NO DEFECTS,ON SCENE,NO INJURY / DRIVE AWAY,"OVER $1,500",2025-03-04T13:33:00.000,UNABLE TO DETERMINE,NOT APPLICABLE,1600,N,CICERO AVE,2533,2,NO INDICATION OF INJURY,0,0,0,0,0,4,0,13,3,3,41.909672,-87.7462613,POINT (-87.74626130363 41.90967200151),30
e1d914ff53913ded26046eef1c11532f9940cbe03dfd4788b999a93f80aa7ec3fcb75c7872d292f16f9bb90636585ba69c7485535c9b6b4a50685d69cbaa618b,2025/3/4 13:30,30,TRAFFIC SIGNAL,FUNCTIONING PROPERLY,CLEAR,DAYLIGHT,SIDESWIPE SAME DIRECTION,NOT DIVIDED,STRAIGHT AND LEVEL,WET,UNKNOWN,NOT ON SCENE (DESK REPORT),NO INJURY / DRIVE AWAY,$500 OR LESS,2025-03-04T15:30:00.000,IMPROPER OVERTAKING/PASSING,NOT APPLICABLE,11100,S,HALSTED ST,2233,2,NO INDICATION OF INJURY,0,0,0,0,0,2,0,13,3,3,41.69226312,-87.64252269,POINT (-87.642522687627 41.692263123425),30
fcd83feac53feab28599657e2ae65a0d84cadf394abf534cb19517ff5a612429c6547cf2d374f185d14f067a9dbdd61c9954c4ab07a71b49c3ce3ff0d2fb2c51,2025/3/4 13:30,30,TRAFFIC SIGNAL,FUNCTIONING PROPERLY,RAIN,DAYLIGHT,TURNING,NOT DIVIDED,STRAIGHT AND LEVEL,WET,NO DEFECTS,NOT ON SCENE (DESK REPORT),INJURY AND / OR TOW DUE TO CRASH,"OVER $1,500",2025-03-04T16:21:00.000,FOLLOWING TOO CLOSELY,DRIVING SKILLS/KNOWLEDGE/EXPERIENCE,1600,W,CORTLAND ST,1433,2,"REPORTED, NOT EVIDENT",1,0,0,0,1,2,0,13,3,3,41.91623534,-87.66783777,POINT (-87.66783777213 41.916235337469),30
3bb496c1b10124497a0a7f5411bed003c2ace81db510aeee284615b51b6ed732b02b1c176ac1352d724acbd5e92cbc2ab8510596fc08d0603bb6e5a60e710e47,2025/3/4 13:22,30,TRAFFIC SIGNAL,FUNCTIONING PROPERLY,RAIN,DAYLIGHT,PEDESTRIAN,FOUR WAY,STRAIGHT AND LEVEL,WET,UNKNOWN,ON SCENE,NO INJURY / DRIVE AWAY,$500 OR LESS,2025-03-04T13:24:00.000,FAILING TO YIELD RIGHT-OF-WAY,NOT APPLICABLE,299,S,STATE ST,113,2,NO INDICATION OF INJURY,0,0,0,0,0,2,0,13,3,3,41.87820977,-87.62753115,POINT (-87.627531144988 41.878209772522),30
a038f61056b7d4d451d807e98af07a812ea0e32ff84903bde6e76b0b2d8001ebc431d564656f70de3084c0bef0810696b11499c5d6c0f35ac42e35d9267c321c,2025/3/4 13:20,30,NO CONTROLS,NO CONTROLS,RAIN,DAYLIGHT,SIDESWIPE SAME DIRECTION,NOT DIVIDED,STRAIGHT AND LEVEL,WET,UNKNOWN,NOT ON SCENE (DESK REPORT),NO INJURY / DRIVE AWAY,"OVER $1,500",2025-03-04T13:30:00.000,DRIVING SKILLS/KNOWLEDGE/EXPERIENCE,NOT APPLICABLE,4542,S,WESTERN AVE,922,2,NO INDICATION OF INJURY,0,0,0,0,0,2,0,13,3,3,41.81080247,-87.6846536,POINT (-87.684653604301 41.810802474468),30
d3a26563aa0403313e1604e205c69722d0bc98c3e6ca2a1db24e499c0aa56cb73b85d0a7d1748648fddd738978fbbfa297cb37cd321bd17fae1adc3d4fe3491b,2025/3/4 13:20,30,NO CONTROLS,NO CONTROLS,RAIN,DAYLIGHT,PEDESTRIAN,NOT DIVIDED,STRAIGHT AND LEVEL,WET,NO DEFECTS,ON SCENE,INJURY AND / OR TOW DUE TO CRASH,"OVER $1,500",2025-03-04T21:43:00.000,UNABLE TO DETERMINE,NOT APPLICABLE,325,W,119TH ST,522,2,"REPORTED, NOT EVIDENT",1,0,0,0,1,1,0,13,3,3,41.67782338,-87.6310065,POINT (-87.631006496799 41.677823375816),30
1817c8c0beb44df5aab02071d26e9b8fdef0de30124c2a431dbeb3ffade24da8149db1b7667c9e2825aa07e8b81393d2cabb0b7fc3042989e1d3e17fa5c3f4ac,2025/3/4 13:17,30,TRAFFIC SIGNAL,NO CONTROLS,RAIN,DAYLIGHT,REAR END,NOT DIVIDED,STRAIGHT AND LEVEL,WET,NO DEFECTS,NOT ON SCENE (DESK REPORT),NO INJURY / DRIVE AWAY,"$501 - $1,500",2025-03-04T13:47:00.000,FOLLOWING TOO CLOSELY,FOLLOWING TOO CLOSELY,4700,S,VINCENNES AVE,223,3,NO INDICATION OF INJURY,0,0,0,0,0,3,0,13,3,3,41.80933522,-87.61400005,POINT (-87.614000046923 41.809335219851),30
3f29a27085e19af8f3143b7ef7605e49c62bdfb32f5496625750dfb033a8875d13279db49ace7d211ee7feb29ffebfe7494b7bccddffb1a2e8ab0ef2d4c585ec,2025/3/4 13:15,30,NO CONTROLS,NO CONTROLS,RAIN,DAYLIGHT,PARKED MOTOR VEHICLE,ONE-WAY,STRAIGHT AND LEVEL,WET,NO DEFECTS,NOT ON SCENE (DESK REPORT),NO INJURY / DRIVE AWAY,"OVER $1,500",2025-03-04T13:40:00.000,UNABLE TO DETERMINE,NOT APPLICABLE,5401,W,HADDON AVE,1524,2,NO INDICATION OF INJURY,0,0,0,0,0,1,0,13,3,3,41.90116943,-87.76101053,POINT (-87.761010528437 41.901169427619),30
132969ca64d52d4559bd85672439e005bef39b403ff3900ada5c7c49ff87e17e2a0ad063b9293b7138c3cbe5483fee9cc19ea7c8d9698e142979e31d21546d65,2025/3/4 13:10,35,TRAFFIC SIGNAL,FUNCTIONING PROPERLY,RAIN,DAYLIGHT,TURNING,ONE-WAY,STRAIGHT AND LEVEL,WET,UNKNOWN,NOT ON SCENE (DESK REPORT),NO INJURY / DRIVE AWAY,"OVER $1,500",2025-03-04T13:30:00.000,DISREGARDING TRAFFIC SIGNALS,NOT APPLICABLE,4300,S,LA SALLE ST,215,2,NO INDICATION OF INJURY,0,0,0,0,0,2,0,13,3,3,41.8164388,-87.6295866,POINT (-87.629586596136 41.816438804918),35
e8a488ead17fa7d1ed54e69c6596235edd5296e6d7b00252577455850da1e480c5a8b509982c06fbdb6386df7d7888d48b0864a0a13326fed47ce4adf11cd707,2025/3/4 13:10,30,NO CONTROLS,NO CONTROLS,RAIN,DAYLIGHT,TURNING,DIVIDED - W/MEDIAN (NOT RAISED),STRAIGHT AND LEVEL,WET,UNKNOWN,NOT ON SCENE (DESK REPORT),NO INJURY / DRIVE AWAY,"OVER $1,500",2025-03-04T15:30:00.000,UNABLE TO DETERMINE,HAD BEEN DRINKING (USE WHEN ARREST IS NOT MADE),2337,N,CICERO AVE,2522,2,NO INDICATION OF INJURY,0,0,0,0,0,2,0,13,3,3,41.92354969,-87.74613388,POINT (-87.746133875298 41.923549688404),30
5f2c74c3f526c35dc70a42a7f6dd5fbe836664fa28117a8ba2ae830c38b9fd0e345b34d06692f0005d1c011fc7920f56f0436f1b19f7dbcfffbe64d55c17784a,2025/3/4 13:00,30,UNKNOWN,UNKNOWN,RAIN,DAYLIGHT,SIDESWIPE SAME DIRECTION,NOT DIVIDED,STRAIGHT ON GRADE,UNKNOWN,UNKNOWN,NOT ON SCENE (DESK REPORT),NO INJURY / DRIVE AWAY,"$501 - $1,500",2025-03-04T14:20:00.000,FAILING TO YIELD RIGHT-OF-WAY,NOT APPLICABLE,303,E,WACKER DR,114,2,NO INDICATION OF INJURY,0,0,0,0,0,2,0,13,3,3,41.88770538,-87.62058814,POINT (-87.620588143928 41.887705379378),30
dfa6413ccb3e76a637327003df10afe126f47430056417a368c8e0c0b8618815483e3c3a7af17daf41d6eb534d75ea8cca8297878e58db5b02ee42fc928c7217,2025/3/4 13:00,30,NO CONTROLS,NO CONTROLS,RAIN,DAYLIGHT,REAR END,NOT DIVIDED,STRAIGHT AND LEVEL,WET,UNKNOWN,NOT ON SCENE (DESK REPORT),NO INJURY / DRIVE AWAY,"OVER $1,500",2025-03-04T13:33:00.000,FOLLOWING TOO CLOSELY,FOLLOWING TOO CLOSELY,9500,S,ASHLAND AVE,2213,3,NO INDICATION OF INJURY,0,0,0,0,0,3,0,13,3,3,41.72116061,-87.66282814,POINT (-87.662828139392 41.721160612052),30
29eb3e128d447ee390733020ec01c27e3bf87a048eba1f6f11a734047dfc394b13018922cc6be003844df8a8baf769de4f28b763f8fd946623491e79a4714bfb,2025/3/4 12:52,15,NO CONTROLS,NO CONTROLS,RAIN,DAYLIGHT,TURNING,ALLEY,STRAIGHT AND LEVEL,WET,NO DEFECTS,ON SCENE,INJURY AND / OR TOW DUE TO CRASH,"OVER $1,500",2025-03-04T12:54:00.000,FAILING TO YIELD RIGHT-OF-WAY,WEATHER,3218,N,DAYTON ST,1924,2,NO INDICATION OF INJURY,0,0,0,0,0,2,0,12,3,3,41.94050601,-87.65028143,POINT (-87.650281425105 41.940506010048),15
ac7fd0dd5d54cb2d0eaec366ded36620ddb44ce711d08c9e204024fd9f248e83094d65c14abb85f147844853d8ffcf14932afbb163e2df0f3a4d1bb07ad9accd,2025/3/4 12:45,30,TRAFFIC SIGNAL,FUNCTIONING PROPERLY,RAIN,DAYLIGHT,REAR END,DIVIDED - W/MEDIAN (NOT RAISED),STRAIGHT AND LEVEL,WET,UNKNOWN,NOT ON SCENE (DESK REPORT),NO INJURY / DRIVE AWAY,"OVER $1,500",2025-03-04T14:08:00.000,FAILING TO REDUCE SPEED TO AVOID CRASH,FAILING TO REDUCE SPEED TO AVOID CRASH,3602,N,OAK PARK AVE,1632,3,NO INDICATION OF INJURY,0,0,0,0,0,3,0,12,3,3,41.94561909,-87.79614007,POINT (-87.796140071025 41.945619086425),30
e01aaa13c841583dca6a354e1bb06e1f140381ab624158d72583433da88b6a3392d0803cc9b72c9727f010018c7254fedec3ce6b1f2658fd9547b4c7e337ae9b,2025/3/4 12:45,30,NO CONTROLS,NO CONTROLS,RAIN,DAYLIGHT,PARKED MOTOR VEHICLE,NOT DIVIDED,STRAIGHT AND LEVEL,WET,NO DEFECTS,NOT ON SCENE (DESK REPORT),NO INJURY / DRIVE AWAY,"$501 - $1,500",2025-03-04T13:30:00.000,UNABLE TO DETERMINE,NOT APPLICABLE,5725,N,BROADWAY,2022,2,NO INDICATION OF INJURY,0,0,0,0,0,1,0,12,3,3,41.98619345,-87.65999897,POINT (-87.65999896878 41.986193447183),30
3ba6d36b84326f703dc1bb3c9c38a2b262ab18a0bfd79ae9181600a1e6a9dc8061c80b62eb2f9c50f4bd5cd4bac3486e3affdfb4560e40caf5b90cd559e4fed1,2025/3/4 12:35,30,TRAFFIC SIGNAL,FUNCTIONING PROPERLY,RAIN,DAYLIGHT,TURNING,FOUR WAY,STRAIGHT AND LEVEL,WET,NO DEFECTS,ON SCENE,INJURY AND / OR TOW DUE TO CRASH,"OVER $1,500",2025-03-04T12:41:00.000,IMPROPER TURNING/NO SIGNAL,FAILING TO YIELD RIGHT-OF-WAY,800,W,CHICAGO AVE,1213,2,INCAPACITATING INJURY,2,0,1,0,1,1,0,12,3,3,41.89650929,-87.64775583,POINT (-87.647755827185 41.896509292938),30
3fb680899a2f9e2bd4dfc5d46801dce40e9a3e785129549810b4cf79d0e21ac6a67ed3dcf7e346eb9e532d634f3918b9c7cb534db4aa0c4f333067f09915dbd7,2025/3/4 12:30,30,TRAFFIC SIGNAL,FUNCTIONING IMPROPERLY,RAIN,UNKNOWN,REAR END,FOUR WAY,STRAIGHT AND LEVEL,WET,UNKNOWN,NOT ON SCENE (DESK REPORT),NO INJURY / DRIVE AWAY,"OVER $1,500",2025-03-05T08:45:00.000,FAILING TO REDUCE SPEED TO AVOID CRASH,FOLLOWING TOO CLOSELY,2552,S,WESTERN AVE,1034,2,NO INDICATION OF INJURY,0,0,0,0,0,2,0,12,3,3,41.84508674,-87.68560337,POINT (-87.685603370763 41.845086736026),30
da7334f8c3750a8f0f8badffde8172f42e16a767e8e850f0846492c4289ae22d38d576f0e7bbfbefd9d7a23c607dd4f4aa11c432853191d5cf63150b504d984c,2025/3/4 12:30,30,TRAFFIC SIGNAL,FUNCTIONING PROPERLY,RAIN,DAYLIGHT,REAR END,NOT DIVIDED,STRAIGHT AND LEVEL,WET,NO DEFECTS,ON SCENE,INJURY AND / OR TOW DUE TO CRASH,"OVER $1,500",2025-03-04T13:30:00.000,FOLLOWING TOO CLOSELY,FOLLOWING TOO CLOSELY,15,W,35TH ST,213,2,NONINCAPACITATING INJURY,1,0,0,1,0,1,0,12,3,3,41.83089167,-87.62717067,POINT (-87.627170673235 41.83089166559),30
f877079e63b77defe8298513dcb004ff85f84bac0d6f424e654465bde93684a4d5c7ba78daf2d4a9ab6fec928916eb2f0d9da2087328109cf76e4ba988d77851,2025/3/4 12:24,30,NO CONTROLS,NO CONTROLS,RAIN,DAYLIGHT,HEAD ON,DIVIDED - W/MEDIAN BARRIER,STRAIGHT AND LEVEL,WET,UNKNOWN,ON SCENE,INJURY AND / OR TOW DUE TO CRASH,$500 OR LESS,2025-03-04T12:24:00.000,IMPROPER LANE USAGE,IMPROPER TURNING/NO SIGNAL,1528,W,71ST ST,734,2,"REPORTED, NOT EVIDENT",2,0,0,0,2,0,0,12,3,3,41.76503542,-87.66258576,POINT (-87.662585764533 41.765035416631),30
a6c35ef99504ece9b1bea49245478bbbc163b4fc48eeea9973e42e55e7bce6e376ee707d4bfaf253cfc407004f6afeb2d4d58728c9daee59f399fb5d1738dbc9,2025/3/4 12:20,30,NO CONTROLS,NO CONTROLS,RAIN,DAYLIGHT,REAR END,NOT DIVIDED,STRAIGHT AND LEVEL,WET,NO DEFECTS,ON SCENE,INJURY AND / OR TOW DUE TO CRASH,"OVER $1,500",2025-03-04T12:35:00.000,FAILING TO REDUCE SPEED TO AVOID CRASH,UNABLE TO DETERMINE,4258,S,KEDZIE AVE,821,2,NO INDICATION OF INJURY,0,0,0,0,0,4,0,12,3,3,41.81546124,-87.70441095,POINT (-87.704410944982 41.815461235861),30
5e5273eb6a0ba7c58b5fb843f11eaa814c95eb370e73317fc95d332537d374a6a4ae95ea33e91bef1a56495d754d9bed1f79164819d9b9eeaceb25036fc52a70,2025/3/4 12:18,30,NO CONTROLS,NO CONTROLS,RAIN,DAYLIGHT,REAR END,NOT DIVIDED,STRAIGHT AND LEVEL,WET,UNKNOWN,NOT ON SCENE (DESK REPORT),NO INJURY / DRIVE AWAY,"OVER $1,500",2025-03-04T13:49:00.000,FOLLOWING TOO CLOSELY,NOT APPLICABLE,600,N,ST CLAIR ST,1834,2,NO INDICATION OF INJURY,0,0,0,0,0,2,0,12,3,3,41.89259351,-87.6228409,POINT (-87.62284090321 41.892593508354),30
05a5776471e7bda2223a8a2032fd9606b0527f858607d2c3921a8e133a970cd9a8ad3c646c66bfbe8d7159ac4bbb5fa4e424115c089c303008259bac8548fd3c,2025/3/4 12:15,30,NO CONTROLS,NO CONTROLS,RAIN,DAYLIGHT,TURNING,NOT DIVIDED,STRAIGHT AND LEVEL,WET,UNKNOWN,NOT ON SCENE (DESK REPORT),NO INJURY / DRIVE AWAY,"OVER $1,500",2025-03-04T16:00:00.000,DRIVING SKILLS/KNOWLEDGE/EXPERIENCE,NOT APPLICABLE,2747,W,55TH ST,824,2,NO INDICATION OF INJURY,0,0,0,0,0,3,0,12,3,3,41.79359089,-87.69322808,POINT (-87.693228077754 41.793590887821),30
f0b7c9dae7835ec8988e32542ba35af7b3ec45ffb8f6e554075f08d21febb28a06b09f586ecdaca3c445cf854cbc1481215ecc796aca375a394e00486f24eea7,2025/3/4 12:05,35,NO CONTROLS,NO CONTROLS,RAIN,DAYLIGHT,TURNING,NOT DIVIDED,STRAIGHT AND LEVEL,WET,NO DEFECTS,ON SCENE,NO INJURY / DRIVE AWAY,"$501 - $1,500",2025-03-04T12:08:00.000,FOLLOWING TOO CLOSELY,NOT APPLICABLE,2521,N,CLARK ST,1935,2,NO INDICATION OF INJURY,0,0,0,0,0,2,0,12,3,3,41.92843346,-87.64201237,POINT (-87.642012369135 41.928433458757),35
3d863d0fe8ce2320afa491bc5a43ba78110d1d489bee6b42f8bee54a5f08a49d0dd18839f3ee1efeec8416daee15df5c1253ceeded890c7ef505da6f732ba723,2025/3/4 12:00,30,TRAFFIC SIGNAL,FUNCTIONING PROPERLY,RAIN,DAYLIGHT,REAR END,Y-INTERSECTION,STRAIGHT AND LEVEL,WET,NO DEFECTS,ON SCENE,INJURY AND / OR TOW DUE TO CRASH,"OVER $1,500",2025-03-04T12:00:00.000,DRIVING SKILLS/KNOWLEDGE/EXPERIENCE,UNABLE TO DETERMINE,10400,S,INDIANAPOLIS AVE,432,2,NO INDICATION OF INJURY,0,0,0,0,0,3,0,12,3,3,41.70626265,-87.52840753,POINT (-87.528407531546 41.706262650068),30
f7cda58e43344adc2689dd7abe85c5d758f0bff57a1bc1845a3a45715c99e4d6f442b0bebd348f69b4da8cddf1db78eb954c8030827054c61b045d4f29284619,2025/3/4 12:00,30,TRAFFIC SIGNAL,FUNCTIONING PROPERLY,RAIN,DAYLIGHT,REAR END,FOUR WAY,STRAIGHT AND LEVEL,WET,NO DEFECTS,NOT ON SCENE (DESK REPORT),NO INJURY / DRIVE AWAY,"OVER $1,500",2025-03-06T12:40:00.000,UNABLE TO DETERMINE,NOT APPLICABLE,3554,W,DIVERSEY AVE,1412,2,NO INDICATION OF INJURY,0,0,0,0,0,2,0,12,3,3,41.93202327,-87.71697887,POINT (-87.716978872131 41.932023271734),30
8afd244175df2b6b489b928841ed453772da94247a403eaeaedd38903eb8f3c1851b22b51040b5f5718b4633f46db2cecf6ba07be6c3006f3117a60d83cf0969,2025/3/4 11:39,30,NO CONTROLS,NO CONTROLS,RAIN,DAYLIGHT,SIDESWIPE SAME DIRECTION,ONE-WAY,STRAIGHT AND LEVEL,WET,UNKNOWN,NOT ON SCENE (DESK REPORT),NO INJURY / DRIVE AWAY,"OVER $1,500",2025-03-04T12:10:00.000,FAILING TO YIELD RIGHT-OF-WAY,UNABLE TO DETERMINE,1609,N,CLAREMONT AVE,1434,2,NO INDICATION OF INJURY,0,0,0,0,0,2,0,11,3,3,41.91066715,-87.68586341,POINT (-87.685863412355 41.910667145809),30
066d3b163d924e8d96c9068cb0fb747342e73efb314109c12d0805b4555963d81b2c6ce2dcac90a75016bb946aeb79e72922e3530ef0396969f132a9b6cf2929,2025/3/4 11:37,35,STOP SIGN/FLASHER,FUNCTIONING PROPERLY,RAIN,DAYLIGHT,ANGLE,NOT DIVIDED,STRAIGHT AND LEVEL,WET,NO DEFECTS,ON SCENE,INJURY AND / OR TOW DUE TO CRASH,"OVER $1,500",2025-03-04T11:37:00.000,UNABLE TO DETERMINE,NOT APPLICABLE,9500,S,DR MARTIN LUTHER KING JR DR,511,2,NO INDICATION OF INJURY,0,0,0,0,0,2,0,11,3,3,41.72179922,-87.61428708,POINT (-87.614287075979 41.721799219894),35
69a70f16b5bc2f5cc1f01db9fce00d5824bb174967a9006b038cb9042e96c12d197b8910a3bb204e2793329d50dd0c5f363dea30cf94078565e7884040c1077c,2025/3/4 11:33,30,NO CONTROLS,NO CONTROLS,RAIN,DAYLIGHT,SIDESWIPE SAME DIRECTION,FOUR WAY,STRAIGHT AND LEVEL,WET,NO DEFECTS,NOT ON SCENE (DESK REPORT),NO INJURY / DRIVE AWAY,"$501 - $1,500",2025-03-05T10:00:00.000,UNABLE TO DETERMINE,UNABLE TO DETERMINE,5700,S,COTTAGE GROVE AVE,233,2,NO INDICATION OF INJURY,0,0,0,0,0,2,0,11,3,3,41.79123326,-87.60629821,POINT (-87.606298213182 41.791233258933),30
3998e8fefa6544cb9228e757f76bb34a49e26380a6298a63c8cabd9e0ecfc9e5a45dba3b708e4d52b22e9cf393b42ca1e6a65929ecf00b48d083235c7d3dc69f,2025/3/4 11:30,30,TRAFFIC SIGNAL,UNKNOWN,CLOUDY/OVERCAST,DAYLIGHT,TURNING,FOUR WAY,STRAIGHT AND LEVEL,WET,UNKNOWN,NOT ON SCENE (DESK REPORT),NO INJURY / DRIVE AWAY,"OVER $1,500",2025-03-04T12:20:00.000,FAILING TO YIELD RIGHT-OF-WAY,UNABLE TO DETERMINE,3200,N,CENTRAL PARK AVE,1732,2,NO INDICATION OF INJURY,0,0,0,0,0,2,0,11,3,3,41.93930365,-87.71755014,POINT (-87.717550139158 41.939303649857),30
b760d179fcbfdc569fbc493cd29b2cac4725c87a27447a73b4fdd770e756a5463022acc21d948305c7e0798d6c17964d8ae8e79651d930a113025a62427d1e94,2025/3/4 11:00,30,NO CONTROLS,NO CONTROLS,CLEAR,DAYLIGHT,PARKED MOTOR VEHICLE,NOT DIVIDED,STRAIGHT AND LEVEL,DRY,NO DEFECTS,NOT ON SCENE (DESK REPORT),NO INJURY / DRIVE AWAY,"OVER $1,500",2025-03-04T13:45:00.000,UNABLE TO DETERMINE,NOT APPLICABLE,2132,W,HUBBARD ST,1221,2,NO INDICATION OF INJURY,0,0,0,0,0,1,0,11,3,3,41.88976999,-87.68066032,POINT (-87.680660315191 41.889769992491),30
11d2bf6892ba76ae2206b8179370a37a91509974f0ebeda0e8b713d02547721024619add4bc01f3740f56c53cf268be51db25af7f1305f4e91ec4ebff03415c7,2025/3/4 10:56,30,NO CONTROLS,NO CONTROLS,RAIN,DAYLIGHT,TURNING,DIVIDED - W/MEDIAN (NOT RAISED),STRAIGHT AND LEVEL,WET,UNKNOWN,ON SCENE,INJURY AND / OR TOW DUE TO CRASH,"OVER $1,500",2025-03-04T10:57:00.000,UNABLE TO DETERMINE,UNABLE TO DETERMINE,4600,S,PULASKI RD,815,2,NO INDICATION OF INJURY,0,0,0,0,0,2,0,10,3,3,41.80960858,-87.72379504,POINT (-87.723795042838 41.809608575198),30
4b0242c4a3f1bfbbe3ec9c7ecf79bbf40de0aac46b11945cd966c6eb165b2b304939599adcaf94cc48ec8afda6f729cae520868fd32f34311c9d12560fd13d61,2025/3/4 10:38,5,NO CONTROLS,NO CONTROLS,RAIN,DAYLIGHT,OTHER OBJECT,PARKING LOT,STRAIGHT AND LEVEL,WET,NO DEFECTS,ON SCENE,NO INJURY / DRIVE AWAY,"$501 - $1,500",2025-03-04T10:45:00.000,UNABLE TO DETERMINE,WEATHER,215,S,SEELEY AVE,1225,3,NO INDICATION OF INJURY,0,0,0,0,0,1,0,10,3,3,41.87825508,-87.67764286,POINT (-87.677642855914 41.878255079098),5
de71793b1e8f4f4ea5e653ee9febeff342db7551d07038ed17c9361da9a233ab4ff9a66b28b3bbebff79a765c9fffd72354128c6a0847c90e6205d5968cb6ab5,2025/3/4 10:35,30,TRAFFIC SIGNAL,FUNCTIONING PROPERLY,CLEAR,DAYLIGHT,REAR END,NOT DIVIDED,STRAIGHT AND LEVEL,WET,UNKNOWN,NOT ON SCENE (DESK REPORT),NO INJURY / DRIVE AWAY,"$501 - $1,500",2025-03-04T10:45:00.000,FAILING TO YIELD RIGHT-OF-WAY,FAILING TO YIELD RIGHT-OF-WAY,11100,S,DOTY AVE E,513,2,NO INDICATION OF INJURY,0,0,0,0,0,2,0,10,3,3,41.69275271,-87.59698875,POINT (-87.59698875385 41.692752710685),30
3d4c2f1edcce61c4e20df981fa99dcda737084645529442c3cd5f924e3ec01ab261d633aec061188428f2bac729ad66e1d7a309db0938652ebb5c51aafe5d7c4,2025/3/4 10:16,30,TRAFFIC SIGNAL,FUNCTIONING PROPERLY,CLOUDY/OVERCAST,DAYLIGHT,REAR END,NOT DIVIDED,STRAIGHT AND LEVEL,WET,NO DEFECTS,ON SCENE,INJURY AND / OR TOW DUE TO CRASH,"$501 - $1,500",2025-03-04T10:16:00.000,WEATHER,WEATHER,452,W,63RD ST,711,2,NONINCAPACITATING INJURY,1,0,0,1,0,2,0,10,3,3,41.7799835,-87.63721303,POINT (-87.637213027409 41.779983497008),30
87a3a72542b99923c8928425b5e921bc04f0351484967f3aea7f1ce5670064e2399e43dfaa4088fb343977c695bf94f4ffd6189f2f7234170ec1debfe41641c4,2025/3/4 10:15,30,NO CONTROLS,NO CONTROLS,RAIN,DAYLIGHT,REAR END,NOT DIVIDED,STRAIGHT AND LEVEL,WET,NO DEFECTS,NOT ON SCENE (DESK REPORT),NO INJURY / DRIVE AWAY,"OVER $1,500",2025-03-04T10:40:00.000,DRIVING SKILLS/KNOWLEDGE/EXPERIENCE,UNABLE TO DETERMINE,9300,S,COLFAX AVE,423,2,NO INDICATION OF INJURY,0,0,0,0,0,2,0,10,3,3,41.72620757,-87.56096285,POINT (-87.560962845266 41.7262075704),30
2c5c29f21c6b4b120977d3866552fd2f958cff31fce2e70a709cce1bf0dc13400f24677881a6c7b65a0f02a1d2d164dc0b479e43613fd794ba8151b265fc4000,2025/3/4 10:11,30,TRAFFIC SIGNAL,FUNCTIONING PROPERLY,CLEAR,DAYLIGHT,TURNING,DIVIDED - W/MEDIAN (NOT RAISED),STRAIGHT AND LEVEL,DRY,NO DEFECTS,NOT ON SCENE (DESK REPORT),NO INJURY / DRIVE AWAY,"OVER $1,500",2025-03-04T10:45:00.000,IMPROPER OVERTAKING/PASSING,UNABLE TO DETERMINE,150,W,HARRISON ST,123,2,NO INDICATION OF INJURY,0,0,0,0,0,2,0,10,3,3,41.87460391,-87.63244336,POINT (-87.632443359759 41.874603912566),30
10aa45a7592c1dc0ce4a5f7f738cde1e04df6afb1613b225e27132f60a152895925d063a61f4a30497f6526bd3ea268c9870c497d0834620a31859b53b234523,2025/3/4 10:00,10,NO CONTROLS,NO CONTROLS,RAIN,DAYLIGHT,PARKED MOTOR VEHICLE,PARKING LOT,STRAIGHT AND LEVEL,WET,NO DEFECTS,NOT ON SCENE (DESK REPORT),NO INJURY / DRIVE AWAY,"OVER $1,500",2025-03-04T14:14:00.000,NOT APPLICABLE,NOT APPLICABLE,125,S,JEFFERSON ST,121,2,NO INDICATION OF INJURY,0,0,0,0,0,1,0,10,3,3,41.87976289,-87.64244646,POINT (-87.642446456356 41.879762888454),10