crash_record_id,crash_date,posted_speed_limit,traffic_control_device,device_condition,weather_condition,lighting_condition,first_crash_type,trafficway_type,alignment,roadway_surface_cond,road_defect,report_type,crash_type,damage,date_police_notified,prim_contributory_cause,sec_contributory_cause,street_no,street_direction,street_name,beat_of_occurrence,num_units,most_severe_injury,injuries_total,injuries_fatal,injuries_incapacitating,injuries_non_incapacitating,injuries_reported_not_evident,injuries_no_indication,injuries_unknown,crash_hour,crash_day_of_week,crash_month,latitude,longitude,location,speed_limit
93d82aeeb801e12354fb87b34316bc3eeea5607f7c137b1e57dbedde268ce46b36d9fefb8eb47e190a31c6f5fe21140170970fd8bb3749fd61d481fa17621150,2025/3/4 10:00,35,UNKNOWN,UNKNOWN,RAIN,DAYLIGHT,PARKED MOTOR VEHICLE,UNKNOWN,STRAIGHT AND LEVEL,UNKNOWN,UNKNOWN,ON SCENE,NO INJURY / DRIVE AWAY,"OVER $1,500",2025-03-04T10:18:00.000,UNABLE TO DETERMINE,UNABLE TO DETERMINE,7332,S,JEFFERY BLVD,333,2,NO INDICATION OF INJURY,0,0,0,0,0,1,0,10,3,3,41.76155908,-87.57634706,POINT (-87.576347056442 41.761559080778),35
b84d14d692604dc6fb610be3a7d842e12c56b198dfcc0f7f0b2acc766a37b954529baa8fbeb4cf922391996c4949b9093ce8c7a84bef4ca530de88411159159e,2025/3/4 9:50,30,STOP SIGN/FLASHER,FUNCTIONING PROPERLY,RAIN,DAYLIGHT,ANGLE,FOUR WAY,STRAIGHT AND LEVEL,WET,UNKNOWN,ON SCENE,INJURY AND / OR TOW DUE TO CRASH,"OVER $1,500",2025-03-04T09:58:00.000,DRIVING SKILLS/KNOWLEDGE/EXPERIENCE,NOT APPLICABLE,5700,S,EMERALD AVE,711,2,NO INDICATION OF INJURY,0,0,0,0,0,2,0,9,3,3,41.79059413,-87.6439904,POINT (-87.643990395225 41.790594134573),30
40aa8496d29d49343051aa90898e5b464d92b9e1766b24033207747ed2ac4964d57e68859b8c37cf07b14a532ee12fe114fdf47fc5293941f56667837ecc9aec,2025/3/4 9:49,30,NO CONTROLS,NO CONTROLS,CLOUDY/OVERCAST,DAYLIGHT,TURNING,DIVIDED - W/MEDIAN (NOT RAISED),STRAIGHT AND LEVEL,WET,NO DEFECTS,ON SCENE,NO INJURY / DRIVE AWAY,"OVER $1,500",2025-03-04T09:49:00.000,UNABLE TO DETERMINE,NOT APPLICABLE,4419,W,FULLERTON AVE,2522,2,NO INDICATION OF INJURY,0,0,0,0,0,2,0,9,3,3,41.92424573,-87.73733169,POINT (-87.737331691734 41.924245729426),30
80eab74ca003336f862a76a580adeee40c73b4e6ada22fe46d3e9630eee2fab834e0dea8111f81c03e4a970d922723325d30d1f70834583ded36292d5869bbf5,2025/3/4 9:45,25,NO CONTROLS,NO CONTROLS,CLEAR,DAYLIGHT,PARKED MOTOR VEHICLE,ONE-WAY,STRAIGHT AND LEVEL,WET,NO DEFECTS,ON SCENE,NO INJURY / DRIVE AWAY,"OVER $1,500",2025-03-04T10:07:00.000,EQUIPMENT - VEHICLE CONDITION,NOT APPLICABLE,1428,W,105TH ST,2212,3,NO INDICATION OF INJURY,0,0,0,0,0,2,0,9,3,3,41.70322563,-87.65858745,POINT (-87.658587451663 41.703225626198),25
9011574db9f8a0cfc0ea90f6f3e7eed5cd0c583a91616087aa0007915ae283c8558497908dace14bacc8bcd68a8fa4a21edfddc34a3c5de3f5a81d80d8b470db,2025/3/4 9:45,30,NO CONTROLS,NO CONTROLS,CLEAR,DAYLIGHT,ANGLE,NOT DIVIDED,STRAIGHT AND LEVEL,WET,NO DEFECTS,ON SCENE,NO INJURY / DRIVE AWAY,"$501 - $1,500",2025-03-04T10:11:00.000,UNABLE TO DETERMINE,UNABLE TO DETERMINE,1334,S,MORGAN ST,1232,2,NO INDICATION OF INJURY,0,0,0,0,0,3,0,9,3,3,41.86451062,-87.65111498,POINT (-87.651114976206 41.86451062469),30
fbb09b863487f6e214306d8345454f7a86006fe1e26aa86650430cd0db9a2bda9c015cd05773d4f7f8cd45f8ef6d2a17c505b9d6f8e571944ea40a7f271dfeb2,2025/3/4 9:40,30,STOP SIGN/FLASHER,FUNCTIONING PROPERLY,RAIN,DAYLIGHT,ANGLE,NOT DIVIDED,STRAIGHT AND LEVEL,WET,NO DEFECTS,NOT ON SCENE (DESK REPORT),NO INJURY / DRIVE AWAY,"OVER $1,500",2025-03-04T09:50:00.000,FAILING TO YIELD RIGHT-OF-WAY,NOT APPLICABLE,8300,S,MAY ST,613,2,NO INDICATION OF INJURY,0,0,0,0,0,2,0,9,3,3,41.74313927,-87.65247165,POINT (-87.652471652074 41.743139270098),30
076d0419b77b21d4e1289ec02af224b785574da0fe607b95bc6aa1c88ab67fc6f5b7d75e3c88f85bcabb957a9be4822f703e6d1aa380dac0bfa016d5b16b5bf6,2025/3/4 9:37,30,NO CONTROLS,NO CONTROLS,RAIN,DAYLIGHT,TURNING,NOT DIVIDED,STRAIGHT AND LEVEL,WET,UNKNOWN,NOT ON SCENE (DESK REPORT),NO INJURY / DRIVE AWAY,"OVER $1,500",2025-03-04T10:08:00.000,UNABLE TO DETERMINE,NOT APPLICABLE,2400,S,ASHLAND AVE,1034,2,NO INDICATION OF INJURY,0,0,0,0,0,2,0,9,3,3,41.84837817,-87.66610997,POINT (-87.666109967096 41.848378174507),30
24cf6aad86e71616e2cdb561a3a80fe90c3eb8201fe93e94e88c93f17d6b86e5f48551e01b52f34af762e528eae6478962a48d8fc5a350e11c3e86c60ef48917,2025/3/4 9:35,30,NO CONTROLS,NO CONTROLS,CLOUDY/OVERCAST,DAYLIGHT,SIDESWIPE OPPOSITE DIRECTION,NOT DIVIDED,STRAIGHT AND LEVEL,WET,NO DEFECTS,ON SCENE,NO INJURY / DRIVE AWAY,"$501 - $1,500",2025-03-04T09:36:00.000,UNABLE TO DETERMINE,UNABLE TO DETERMINE,4941,N,MONTCLARE AVE,1613,2,NO INDICATION OF INJURY,0,0,0,0,0,2,0,9,3,3,41.97130105,-87.80467036,POINT (-87.80467035616 41.971301048377),30
cb113ee3f1035cb6fa642ffd3a2ab06a038a76ea0914174c69376b7532e6f4ba5955ba9ea736c613cd8ab86aec41e0496175fa80aad821a0e8c7ce5204e410cd,2025/3/4 9:35,30,TRAFFIC SIGNAL,FUNCTIONING PROPERLY,CLEAR,DAYLIGHT,SIDESWIPE SAME DIRECTION,NOT DIVIDED,STRAIGHT AND LEVEL,WET,NO DEFECTS,ON SCENE,NO INJURY / DRIVE AWAY,"$501 - $1,500",2025-03-04T09:38:00.000,UNABLE TO DETERMINE,UNABLE TO DETERMINE,2903,S,ARCHER AVE,913,2,NO INDICATION OF INJURY,0,0,0,0,0,2,0,9,3,3,41.84163135,-87.65771761,POINT (-87.657717609039 41.841631349511),30
61afb0b101c34ff9c81b430516f6d7e95a22473d425f1955976261f8733b89033859f52a82c4a6c08f1dd5a1eeb006e7a088590d9c7dfc27a1b117890f8b2c04,2025/3/4 9:30,10,NO CONTROLS,NO CONTROLS,CLEAR,DAYLIGHT,FIXED OBJECT,OTHER,STRAIGHT AND LEVEL,DRY,NO DEFECTS,ON SCENE,NO INJURY / DRIVE AWAY,"OVER $1,500",2025-03-04T10:13:00.000,IMPROPER BACKING,NOT APPLICABLE,350,N,ORLEANS ST,1831,1,NO INDICATION OF INJURY,0,0,0,0,0,1,0,9,3,3,41.88874104,-87.63708054,POINT (-87.637080540588 41.888741038132),10
8524dd9d139ac4e054ba2a9cb8ece6701989e07a57ea975e0bd20c94a57e4ba523c15a35b3aa47f8cc7716ea2c0fe4647067e9937e01cc31c16ed6f0962a0984,2025/3/4 9:30,30,NO CONTROLS,NO CONTROLS,CLEAR,UNKNOWN,PARKED MOTOR VEHICLE,NOT DIVIDED,STRAIGHT AND LEVEL,DRY,UNKNOWN,NOT ON SCENE (DESK REPORT),NO INJURY / DRIVE AWAY,"OVER $1,500",2025-03-04T18:00:00.000,NOT APPLICABLE,NOT APPLICABLE,7201,S,RIDGEWAY AVE,833,2,NO INDICATION OF INJURY,0,0,0,0,0,1,0,9,3,3,41.76227266,-87.71606331,POINT (-87.716063306934 41.762272661887),30
074d8af63eaca64d531bd449afc77284e320f0f2ad9877a8f7500a1b7492dc34cb3497216aaba862a71b280088611ed8a1c92c2fc50a9ec21686335bb696f6b3,2025/3/4 9:28,30,TRAFFIC SIGNAL,FUNCTIONING PROPERLY,RAIN,DAYLIGHT,TURNING,T-INTERSECTION,STRAIGHT AND LEVEL,WET,UNKNOWN,ON SCENE,NO INJURY / DRIVE AWAY,"OVER $1,500",2025-03-04T09:30:00.000,IMPROPER TURNING/NO SIGNAL,FAILING TO YIELD RIGHT-OF-WAY,98,S,CLINTON ST,121,2,NO INDICATION OF INJURY,0,0,0,0,0,2,0,9,3,3,41.88059725,-87.64130109,POINT (-87.641301087235 41.880597250392),30
5332d3e8088b7da03369b8838c04a0763b85673503c68b5ee7c614aac7359d80ead5c402c746050fde5178e0f12bc2c23961f4d2cf4ceec973f8383113661d7a,2025/3/4 9:28,30,NO CONTROLS,NO CONTROLS,UNKNOWN,DAYLIGHT,SIDESWIPE SAME DIRECTION,DIVIDED - W/MEDIAN (NOT RAISED),STRAIGHT AND LEVEL,UNKNOWN,UNKNOWN,ON SCENE,NO INJURY / DRIVE AWAY,"$501 - $1,500",2025-03-04T09:28:00.000,UNABLE TO DETERMINE,NOT APPLICABLE,9246,S,STONY ISLAND AVE,413,2,NO INDICATION OF INJURY,0,0,0,0,0,2,0,9,3,3,41.72645516,-87.58555007,POINT (-87.585550070824 41.726455155908),30
e4627ccf6c974d0edb81ef634f608d5e36d0b28ca2e7d860b48b16437b192c462decaeb4a5021006a9d18f2108e426ba5d1ab38bb3c52fba71582d770a30d0c4,2025/3/4 9:25,30,UNKNOWN,UNKNOWN,UNKNOWN,UNKNOWN,SIDESWIPE SAME DIRECTION,NOT DIVIDED,STRAIGHT AND LEVEL,UNKNOWN,UNKNOWN,NOT ON SCENE (DESK REPORT),NO INJURY / DRIVE AWAY,"OVER $1,500",2025-03-04T09:52:00.000,UNABLE TO DETERMINE,UNABLE TO DETERMINE,798,E,115TH ST,531,2,NO INDICATION OF INJURY,0,0,0,0,0,2,0,9,3,3,41.68588882,-87.60359861,POINT (-87.603598611245 41.685888819579),30
acf408337370cff0f2c5006d78f21205bd0126968785b4ee3fb5e6e8f9f73db6371934991e9ba89cce264897aa8e916f39d177eef2eed8f7a0d88d20017fa15b,2025/3/4 9:20,30,NO CONTROLS,NO CONTROLS,RAIN,DAYLIGHT,SIDESWIPE SAME DIRECTION,ONE-WAY,STRAIGHT AND LEVEL,WET,NO DEFECTS,NOT ON SCENE (DESK REPORT),NO INJURY / DRIVE AWAY,"OVER $1,500",2025-03-04T09:30:00.000,UNABLE TO DETERMINE,NOT APPLICABLE,2620,S,WENTWORTH AVE,914,2,NO INDICATION OF INJURY,0,0,0,0,0,3,0,9,3,3,41.84488298,-87.63196665,POINT (-87.631966647189 41.844882983794),30
d07ef62b0d0aa0cf286fd25c2a239780dfc64b5a475658d293a1459635070ef3b913b0af1b523636d9fe2c0493a1ec452ecc09f4030426a95068e007a8793fc0,2025/3/4 9:20,30,NO CONTROLS,NO CONTROLS,CLOUDY/OVERCAST,DAYLIGHT,PARKED MOTOR VEHICLE,ONE-WAY,STRAIGHT AND LEVEL,WET,NO DEFECTS,ON SCENE,NO INJURY / DRIVE AWAY,"OVER $1,500",2025-03-04T09:26:00.000,NOT APPLICABLE,NOT APPLICABLE,3425,W,DRUMMOND PL,1412,2,NO INDICATION OF INJURY,0,0,0,0,0,1,0,9,3,3,41.92916605,-87.71325619,POINT (-87.71325619305 41.929166048671),30
25d236f653245cb91c6e899175f56ff38623ff74bb9970f0874a7ecde3d58147638dbd7ded0cc09f2ba3805d35a01cea6164a4e8c34b54ea1c05a60ee601d32a,2025/3/4 9:17,15,NO CONTROLS,NO CONTROLS,RAIN,DAYLIGHT,PARKED MOTOR VEHICLE,ONE-WAY,STRAIGHT AND LEVEL,WET,NO DEFECTS,ON SCENE,INJURY AND / OR TOW DUE TO CRASH,"OVER $1,500",2025-03-04T09:17:00.000,FAILING TO REDUCE SPEED TO AVOID CRASH,FAILING TO REDUCE SPEED TO AVOID CRASH,2204,S,DRAKE AVE,1024,3,NO INDICATION OF INJURY,0,0,0,0,0,1,0,9,3,3,41.85143221,-87.71391833,POINT (-87.713918327914 41.851432212461),15
174bbab0b02fd9b3b0161fd99149235dc635f9a619cc00b98c1891a07a700b389c1a3acd9f935e2d063caab2c953dab77bdfdb210c46b0b988e5d17eb01cd091,2025/3/4 9:15,30,STOP SIGN/FLASHER,FUNCTIONING PROPERLY,CLOUDY/OVERCAST,DAYLIGHT,ANGLE,FOUR WAY,STRAIGHT AND LEVEL,WET,UNKNOWN,ON SCENE,INJURY AND / OR TOW DUE TO CRASH,"OVER $1,500",2025-03-05T13:00:00.000,FAILING TO YIELD RIGHT-OF-WAY,"VISION OBSCURED (SIGNS, TREE LIMBS, BUILDINGS, ETC.)",7301,S,PRAIRIE AVE,323,2,"REPORTED, NOT EVIDENT",2,0,0,0,2,1,0,9,3,3,41.76190946,-87.61824616,POINT (-87.618246160923 41.761909461638),30
9680a45036f74616951204008b0920014b92884198c4ea3a0f538a8da97f4c704835b54637e1c4880e9cb1722b5e3b12aab67086af483e96310fe0b14cc45d79,2025/3/4 9:15,30,NO CONTROLS,NO CONTROLS,CLEAR,DAYLIGHT,REAR END,DIVIDED - W/MEDIAN (NOT RAISED),STRAIGHT AND LEVEL,WET,NO DEFECTS,ON SCENE,INJURY AND / OR TOW DUE TO CRASH,"OVER $1,500",2025-03-04T09:15:00.000,FAILING TO REDUCE SPEED TO AVOID CRASH,NOT APPLICABLE,1412,E,75TH ST,324,2,"REPORTED, NOT EVIDENT",1,0,0,0,1,2,0,9,3,3,41.75883861,-87.59023683,POINT (-87.590236826492 41.758838614046),30
5d9348d7476c72c3e7f96c6f651e62acdb4a9b93bdd4e847ad69db0d37cccd8bdf87d6d8f5a58c88ace15592b943b91ec99684d3de549c93ae5021fae09c1256,2025/3/4 9:10,30,NO CONTROLS,NO CONTROLS,RAIN,DAYLIGHT,TURNING,NOT DIVIDED,STRAIGHT AND LEVEL,WET,NO DEFECTS,NOT ON SCENE (DESK REPORT),NO INJURY / DRIVE AWAY,"$501 - $1,500",2025-03-04T09:20:00.000,UNABLE TO DETERMINE,UNABLE TO DETERMINE,2005,W,CHICAGO AVE,1221,2,NO INDICATION OF INJURY,0,0,0,0,0,2,0,9,3,3,41.89579651,-87.6773228,POINT (-87.67732279972 41.895796512442),30
b92ed6df4b37337d4caae37337ea8a9e2db47640e187ba2bff3ea9be1d05e5d1a389225b06ec2f496aa17116a9a0a302dd6512c68349607342a10c358f067701,2025/3/4 9:09,30,NO CONTROLS,NO CONTROLS,RAIN,DAYLIGHT,PARKED MOTOR VEHICLE,NOT DIVIDED,STRAIGHT AND LEVEL,UNKNOWN,NO DEFECTS,NOT ON SCENE (DESK REPORT),NO INJURY / DRIVE AWAY,"$501 - $1,500",2025-03-04T13:56:00.000,UNABLE TO DETERMINE,UNABLE TO DETERMINE,5464,S,HARPER AVE,234,2,NO INDICATION OF INJURY,0,0,0,0,0,2,0,9,3,3,41.79625413,-87.58916789,POINT (-87.589167890598 41.796254131767),30
a531669d1a3dca2d284721f51fb28e445e4c4c7a6e01f0ef364106005a4383ddd1d21ff64801d7bc06f77761d8b4983390afddbc2ce318f96a3bc4de91e57dd8,2025/3/4 9:03,30,NO CONTROLS,NO CONTROLS,CLOUDY/OVERCAST,DAYLIGHT,FIXED OBJECT,NOT DIVIDED,STRAIGHT AND LEVEL,DRY,NO DEFECTS,ON SCENE,INJURY AND / OR TOW DUE TO CRASH,"OVER $1,500",2025-03-04T09:08:00.000,PHYSICAL CONDITION OF DRIVER,PHYSICAL CONDITION OF DRIVER,4725,S,KEDZIE AVE,922,1,NONINCAPACITATING INJURY,1,0,0,1,0,1,0,9,3,3,41.80741892,-87.70380974,POINT (-87.703809737396 41.807418920903),30
0bf9128321f8d316e032d575d74cfd5c67dc68b4833e69f203752b29f6cd8788993725012f93a395265b420a4ea319487ec927fa6a25029e5012103729c318cf,2025/3/4 9:00,20,NO CONTROLS,NO CONTROLS,UNKNOWN,DAYLIGHT,PARKED MOTOR VEHICLE,DIVIDED - W/MEDIAN (NOT RAISED),STRAIGHT AND LEVEL,UNKNOWN,NO DEFECTS,NOT ON SCENE (DESK REPORT),NO INJURY / DRIVE AWAY,"OVER $1,500",2025-03-06T17:00:00.000,UNABLE TO DETERMINE,NOT APPLICABLE,1448,W,83RD ST,614,2,NO INDICATION OF INJURY,0,0,0,0,0,1,0,9,3,3,41.74322407,-87.66034943,POINT (-87.660349431802 41.743224073287),20
45888340ea7f01a5dff47e1e1d0945d12a4da9afd203dbcd51f765a2255910fcd433cfbe7ebdfe97580e319a92680cfb7a9810d7a3409c1ed43e17d1801bdd42,2025/3/4 9:00,30,NO CONTROLS,NO CONTROLS,CLEAR,DAYLIGHT,ANGLE,ONE-WAY,STRAIGHT AND LEVEL,DRY,NO DEFECTS,NOT ON SCENE (DESK REPORT),NO INJURY / DRIVE AWAY,"$501 - $1,500",2025-03-04T09:30:00.000,FAILING TO YIELD RIGHT-OF-WAY,NOT APPLICABLE,6430,N,ROCKWELL ST,2412,2,NO INDICATION OF INJURY,0,0,0,0,0,2,0,9,3,3,41.99858196,-87.69493896,POINT (-87.694938961048 41.998581957632),30
67cc1693ff668ca44bcfbc3b0436d2f7b6a20db6a689a31be48f1ad47ea3253f93a9ca703a84f82e92b79643478f98229408a1958bf060a5e3e7a3cfb7cffe7f,2025/3/4 9:00,30,UNKNOWN,UNKNOWN,RAIN,DAYLIGHT,TURNING,NOT DIVIDED,STRAIGHT AND LEVEL,WET,UNKNOWN,NOT ON SCENE (DESK REPORT),NO INJURY / DRIVE AWAY,"OVER $1,500",2025-03-04T10:32:00.000,UNABLE TO DETERMINE,UNABLE TO DETERMINE,3963,W,HURON ST,1122,2,NO INDICATION OF INJURY,0,0,0,0,0,2,0,9,3,3,41.89342389,-87.72597407,POINT (-87.72597407319 41.893423889377),30
9133765e9cfad7d0cf46793e2fd904feda0527a738250b9a2e5b3facd83a36c01abd5fe513d8ccfc5893e27f1d7bfe52cae265e407339317941a295d2e9f9bac,2025/3/4 9:00,30,NO CONTROLS,NO CONTROLS,RAIN,DAYLIGHT,PARKED MOTOR VEHICLE,NOT DIVIDED,STRAIGHT AND LEVEL,WET,NO DEFECTS,NOT ON SCENE (DESK REPORT),NO INJURY / DRIVE AWAY,$500 OR LESS,2025-03-04T09:00:00.000,UNABLE TO DETERMINE,UNABLE TO DETERMINE,7820,S,WESTERN AVE,835,2,NO INDICATION OF INJURY,0,0,0,0,0,1,0,9,3,3,41.75127296,-87.68302623,POINT (-87.683026232094 41.75127295767),30
cd01cca7f6a3d655a25621a9d7fdc997b858123742a0e2b15500b27d5138d948b22504910aa587176d435ac57d4d8f13997fc9a0a90589728ec94c85d5882ffe,2025/3/4 9:00,30,NO CONTROLS,NO CONTROLS,UNKNOWN,DAYLIGHT,PARKED MOTOR VEHICLE,NOT DIVIDED,STRAIGHT AND LEVEL,UNKNOWN,UNKNOWN,NOT ON SCENE (DESK REPORT),NO INJURY / DRIVE AWAY,"OVER $1,500",2025-03-04T17:57:00.000,UNABLE TO DETERMINE,UNABLE TO DETERMINE,4417,S,DEARBORN ST,215,2,NO INDICATION OF INJURY,0,0,0,0,0,1,0,9,3,3,41.81418225,-87.62717806,POINT (-87.627178061649 41.814182252864),30
a3a2f495696d1ef3659746045dc2dbf829265a8c833587a62760509b08d51a991454d5059d875066c4567210bd0b115cf322ed2f2c0599da247e181ac03761d5,2025/3/4 8:54,25,NO CONTROLS,NO CONTROLS,UNKNOWN,DAYLIGHT,PARKED MOTOR VEHICLE,DRIVEWAY,STRAIGHT AND LEVEL,UNKNOWN,NO DEFECTS,ON SCENE,NO INJURY / DRIVE AWAY,"OVER $1,500",2025-03-04T16:30:00.000,UNABLE TO DETERMINE,NOT APPLICABLE,4405,N,BERNARD ST,1723,2,NO INDICATION OF INJURY,0,0,0,0,0,1,0,8,3,3,41.96132068,-87.71422289,POINT (-87.71422289114 41.961320675125),25
5c55eb736a6eabc2c85124506778c130d9b50161b37e26b7ab05299bde10bd14e58ffdd0fb9031b6599dc3974a58d7486b874a165a97fc48e185c0a82c32223d,2025/3/4 8:53,30,STOP SIGN/FLASHER,FUNCTIONING PROPERLY,CLEAR,DAYLIGHT,ANGLE,FOUR WAY,STRAIGHT AND LEVEL,WET,NO DEFECTS,NOT ON SCENE (DESK REPORT),NO INJURY / DRIVE AWAY,"OVER $1,500",2025-03-04T11:15:00.000,FAILING TO YIELD RIGHT-OF-WAY,UNABLE TO DETERMINE,7300,S,PRAIRIE AVE,323,2,NO INDICATION OF INJURY,0,0,0,0,0,2,0,8,3,3,41.76190564,-87.61853933,POINT (-87.618539333546 41.761905643122),30
acfb933282a6ea8e606689570980f553c1594b2248de09f9028b9cabb77932a26216f4427ae6e0c8fae4a4aa75accebb647a86d652318c9a4653951519ddeaf7,2025/3/4 8:52,30,STOP SIGN/FLASHER,FUNCTIONING PROPERLY,CLEAR,DAYLIGHT,ANGLE,FOUR WAY,STRAIGHT AND LEVEL,WET,NO DEFECTS,ON SCENE,NO INJURY / DRIVE AWAY,"OVER $1,500",2025-03-04T08:54:00.000,DISREGARDING STOP SIGN,NOT APPLICABLE,5600,S,CALIFORNIA AVE,824,2,NO INDICATION OF INJURY,0,0,0,0,0,2,0,8,3,3,41.79177711,-87.69389105,POINT (-87.693891045577 41.791777111),30
113b2600f6935bff906399280e31e7b040e6766e9507a74f1b6c2be55b602c46afd454d62847eb57baccf7f58ada121829aeb1586d7f15f6fb1b9ba23f76d710,2025/3/4 8:40,35,NO CONTROLS,NO CONTROLS,RAIN,DAYLIGHT,SIDESWIPE OPPOSITE DIRECTION,NOT DIVIDED,STRAIGHT AND LEVEL,WET,UNKNOWN,NOT ON SCENE (DESK REPORT),NO INJURY / DRIVE AWAY,"$501 - $1,500",2025-03-04T09:35:00.000,NOT APPLICABLE,NOT APPLICABLE,2640,S,CALIFORNIA AVE,1033,2,NO INDICATION OF INJURY,0,0,0,0,0,2,0,8,3,3,41.84331264,-87.69532042,POINT (-87.695320423806 41.843312643582),35
79259623b6a8e3c4d175c1762446e45d3bbdde495c6ab9e14a7e64c666e855aa89d21271259c728da9332838922ea4be3efc17f7c8fb765a535b88270fd0ac7f,2025/3/4 8:40,20,NO CONTROLS,NO CONTROLS,RAIN,DAYLIGHT,OTHER OBJECT,ALLEY,STRAIGHT AND LEVEL,WET,NO DEFECTS,ON SCENE,NO INJURY / DRIVE AWAY,"OVER $1,500",2025-03-04T08:53:00.000,UNABLE TO DETERMINE,NOT APPLICABLE,7824,S,KEDZIE AVE,835,1,NO INDICATION OF INJURY,0,0,0,0,0,2,0,8,3,3,41.75087785,-87.70259225,POINT (-87.702592251106 41.750877853284),20
fed3be59574e9fc6a06032355c8c11e6bbb4786e5bac2e12701e6b8347a74c4e9ca3ba5f0505735648951a3880889dd82187950f101d7ce852eca9b45c1b7e0a,2025/3/4 8:40,30,TRAFFIC SIGNAL,FUNCTIONING PROPERLY,CLOUDY/OVERCAST,DAYLIGHT,TURNING,FOUR WAY,STRAIGHT AND LEVEL,WET,NO DEFECTS,NOT ON SCENE (DESK REPORT),NO INJURY / DRIVE AWAY,"$501 - $1,500",2025-03-04T09:10:00.000,FAILING TO YIELD RIGHT-OF-WAY,NOT APPLICABLE,2000,W,CHICAGO AVE,1212,2,NO INDICATION OF INJURY,0,0,0,0,0,2,0,8,3,3,41.89601896,-87.67717862,POINT (-87.677178615507 41.896018960386),30
64a1a59292145fea5639fc5f5c8791db60f75dab18c5a79cea8aaf3b733b038d0deb57800bb9a94c353efe9a4363bcedb2a7610302c63f7e86f0332f62a1eda1,2025/3/4 8:38,25,TRAFFIC SIGNAL,FUNCTIONING PROPERLY,RAIN,DAYLIGHT,ANGLE,T-INTERSECTION,STRAIGHT AND LEVEL,WET,NO DEFECTS,ON SCENE,INJURY AND / OR TOW DUE TO CRASH,"OVER $1,500",2025-03-04T09:03:00.000,DISREGARDING TRAFFIC SIGNALS,NOT APPLICABLE,500,S,RACINE AVE,1231,2,NO INDICATION OF INJURY,0,0,0,0,0,2,0,8,3,3,41.87528446,-87.6571153,POINT (-87.657115296866 41.875284464237),25
acc2b45b91f119877d1c5d66df316beeb150718d9371f43868c69ec7150efcb285901e37d675095b115892d291955ea91da2c2557514e0e689556872cabb239b,2025/3/4 8:35,30,NO CONTROLS,NO CONTROLS,CLOUDY/OVERCAST,DAYLIGHT,REAR END,DIVIDED - W/MEDIAN (NOT RAISED),STRAIGHT AND LEVEL,WET,UNKNOWN,NOT ON SCENE (DESK REPORT),NO INJURY / DRIVE AWAY,"OVER $1,500",2025-03-04T08:35:00.000,FOLLOWING TOO CLOSELY,UNABLE TO DETERMINE,2252,N,ELSTON AVE,1432,2,NO INDICATION OF INJURY,0,0,0,0,0,3,0,8,3,3,41.92243702,-87.67390479,POINT (-87.673904794135 41.922437020779),30
d5ab57dc0e69d70afc49ae5895cebe6732cab298b42cf79bebaf38cf824da02aedc1ce45274a3f0deb417a43e2f271f2c52b00a1d27a0783e9360c119af36fc7,2025/3/4 8:30,30,STOP SIGN/FLASHER,UNKNOWN,RAIN,DAYLIGHT,ANGLE,FOUR WAY,STRAIGHT AND LEVEL,WET,UNKNOWN,NOT ON SCENE (DESK REPORT),NO INJURY / DRIVE AWAY,"OVER $1,500",2025-03-04T08:50:00.000,FAILING TO YIELD RIGHT-OF-WAY,UNABLE TO DETERMINE,430,N,HALSTED ST,1214,2,NO INDICATION OF INJURY,0,0,0,0,0,2,0,8,3,3,41.8900779,-87.64775609,POINT (-87.647756089786 41.89007789797),30
cafcb22f3756707f4bb959f300da9d2ec8dcad14eda2c083f8e490613ae73360a5ed9afd40d2656dd1b30315e3ba2637d9ceeaf74288b48f86a8314492ac861c,2025/3/4 8:20,30,UNKNOWN,UNKNOWN,UNKNOWN,DAYLIGHT,TURNING,NOT DIVIDED,STRAIGHT AND LEVEL,UNKNOWN,UNKNOWN,NOT ON SCENE (DESK REPORT),NO INJURY / DRIVE AWAY,"OVER $1,500",2025-03-05T14:20:00.000,UNABLE TO DETERMINE,NOT APPLICABLE,3435,N,WESTERN AVE,1921,2,NO INDICATION OF INJURY,0,0,0,0,0,2,0,8,3,3,41.94415211,-87.68803617,POINT (-87.688036173002 41.944152108331),30
d52fbf74fc6d76463f6b6b2306838a76fab6d38156186f61517c35bde9b6d2a19e37094de44bf144ada54bdc0611b4e5afd361b3221a804601dde99d2ae19980,2025/3/4 8:20,30,TRAFFIC SIGNAL,FUNCTIONING PROPERLY,FREEZING RAIN/DRIZZLE,DAYLIGHT,REAR TO FRONT,FOUR WAY,"CURVE, LEVEL",WET,NO DEFECTS,NOT ON SCENE (DESK REPORT),NO INJURY / DRIVE AWAY,$500 OR LESS,2025-03-04T09:15:00.000,IMPROPER BACKING,UNABLE TO DETERMINE,4850,S,CORNELL AVE,222,2,NO INDICATION OF INJURY,0,0,0,0,0,2,0,8,3,3,41.80596367,-87.58688099,POINT (-87.586880992636 41.805963673767),30