crash_record_id,crash_date,posted_speed_limit,traffic_control_device,device_condition,weather_condition,lighting_condition,first_crash_type,trafficway_type,alignment,roadway_surface_cond,road_defect,report_type,crash_type,damage,date_police_notified,prim_contributory_cause,sec_contributory_cause,street_no,street_direction,street_name,beat_of_occurrence,num_units,most_severe_injury,injuries_total,injuries_fatal,injuries_incapacitating,injuries_non_incapacitating,injuries_reported_not_evident,injuries_no_indication,injuries_unknown,crash_hour,crash_day_of_week,crash_month,latitude,longitude,location,speed_limit
8791c352d4799592a853fd59a0d6a86c7398ecb79f3338e9877015a2626e24a40ecf8d25b8eb02d6b5000033092a8d1bdf2ecf80bd6dd1b82fcba1d1a3b3f777,2025/3/4 8:18,30,STOP SIGN/FLASHER,FUNCTIONING PROPERLY,CLEAR,DAYLIGHT,TURNING,T-INTERSECTION,STRAIGHT AND LEVEL,WET,NO DEFECTS,NOT ON SCENE (DESK REPORT),INJURY AND / OR TOW DUE TO CRASH,"$501 - $1,500",2025-03-04T08:18:00.000,FAILING TO YIELD RIGHT-OF-WAY,DISREGARDING STOP SIGN,2301,W,HOWARD ST,2411,3,NONINCAPACITATING INJURY,1,0,0,1,0,2,0,8,3,3,42.0194052,-87.68777826,POINT (-87.687778260832 42.019405203719),30
78ec98510c467e79c271331ab9c70e184a70d1e2f2f3b4369229fae613ebe565c71e7422e19cc7b66da724e8ec2b14186d52221b9147fd4fcbd891986a8404e6,2025/3/4 8:09,30,NO CONTROLS,NO CONTROLS,RAIN,DAYLIGHT,SIDESWIPE SAME DIRECTION,NOT DIVIDED,STRAIGHT AND LEVEL,WET,NO DEFECTS,NOT ON SCENE (DESK REPORT),INJURY AND / OR TOW DUE TO CRASH,"OVER $1,500",2025-03-04T12:30:00.000,UNABLE TO DETERMINE,NOT APPLICABLE,6628,N,SHERIDAN RD,2432,2,NONINCAPACITATING INJURY,3,0,0,3,0,1,0,8,3,3,42.00349195,-87.66096138,POINT (-87.660961378956 42.003491951427),30
110ec19fd032cf6085de25b9d1f098db1af6e613e7bfc93a9396998a0e68b9de3924b052606ca2ec9f85862de580fe078ac3745e24d7f73f9ee8256cc67ea6e3,2025/3/4 8:00,20,NO CONTROLS,NO CONTROLS,CLEAR,UNKNOWN,PARKED MOTOR VEHICLE,ONE-WAY,STRAIGHT AND LEVEL,DRY,NO DEFECTS,NOT ON SCENE (DESK REPORT),NO INJURY / DRIVE AWAY,"OVER $1,500",2025-03-04T08:45:00.000,UNABLE TO DETERMINE,NOT APPLICABLE,2732,S,BONFIELD ST,913,2,NO INDICATION OF INJURY,0,0,0,0,0,1,0,8,3,3,41.84345872,-87.65796249,POINT (-87.657962492777 41.843458721413),20
131af2d05d46673daaa621552b629665ddf4b3e03802764e849b5d63d4e37dde15462050186631eeb684bd5644642fd6c72192f3c8145c16c4b4073f8d0746eb,2025/3/4 8:00,30,NO CONTROLS,NO CONTROLS,RAIN,DAYLIGHT,PARKED MOTOR VEHICLE,DIVIDED - W/MEDIAN (NOT RAISED),STRAIGHT AND LEVEL,WET,UNKNOWN,NOT ON SCENE (DESK REPORT),NO INJURY / DRIVE AWAY,"OVER $1,500",2025-03-04T08:30:00.000,IMPROPER LANE USAGE,UNABLE TO DETERMINE,1340,W,18TH ST,1233,2,NO INDICATION OF INJURY,0,0,0,0,0,1,0,8,3,3,41.85799717,-87.66062168,POINT (-87.660621680448 41.857997172402),30
8f49f849424a2382669cd5979c12978622079d3e2bf2794d7abfc2969a3c04e96c445b7713829f1e9c4720fdea99944eb0ac817b0e08fb60c133d5c1e70c8683,2025/3/4 7:59,30,NO CONTROLS,NO CONTROLS,RAIN,DAYLIGHT,TURNING,NOT DIVIDED,STRAIGHT ON GRADE,WET,NO DEFECTS,ON SCENE,NO INJURY / DRIVE AWAY,$500 OR LESS,2025-03-04T08:21:00.000,WEATHER,NOT APPLICABLE,2929,W,47TH ST,922,2,NO INDICATION OF INJURY,0,0,0,0,0,2,0,7,3,3,41.80811192,-87.69773234,POINT (-87.697732338053 41.808111918569),30
eef4d755b8b4dae97fbd35f0e0a88bcfbaea005de2d9f0ad3d3b269708a275241ad23a40f547679e71c92748af7e2291c39053b6ba4dacb883655dc02f92319a,2025/3/4 7:58,30,NO CONTROLS,NO CONTROLS,RAIN,DAYLIGHT,REAR END,NOT DIVIDED,STRAIGHT AND LEVEL,WET,UNKNOWN,ON SCENE,INJURY AND / OR TOW DUE TO CRASH,"OVER $1,500",2025-03-04T08:04:00.000,FOLLOWING TOO CLOSELY,NOT APPLICABLE,53,E,ROOSEVELT RD,131,3,NO INDICATION OF INJURY,0,0,0,0,0,5,0,7,3,3,41.86732818,-87.62538176,POINT (-87.625381758092 41.867328184929),30
51efc46c28b628ab6956d86e74cf7d19fdb3d343456523e869d344704e75e9241633c7e56a26b97dd409a149982fc664e03249bd6cd87fdf79e33190d87e88f1,2025/3/4 7:57,30,NO CONTROLS,NO CONTROLS,RAIN,DAYLIGHT,ANGLE,NOT DIVIDED,STRAIGHT AND LEVEL,WET,NO DEFECTS,ON SCENE,NO INJURY / DRIVE AWAY,"$501 - $1,500",2025-03-04T08:00:00.000,UNABLE TO DETERMINE,UNABLE TO DETERMINE,1221,S,ASHLAND AVE,1233,2,NO INDICATION OF INJURY,0,0,0,0,0,4,0,7,3,3,41.86625996,-87.66623055,POINT (-87.666230547077 41.866259959468),30
b45807cbbbc0c01dacb74695a596cf07c4214971d6ba3398ed0a0fc0efc9ebc9dea1f3444254065d8116aaa22cc430cae465d5d4fdc5fc3038f26e4599789176,2025/3/4 7:51,30,STOP SIGN/FLASHER,FUNCTIONING PROPERLY,RAIN,DAYLIGHT,ANGLE,DIVIDED - W/MEDIAN BARRIER,STRAIGHT AND LEVEL,WET,NO DEFECTS,ON SCENE,INJURY AND / OR TOW DUE TO CRASH,"OVER $1,500",2025-03-04T07:54:00.000,WEATHER,UNABLE TO DETERMINE,6300,S,RICHMOND ST,823,2,NO INDICATION OF INJURY,0,0,0,0,0,4,0,7,3,3,41.77896861,-87.69719047,POINT (-87.697190465965 41.77896861225),30
c6c2e9a97e42a44f5cffad0cced109dab6e2f57609ee027f08835813432c5288a9047c33a788650c392c6868e145743e46732eee56dc6dfb2ad3dfb1c8c3a90a,2025/3/4 7:35,25,NO CONTROLS,NO CONTROLS,CLEAR,DAYLIGHT,REAR END,NOT DIVIDED,STRAIGHT AND LEVEL,DRY,NO DEFECTS,NOT ON SCENE (DESK REPORT),NO INJURY / DRIVE AWAY,"OVER $1,500",2025-03-04T08:50:00.000,UNABLE TO DETERMINE,NOT APPLICABLE,1700,E,75TH ST,324,2,NO INDICATION OF INJURY,0,0,0,0,0,2,0,7,3,3,41.75890306,-87.58342653,POINT (-87.583426529943 41.758903060165),25
4a09939770ff81a4feb1c4e627cc332223dd39afb8df1bf4a178d5239a5cee4c6dbbe0bb04356a4b0baa131234879725cba13f854450f6a69864ee5f92fa458b,2025/3/4 7:25,30,TRAFFIC SIGNAL,FUNCTIONING PROPERLY,RAIN,DAYLIGHT,REAR END,DIVIDED - W/MEDIAN (NOT RAISED),STRAIGHT AND LEVEL,UNKNOWN,UNKNOWN,ON SCENE,NO INJURY / DRIVE AWAY,"$501 - $1,500",2025-03-04T07:32:00.000,FOLLOWING TOO CLOSELY,NOT APPLICABLE,2555,S,DR MARTIN LUTHER KING JR DR,133,2,NO INDICATION OF INJURY,0,0,0,0,0,2,0,7,3,3,41.84588302,-87.61715738,POINT (-87.617157382205 41.845883021958),30
af454d23e5236060b24da327c6bddb0ab40e8d774fe9913e285859e35d8db54934aafa69cdd702fed801ad09beea7e88c734b4dda4b1c01dc55369c065e86a32,2025/3/4 7:15,30,NO CONTROLS,NO CONTROLS,RAIN,DAYLIGHT,SIDESWIPE SAME DIRECTION,NOT DIVIDED,STRAIGHT AND LEVEL,WET,NO DEFECTS,NOT ON SCENE (DESK REPORT),INJURY AND / OR TOW DUE TO CRASH,"OVER $1,500",2025-03-05T07:20:00.000,UNABLE TO DETERMINE,UNABLE TO DETERMINE,1914,W,PRATT BLVD,2424,2,NO INDICATION OF INJURY,0,0,0,0,0,1,0,7,3,3,42.00535206,-87.67856875,POINT (-87.678568748869 42.00535206272),30
4a37f46d1f8e14dc480d733b2cd8b084d1fb319a0b35355bb5c5b05def9e31481d65b40ab194d6289f545ed24c0769211407acc81c765b38eeb5a1a98ddcfee3,2025/3/4 7:00,30,STOP SIGN/FLASHER,FUNCTIONING PROPERLY,RAIN,DAYLIGHT,PEDESTRIAN,NOT DIVIDED,STRAIGHT AND LEVEL,WET,NO DEFECTS,ON SCENE,INJURY AND / OR TOW DUE TO CRASH,"$501 - $1,500",2025-03-04T07:00:00.000,UNABLE TO DETERMINE,UNABLE TO DETERMINE,1901,S,DAMEN AVE,1234,2,NONINCAPACITATING INJURY,1,0,0,1,0,2,0,7,3,3,41.85581662,-87.67579932,POINT (-87.67579932375 41.855816622186),30
a84efd530b691cd04c795697ff0baa8e4a94b7c3b112cc161da83ece8926a8cc9b5b6a5f4b573b933fd224ac2a84eb37bbc40f4b36fdc3f5a316066a0b6e5c14,2025/3/4 7:00,30,NO CONTROLS,NO CONTROLS,RAIN,DAYLIGHT,ANGLE,DIVIDED - W/MEDIAN (NOT RAISED),STRAIGHT AND LEVEL,WET,NO DEFECTS,NOT ON SCENE (DESK REPORT),NO INJURY / DRIVE AWAY,"$501 - $1,500",2025-03-04T14:30:00.000,IMPROPER BACKING,NOT APPLICABLE,2826,N,CLYBOURN AVE,1931,2,NO INDICATION OF INJURY,0,0,0,0,0,2,0,7,3,3,41.93268073,-87.67888832,POINT (-87.678888316635 41.932680725707),30
f1c6fa06b00378dfa663bdebfea673cb58e34e2f2d397dab7cb9bcd0caa6f5db30867f5b91925d033618117706ba641b00e60fb7bd41962384e7f98fb1c5792e,2025/3/4 7:00,30,NO CONTROLS,NO CONTROLS,RAIN,DAYLIGHT,SIDESWIPE SAME DIRECTION,NOT DIVIDED,STRAIGHT AND LEVEL,WET,NO DEFECTS,ON SCENE,NO INJURY / DRIVE AWAY,"$501 - $1,500",2025-03-04T07:12:00.000,UNABLE TO DETERMINE,NOT APPLICABLE,4800,S,COTTAGE GROVE AVE,223,2,NO INDICATION OF INJURY,0,0,0,0,0,3,0,7,3,3,41.80762288,-87.6066716,POINT (-87.606671601622 41.807622875775),30
9e54ba55df1dd4c4636d4d6b1afdfd19379ab0720f192242b63843d6a4ecad4225c68c5c3dce995beeb63769b40ddd214ba2c0886dc76d1a59ae62da0e098267,2025/3/4 6:45,30,NO CONTROLS,NO CONTROLS,RAIN,DAYLIGHT,FIXED OBJECT,ALLEY,STRAIGHT AND LEVEL,WET,NO DEFECTS,ON SCENE,NO INJURY / DRIVE AWAY,"$501 - $1,500",2025-03-05T07:07:00.000,UNABLE TO DETERMINE,UNABLE TO DETERMINE,4670,N,ELSTON AVE,1722,2,NO INDICATION OF INJURY,0,0,0,0,0,2,0,6,3,3,41.96587063,-87.73709935,POINT (-87.737099347447 41.96587063043),30
c36d404a7eba0a4b2f9a83d719e4247878e36d2d414fddcb6593cc5879e0d30c60464c99bd60041a341659756bc8179e40beeea97c9cf7116fcccb968902449a,2025/3/4 6:37,30,STOP SIGN/FLASHER,FUNCTIONING PROPERLY,RAIN,DAYLIGHT,ANGLE,FOUR WAY,STRAIGHT AND LEVEL,WET,NO DEFECTS,ON SCENE,INJURY AND / OR TOW DUE TO CRASH,"OVER $1,500",2025-03-04T06:39:00.000,UNABLE TO DETERMINE,NOT APPLICABLE,5600,N,AUSTIN AVE,1622,3,NONINCAPACITATING INJURY,2,0,0,1,1,0,0,6,3,3,41.98299769,-87.77818389,POINT (-87.778183892191 41.9829976924),30
8edc62cc822ca64d51fa59ff7b0b8e26e4c104e08b3162aca3613b052e2413b811fb16edb7426267e5161a150ed743879260f216068fb1e9e89810e6797c463b,2025/3/4 6:35,30,TRAFFIC SIGNAL,FUNCTIONING PROPERLY,RAIN,DAYLIGHT,PEDESTRIAN,DIVIDED - W/MEDIAN BARRIER,STRAIGHT AND LEVEL,DRY,NO DEFECTS,ON SCENE,INJURY AND / OR TOW DUE TO CRASH,"OVER $1,500",2025-03-04T06:45:00.000,FAILING TO YIELD RIGHT-OF-WAY,NOT APPLICABLE,653,N,MICHIGAN AVE,1834,2,"REPORTED, NOT EVIDENT",1,0,0,0,1,1,0,6,3,3,41.89409702,-87.62408976,POINT (-87.624089758746 41.894097019689),30
c4a18e864a037088d92663755fda8457cf86e305ecc0bbc91b2594503dbb48cfc253362d6ed86042543e0ed1ff71bb7ecdbd309e7c7e3c8fc55b1cffd4f1f298,2025/3/4 6:28,30,TRAFFIC SIGNAL,FUNCTIONING IMPROPERLY,RAIN,DAWN,ANGLE,FOUR WAY,STRAIGHT AND LEVEL,WET,NO DEFECTS,ON SCENE,INJURY AND / OR TOW DUE TO CRASH,"OVER $1,500",2025-03-04T06:30:00.000,FAILING TO YIELD RIGHT-OF-WAY,ROAD ENGINEERING/SURFACE/MARKING DEFECTS,4000,W,LAKE ST,1114,3,NONINCAPACITATING INJURY,3,0,0,3,0,0,0,6,3,3,41.88558032,-87.72592192,POINT (-87.725921923893 41.885580318349),30
37827d84bdb88b6a540ff968c984e61b5196d5c8b4fe27e6119e54dfe77cf4ae59a2890ff17b16d740ba062cb0008c01bf9acdc9fcf2480664e9089ca3d70e97,2025/3/4 6:24,30,TRAFFIC SIGNAL,FUNCTIONING PROPERLY,RAIN,DAWN,TURNING,ONE-WAY,STRAIGHT AND LEVEL,WET,UNKNOWN,ON SCENE,NO INJURY / DRIVE AWAY,"OVER $1,500",2025-03-04T07:10:00.000,IMPROPER TURNING/NO SIGNAL,FAILING TO YIELD RIGHT-OF-WAY,201,W,LAKE ST,122,2,NO INDICATION OF INJURY,0,0,0,0,0,2,0,6,3,3,41.88561893,-87.63397143,POINT (-87.633971425199 41.885618927077),30
c623fdedce39926c5964e5bcbfbe69ba31b4b8df350c872c678c315f90b8106d942cef87c3d73a07630388e11f90305a9b0211b5f658a65ad376a275e84e80f3,2025/3/4 6:20,30,UNKNOWN,UNKNOWN,RAIN,DAYLIGHT,TURNING,FOUR WAY,STRAIGHT AND LEVEL,WET,NO DEFECTS,ON SCENE,NO INJURY / DRIVE AWAY,"$501 - $1,500",2025-03-04T06:48:00.000,FAILING TO YIELD RIGHT-OF-WAY,FAILING TO YIELD RIGHT-OF-WAY,2000,W,WELLINGTON AVE,1931,2,NO INDICATION OF INJURY,0,0,0,0,0,2,0,6,3,3,41.93603931,-87.67830063,POINT (-87.678300625864 41.936039314331),30
120f512a770ded5ac43ea7ff4acc7faf22b02c85cfc45ceb55773a96be3179ebab78609ac0aea674a8d328b99520a6cc06eed6fd01eaaafe83c34496945a9434,2025/3/4 6:17,30,TRAFFIC SIGNAL,FUNCTIONING PROPERLY,RAIN,"DARKNESS, LIGHTED ROAD",PEDESTRIAN,T-INTERSECTION,STRAIGHT AND LEVEL,WET,UNKNOWN,NOT ON SCENE (DESK REPORT),INJURY AND / OR TOW DUE TO CRASH,"$501 - $1,500",2025-03-04T07:15:00.000,FAILING TO YIELD RIGHT-OF-WAY,IMPROPER TURNING/NO SIGNAL,4601,N,BROADWAY,1914,2,NONINCAPACITATING INJURY,1,0,0,1,0,1,0,6,3,3,41.96552351,-87.6573908,POINT (-87.657390797953 41.965523508419),30
01786fedc054e4ca78d6143b87ec7a568d4e27c91b4cfe109e8abe96fe09e049f325d239cd7a4d50898a4cf27b9e33b378b5b1f1830e0e06de5e359da3d022d3,2025/3/4 5:50,30,TRAFFIC SIGNAL,FUNCTIONING PROPERLY,RAIN,"DARKNESS, LIGHTED ROAD",REAR END,NOT DIVIDED,STRAIGHT AND LEVEL,WET,NO DEFECTS,ON SCENE,NO INJURY / DRIVE AWAY,"OVER $1,500",2025-03-04T05:58:00.000,FOLLOWING TOO CLOSELY,NOT APPLICABLE,4006,N,PULASKI RD,1722,3,NO INDICATION OF INJURY,0,0,0,0,0,3,0,5,3,3,41.95390732,-87.72777113,POINT (-87.727771133203 41.95390731653),30
58bbfe69cef859fb304905c9cd90160af59721b53ebe78e1f5d42524482221ba211f4740990e4bd63cd54cf188ab59d8cc201a76c406d07facea187b7f0a442f,2025/3/4 5:40,30,NO CONTROLS,NO CONTROLS,RAIN,DAWN,REAR END,NOT DIVIDED,STRAIGHT AND LEVEL,WET,UNKNOWN,ON SCENE,INJURY AND / OR TOW DUE TO CRASH,"OVER $1,500",2025-03-04T05:47:00.000,FOLLOWING TOO CLOSELY,WEATHER,3842,W,GRAND AVE,2535,2,"REPORTED, NOT EVIDENT",1,0,0,0,1,1,0,5,3,3,41.90486849,-87.72284964,POINT (-87.722849639687 41.904868489274),30
4238043413b0f3d7174d4a81c24ea17c82013703ef326d1569333938f3f4ca999e890ebab239be527cfa8cf21a0a75332d279e9c1ca5115bcaa055735dfb55f6,2025/3/4 5:25,30,TRAFFIC SIGNAL,FUNCTIONING PROPERLY,RAIN,DAYLIGHT,REAR END,FOUR WAY,STRAIGHT AND LEVEL,WET,UNKNOWN,NOT ON SCENE (DESK REPORT),INJURY AND / OR TOW DUE TO CRASH,"OVER $1,500",2025-03-04T07:30:00.000,EQUIPMENT - VEHICLE CONDITION,EQUIPMENT - VEHICLE CONDITION,4801,W,BELMONT AVE,2521,2,NO INDICATION OF INJURY,0,0,0,0,0,2,0,5,3,3,41.93871444,-87.74699437,POINT (-87.746994368137 41.938714441036),30
1daca9293b90bd73fbe44df02ec564c166117c18bbce261f3eb9e1260edd68a47e598aee16d5b07c8869e5c0d560dc5e351e7faa278f85cd49691bb662a61fc2,2025/3/4 5:00,20,NO CONTROLS,NO CONTROLS,CLEAR,UNKNOWN,PARKED MOTOR VEHICLE,ONE-WAY,STRAIGHT AND LEVEL,UNKNOWN,UNKNOWN,ON SCENE,NO INJURY / DRIVE AWAY,"OVER $1,500",2025-03-04T15:45:00.000,UNABLE TO DETERMINE,NOT APPLICABLE,7832,S,PEORIA ST,621,2,NO INDICATION OF INJURY,0,0,0,0,0,1,0,5,3,3,41.751429,-87.64663656,POINT (-87.646636563761 41.751429001142),20
9cc15e8cfc89964442ee630013bc91cfb32b0865840f6b0df57b0b26aa16422ba004cd25769cbc0c9e386e5d332c4a740ac50e12a430bb5a806247468078abb5,2025/3/4 4:42,30,NO CONTROLS,NO CONTROLS,FREEZING RAIN/DRIZZLE,"DARKNESS, LIGHTED ROAD",SIDESWIPE SAME DIRECTION,NOT DIVIDED,STRAIGHT AND LEVEL,WET,UNKNOWN,NOT ON SCENE (DESK REPORT),NO INJURY / DRIVE AWAY,"OVER $1,500",2025-03-04T04:51:00.000,UNABLE TO DETERMINE,NOT APPLICABLE,13551,S,TORRENCE AVE,433,2,NO INDICATION OF INJURY,0,0,0,0,0,2,0,4,3,3,41.64853451,-87.55915674,POINT (-87.559156737656 41.648534513226),30
7c83e607f07263c3ed329f41fe3151b3adf87b6a91ff716ec3d10f0912a3a23a9ae8c28ed057f74c0aa8da9501832d308306daf8a01e1f075e71adfb3c806a2e,2025/3/4 4:30,30,NO CONTROLS,NO CONTROLS,CLEAR,"DARKNESS, LIGHTED ROAD",PARKED MOTOR VEHICLE,NOT DIVIDED,STRAIGHT AND LEVEL,DRY,NO DEFECTS,ON SCENE,INJURY AND / OR TOW DUE TO CRASH,"OVER $1,500",2025-03-04T08:25:00.000,UNABLE TO DETERMINE,NOT APPLICABLE,3526,S,WALLACE ST,915,3,NO INDICATION OF INJURY,0,0,0,0,0,1,0,4,3,3,41.82998535,-87.64135926,POINT (-87.641359262536 41.829985352734),30
eb3fc2d4752e16695c99c81a5f36dd07391eeef83ac9a09cc987f12397273f0c2f853b70e8f44b2d080b1e6bd1861326c36f78ad3a6af9ef933e6961c4781cfb,2025/3/4 3:49,15,NO CONTROLS,NO CONTROLS,CLOUDY/OVERCAST,"DARKNESS, LIGHTED ROAD",PARKED MOTOR VEHICLE,ALLEY,STRAIGHT AND LEVEL,WET,NO DEFECTS,ON SCENE,NO INJURY / DRIVE AWAY,"OVER $1,500",2025-03-04T03:49:00.000,"OPERATING VEHICLE IN ERRATIC, RECKLESS, CARELESS, NEGLIGENT OR AGGRESSIVE MANNER","OPERATING VEHICLE IN ERRATIC, RECKLESS, CARELESS, NEGLIGENT OR AGGRESSIVE MANNER",5015,S,MORGAN ST,933,2,NO INDICATION OF INJURY,0,0,0,0,0,1,0,3,3,3,41.80281684,-87.65008869,POINT (-87.650088691299 41.802816835058),15
ed2a55e17cf81e5aacfe7bb38a30606e7761715d9fb6e81ab50ca93d79d7739fe9323bc2e071cb9e8f16a9cb56a2c9da9f036e542a2de04184a27260252c22d6,2025/3/4 3:49,15,NO CONTROLS,NO CONTROLS,CLEAR,"DARKNESS, LIGHTED ROAD",PARKED MOTOR VEHICLE,ALLEY,STRAIGHT AND LEVEL,WET,NO DEFECTS,ON SCENE,NO INJURY / DRIVE AWAY,"$501 - $1,500",2025-03-04T03:50:00.000,"OPERATING VEHICLE IN ERRATIC, RECKLESS, CARELESS, NEGLIGENT OR AGGRESSIVE MANNER","OPERATING VEHICLE IN ERRATIC, RECKLESS, CARELESS, NEGLIGENT OR AGGRESSIVE MANNER",5009,S,MORGAN ST,933,2,NO INDICATION OF INJURY,0,0,0,0,0,1,0,3,3,3,41.80302178,-87.65009427,POINT (-87.650094271968 41.803021775702),15
3d9ddb0ad8e641a1243c5785ae84f7078153cf8395602839eec2332c9a9fabf3c7fde50395a507cc90ef83e20db7ca5c5f4ce2eceee6d33748a71c1a478aebef,2025/3/4 3:23,30,TRAFFIC SIGNAL,FUNCTIONING PROPERLY,CLEAR,"DARKNESS, LIGHTED ROAD",TURNING,FOUR WAY,STRAIGHT AND LEVEL,DRY,NO DEFECTS,ON SCENE,INJURY AND / OR TOW DUE TO CRASH,"OVER $1,500",2025-03-04T03:25:00.000,DISREGARDING TRAFFIC SIGNALS,FAILING TO REDUCE SPEED TO AVOID CRASH,1600,W,47TH ST,924,2,NO INDICATION OF INJURY,0,0,0,0,0,2,0,3,3,3,41.80871332,-87.6650359,POINT (-87.665035903091 41.80871331904),30
330c0367f30cc1602bf31cb0e78ef95052a94ce3ec5ae37227e773090d57693c82c1af86c3f16be867a052c9f0bfef7b7e18dedf42b3cfa0a282f8469f35c01e,2025/3/4 3:07,30,NO CONTROLS,NO CONTROLS,RAIN,"DARKNESS, LIGHTED ROAD",PARKED MOTOR VEHICLE,NOT DIVIDED,STRAIGHT AND LEVEL,WET,NO DEFECTS,NOT ON SCENE (DESK REPORT),INJURY AND / OR TOW DUE TO CRASH,"OVER $1,500",2025-03-04T03:09:00.000,UNABLE TO DETERMINE,UNABLE TO DETERMINE,3920,N,CLARK ST,1923,4,NO INDICATION OF INJURY,0,0,0,0,0,2,0,3,3,3,41.95310434,-87.66141391,POINT (-87.661413913208 41.953104336862),30
5ffb00260327040f8e752c022b2e0e8144b69c90273db026889c5fa0a9191e98c94ed6c26a1a1a2988617971af1bcd40cc2229854ad262f4ed553c8a5294e30a,2025/3/4 2:50,40,NO CONTROLS,NO CONTROLS,CLEAR,"DARKNESS, LIGHTED ROAD",FIXED OBJECT,ONE-WAY,"CURVE, LEVEL",WET,NO DEFECTS,ON SCENE,INJURY AND / OR TOW DUE TO CRASH,"OVER $1,500",2025-03-04T02:55:00.000,WEATHER,NOT APPLICABLE,985,N,LAKE SHORE DR NB,1833,1,NO INDICATION OF INJURY,0,0,0,0,0,1,0,2,3,3,41.90094767,-87.61933518,POINT (-87.619335175935 41.900947667149),40
ccf4bd89c98cbf3b29cd93149dd0023db1055c41ed60db75e74f25ed52d1509f8706fc31d2d3bd6676e4f43394b60b1d5dc4a81bfc429e1efa19f5ff76b103b2,2025/3/4 1:50,30,NO CONTROLS,NO CONTROLS,CLEAR,DAYLIGHT,PARKED MOTOR VEHICLE,NOT DIVIDED,STRAIGHT AND LEVEL,DRY,NO DEFECTS,NOT ON SCENE (DESK REPORT),NO INJURY / DRIVE AWAY,"OVER $1,500",2025-03-04T13:19:00.000,NOT APPLICABLE,NOT APPLICABLE,4361,W,77TH PL,834,2,NO INDICATION OF INJURY,0,0,0,0,0,1,0,1,3,3,41.75242046,-87.73161286,POINT (-87.731612855673 41.752420462158),30
a57598639fad97f28db144c8773dc94c5b0d126c5a3357e8ac99edb309b2514c2fcc36281d842903deb332d14a83ca4eb7f0efb351b745588ed7b3308739ed81,2025/3/4 1:37,30,NO CONTROLS,NO CONTROLS,CLEAR,"DARKNESS, LIGHTED ROAD",PARKED MOTOR VEHICLE,NOT DIVIDED,STRAIGHT AND LEVEL,WET,NO DEFECTS,ON SCENE,NO INJURY / DRIVE AWAY,"$501 - $1,500",2025-03-04T01:38:00.000,FAILING TO REDUCE SPEED TO AVOID CRASH,FAILING TO REDUCE SPEED TO AVOID CRASH,3821,N,KIMBALL AVE,1733,2,NO INDICATION OF INJURY,0,0,0,0,0,2,0,1,3,3,41.95087433,-87.7126675,POINT (-87.712667504132 41.950874334929),30
9a7afa8c30301e8fea2b7d3c179f65c685c8a060e00aa26933dc1c579c9de374d6876f1375e61846cfe605d77ade2dadfc1ad5c632b41402092c18cfc69132a8,2025/3/4 1:35,30,NO CONTROLS,FUNCTIONING PROPERLY,RAIN,"DARKNESS, LIGHTED ROAD",SIDESWIPE OPPOSITE DIRECTION,NOT DIVIDED,STRAIGHT AND LEVEL,WET,NO DEFECTS,ON SCENE,INJURY AND / OR TOW DUE TO CRASH,"OVER $1,500",2025-03-04T01:37:00.000,UNABLE TO DETERMINE,UNABLE TO DETERMINE,3224,W,WABANSIA AVE,1421,5,NO INDICATION OF INJURY,0,0,0,0,0,4,0,1,3,3,41.91203659,-87.7079045,POINT (-87.707904504572 41.912036588005),30
95360bc798326ca2eb9ba98bf7ff69636408f221dbcfdccd1aa3a9b74b6ee3d8b257004d4bb05f0b3b102de8f76a91329941bd675b8d341d9231058fcd6523a1,2025/3/4 1:00,30,TRAFFIC SIGNAL,UNKNOWN,UNKNOWN,"DARKNESS, LIGHTED ROAD",PARKED MOTOR VEHICLE,T-INTERSECTION,STRAIGHT AND LEVEL,UNKNOWN,UNKNOWN,ON SCENE,INJURY AND / OR TOW DUE TO CRASH,"OVER $1,500",2025-03-04T01:12:00.000,IMPROPER TURNING/NO SIGNAL,UNABLE TO DETERMINE,2,E,66TH ST,312,4,"REPORTED, NOT EVIDENT",1,0,0,0,1,0,0,1,3,3,41.77470413,-87.62512266,POINT (-87.625122663312 41.774704127079),30
cbbe2edab4cdd4167fc79125021967055951077c6cad7477fd1c364d30590aad29843ee9137e04fec19aea845e89c4577f0dbfece2ed6709aae05ea3d25da0c4,2025/3/4 0:35,25,OTHER REG. SIGN,UNKNOWN,CLEAR,DUSK,TURNING,T-INTERSECTION,STRAIGHT AND LEVEL,DRY,UNKNOWN,NOT ON SCENE (DESK REPORT),NO INJURY / DRIVE AWAY,"OVER $1,500",2025-03-04T00:42:00.000,UNABLE TO DETERMINE,UNABLE TO DETERMINE,6097,N,TROY ST,2413,2,NO INDICATION OF INJURY,0,0,0,0,0,2,0,0,3,3,41.99289105,-87.70783066,POINT (-87.707830662294 41.992891045321),25