crash_record_id,crash_date,posted_speed_limit,traffic_control_device,device_condition,weather_condition,lighting_condition,first_crash_type,trafficway_type,alignment,roadway_surface_cond,road_defect,report_type,crash_type,damage,date_police_notified,prim_contributory_cause,sec_contributory_cause,street_no,street_direction,street_name,beat_of_occurrence,num_units,most_severe_injury,injuries_total,injuries_fatal,injuries_incapacitating,injuries_non_incapacitating,injuries_reported_not_evident,injuries_no_indication,injuries_unknown,crash_hour,crash_day_of_week,crash_month,latitude,longitude,location,speed_limit
3c1c49303e4f84e36a5a71b7a3ad64a03d12a7cb5ae99a2dabb0e8a76e6925f703f2a87024332408e95e8a3cf69bbb848ac93c640b1522313cbffb4d61b4130d,2025/3/4 0:10,25,NO CONTROLS,NO CONTROLS,CLEAR,"DARKNESS, LIGHTED ROAD",ANGLE,ONE-WAY,STRAIGHT AND LEVEL,UNKNOWN,UNKNOWN,NOT ON SCENE (DESK REPORT),NO INJURY / DRIVE AWAY,"OVER $1,500",2025-03-04T12:00:00.000,DRIVING SKILLS/KNOWLEDGE/EXPERIENCE,DRIVING SKILLS/KNOWLEDGE/EXPERIENCE,905,E,81ST ST,631,2,NO INDICATION OF INJURY,0,0,0,0,0,3,0,0,3,3,41.74754659,-87.60242292,POINT (-87.602422920539 41.747546591951),25
32d2d4045c22dddedba06836ad65596b7502b6219c4809e22d509b8b44c1375044c274929a62d748c12ac9aeccd852febeba08e810e4660e1f6d532e472bf559,2025/3/3 23:30,30,NO CONTROLS,NO CONTROLS,CLEAR,"DARKNESS, LIGHTED ROAD",FIXED OBJECT,PARKING LOT,STRAIGHT AND LEVEL,UNKNOWN,UNKNOWN,ON SCENE,NO INJURY / DRIVE AWAY,"OVER $1,500",2025-03-03T23:30:00.000,NOT APPLICABLE,NOT APPLICABLE,5415,N,HARLEM AVE,1613,1,NO INDICATION OF INJURY,0,0,0,0,0,2,0,23,2,3,41.97962305,-87.80683472,POINT (-87.806834722153 41.979623049365),30
495b80846930a8ee0f5b8510cecd2872d8582859e861a8dd567f74acacb51e097383bb963ea499ce740f5ccd857e77299fd518aff60969ab8a22a5f5736b063d,2025/3/3 23:00,30,NO CONTROLS,NO CONTROLS,CLEAR,"DARKNESS, LIGHTED ROAD",PARKED MOTOR VEHICLE,NOT DIVIDED,STRAIGHT AND LEVEL,DRY,UNKNOWN,NOT ON SCENE (DESK REPORT),NO INJURY / DRIVE AWAY,"OVER $1,500",2025-03-04T17:40:00.000,DISTRACTION - FROM INSIDE VEHICLE,DISTRACTION - FROM INSIDE VEHICLE,11500,S,HALE AVE,2212,2,NO INDICATION OF INJURY,0,0,0,0,0,2,0,23,2,3,41.68453509,-87.67250569,POINT (-87.672505692059 41.684535087519),30
ddc7ab2b3e31cdfcf854b36727bfb9519c500049bd70872085732a3090fbfc818d0872c7ca13788cb1859c6a439433f1904fa645abf404bba63f4fc33d84340e,2025/3/3 23:00,30,TRAFFIC SIGNAL,FUNCTIONING IMPROPERLY,UNKNOWN,UNKNOWN,TURNING,FOUR WAY,STRAIGHT AND LEVEL,UNKNOWN,UNKNOWN,ON SCENE,INJURY AND / OR TOW DUE TO CRASH,"OVER $1,500",2025-03-03T23:13:00.000,UNABLE TO DETERMINE,NOT APPLICABLE,2032,E,MARQUETTE DR,331,2,NO INDICATION OF INJURY,0,0,0,0,0,4,0,23,2,3,41.77549242,-87.57505477,POINT (-87.57505477154 41.775492418976),30
0f7d7a46c2cacf34752b4cbe44c5da702f81074353f07c26ec51c0095f7abec053f5cc997c775edbae74ed6a9001612c53685dcca8d71cfdb78e8e0bc110da41,2025/3/3 22:46,35,NO CONTROLS,NO CONTROLS,CLEAR,"DARKNESS, LIGHTED ROAD",SIDESWIPE OPPOSITE DIRECTION,NOT DIVIDED,STRAIGHT AND LEVEL,DRY,NO DEFECTS,ON SCENE,INJURY AND / OR TOW DUE TO CRASH,"OVER $1,500",2025-03-03T23:04:00.000,FAILING TO YIELD RIGHT-OF-WAY,NOT APPLICABLE,910,N,PULASKI RD,1111,2,NO INDICATION OF INJURY,0,0,0,0,0,3,0,22,2,3,41.89757189,-87.72629872,POINT (-87.726298720913 41.897571889008),35
5721caf43e22af45fd08aa3c661b3858a1e42964374523c2171403cc3d159937ff708ac4c56f80c2d3843ba35d881cbce3c6ac42d630f39d6af479450764b840,2025/3/3 22:30,30,TRAFFIC SIGNAL,FUNCTIONING PROPERLY,CLEAR,DARKNESS,FIXED OBJECT,"FIVE POINT, OR MORE",STRAIGHT AND LEVEL,DRY,NO DEFECTS,NOT ON SCENE (DESK REPORT),INJURY AND / OR TOW DUE TO CRASH,"OVER $1,500",2025-03-04T13:30:00.000,DRIVING SKILLS/KNOWLEDGE/EXPERIENCE,UNABLE TO DETERMINE,7100,S,COTTAGE GROVE AVE,323,1,NO INDICATION OF INJURY,0,0,0,0,0,1,0,22,2,3,41.76580035,-87.60572913,POINT (-87.60572912699 41.765800351319),30
a65eeafa9a36ad74f49a24839d646dda6d1fb7863a599a71ae931de9663a644bd98a4b6f1e79c5d8d97b1ea7737ecd23ba8dc110de62af7f9fcfe869d2209ea9,2025/3/3 22:25,30,NO CONTROLS,NO CONTROLS,CLEAR,DUSK,ANGLE,DIVIDED - W/MEDIAN BARRIER,STRAIGHT AND LEVEL,DRY,UNKNOWN,ON SCENE,INJURY AND / OR TOW DUE TO CRASH,"OVER $1,500",2025-03-03T22:27:00.000,DRIVING ON WRONG SIDE/WRONG WAY,FAILING TO REDUCE SPEED TO AVOID CRASH,5530,S,CICERO AVE,813,2,NO INDICATION OF INJURY,0,0,0,0,0,2,0,22,2,3,41.79219588,-87.74176461,POINT (-87.741764614161 41.792195875972),30
2a728a3b0650ee460a168e2b84895842a980b7500e892f1bbbc6c45ef01b85753712c1b77bfd52833d7cfefa7582fbf65fdc0762bf83649c09159ff69fe61aee,2025/3/3 22:24,30,NO CONTROLS,UNKNOWN,CLEAR,"DARKNESS, LIGHTED ROAD",PARKED MOTOR VEHICLE,NOT DIVIDED,STRAIGHT AND LEVEL,DRY,NO DEFECTS,ON SCENE,INJURY AND / OR TOW DUE TO CRASH,"OVER $1,500",2025-03-03T23:27:00.000,FAILING TO REDUCE SPEED TO AVOID CRASH,UNABLE TO DETERMINE,1702,N,CAMPBELL AVE,1434,3,NO INDICATION OF INJURY,0,0,0,0,0,1,0,22,2,3,41.91225237,-87.6898594,POINT (-87.689859399575 41.912252372119),30
af467da463d7303dbfadfa9d4f1f4574e27a3ee6384c185ed6caf8936b7a7c74d0788e099020111740ff1e0dbdfef5a968a3391d3a3a91233e07046b95cabba9,2025/3/3 22:00,20,NO CONTROLS,NO CONTROLS,UNKNOWN,DARKNESS,PARKED MOTOR VEHICLE,PARKING LOT,STRAIGHT AND LEVEL,UNKNOWN,UNKNOWN,NOT ON SCENE (DESK REPORT),NO INJURY / DRIVE AWAY,"OVER $1,500",2025-03-04T10:45:00.000,UNABLE TO DETERMINE,UNABLE TO DETERMINE,5206,N,WESTERN AVE,2011,2,NO INDICATION OF INJURY,0,0,0,0,0,1,0,22,2,3,41.97612112,-87.68930732,POINT (-87.689307315555 41.976121121894),20
b0fb8069a742046694ecaad15d5d6581edbde8836c966fd05c07bf958094e2f361449cd8104b49ae36d77a477ce2dda549a73d6a2df2cc5fcde7f77134655c3e,2025/3/3 21:57,30,UNKNOWN,FUNCTIONING PROPERLY,CLEAR,"DARKNESS, LIGHTED ROAD",PARKED MOTOR VEHICLE,DIVIDED - W/MEDIAN (NOT RAISED),STRAIGHT AND LEVEL,DRY,NO DEFECTS,ON SCENE,NO INJURY / DRIVE AWAY,"OVER $1,500",2025-03-03T22:18:00.000,UNABLE TO DETERMINE,UNABLE TO DETERMINE,5350,N,WESTERN AVE,2011,4,NO INDICATION OF INJURY,0,0,0,0,0,1,0,21,2,3,41.9792045,-87.68942758,POINT (-87.689427574972 41.979204497112),30
3e12f650097ffa4af843ec0285973d6a39a787e24a8f623c20d9b5806f4c49bb3da36dcbf3de2a0faf93ecacb5c91580bce5b461f39b16a65235aff3a842291a,2025/3/3 21:30,30,NO CONTROLS,NO CONTROLS,CLEAR,"DARKNESS, LIGHTED ROAD",PARKED MOTOR VEHICLE,NOT DIVIDED,STRAIGHT ON GRADE,DRY,NO DEFECTS,ON SCENE,INJURY AND / OR TOW DUE TO CRASH,"OVER $1,500",2025-03-03T21:33:00.000,PHYSICAL CONDITION OF DRIVER,UNABLE TO DETERMINE,6245,W,GRAND AVE,2512,3,NO INDICATION OF INJURY,0,0,0,0,0,1,0,21,2,3,41.92167735,-87.78229706,POINT (-87.782297061426 41.921677345085),30
6c4b4f728d5462a0a986c5e8ffbbbf023b27dfffddb13e47029a98bafe70b191a627cc481910c6f36e927b176e2675209bc17a1cc27bce704c720bc897635f1e,2025/3/3 21:30,15,NO CONTROLS,NO CONTROLS,CLEAR,"DARKNESS, LIGHTED ROAD",REAR END,ONE-WAY,STRAIGHT AND LEVEL,DRY,NO DEFECTS,ON SCENE,NO INJURY / DRIVE AWAY,$500 OR LESS,2025-03-03T21:41:00.000,NOT APPLICABLE,NOT APPLICABLE,555,W,ARLINGTON PL,1935,2,NO INDICATION OF INJURY,0,0,0,0,0,1,0,21,2,3,41.9266266,-87.64334793,POINT (-87.64334792903 41.926626598083),15
26e4ffc968c0ec5cfc469dc5d88b681a9e47a4a9c2208f19799c81538f5021d58bd3053fe88818bbd25a9117ddf26a839c891384f2ce14c30e1d81731b75ac69,2025/3/3 21:10,20,NO CONTROLS,NO CONTROLS,CLEAR,"DARKNESS, LIGHTED ROAD",PARKED MOTOR VEHICLE,ONE-WAY,STRAIGHT AND LEVEL,DRY,NO DEFECTS,NOT ON SCENE (DESK REPORT),NO INJURY / DRIVE AWAY,"OVER $1,500",2025-03-03T21:45:00.000,FOLLOWING TOO CLOSELY,NOT APPLICABLE,2264,N,MEADE AVE,2512,2,NO INDICATION OF INJURY,0,0,0,0,0,1,0,21,2,3,41.92191924,-87.77823288,POINT (-87.778232875779 41.921919240481),20
f70ec1110c4912a40f2018476aededea997287eb9e8c244f2899ba35d486072d29d3dce8aac9b69e45c6e0cf60ec0e5d57fe791450778e5dd36e4be19dfb99ee,2025/3/3 20:30,30,TRAFFIC SIGNAL,FUNCTIONING PROPERLY,UNKNOWN,"DARKNESS, LIGHTED ROAD",REAR TO FRONT,DIVIDED - W/MEDIAN (NOT RAISED),STRAIGHT AND LEVEL,DRY,NO DEFECTS,ON SCENE,INJURY AND / OR TOW DUE TO CRASH,"OVER $1,500",2025-03-03T20:37:00.000,IMPROPER BACKING,UNABLE TO DETERMINE,4358,W,FULLERTON AVE,2524,2,"REPORTED, NOT EVIDENT",2,0,0,0,2,2,0,20,2,3,41.92447579,-87.73651076,POINT (-87.736510762874 41.924475785985),30
e09a4995701dc542c5850b981ff652312526fbfe2c5c7efb3634f5379b48948e305781fa5b12f8b87a08c1e492b2f3422a12eee7a4b04a174c60eec5cee90108,2025/3/3 20:07,30,STOP SIGN/FLASHER,FUNCTIONING PROPERLY,CLEAR,"DARKNESS, LIGHTED ROAD",ANGLE,NOT DIVIDED,STRAIGHT AND LEVEL,DRY,UNKNOWN,ON SCENE,NO INJURY / DRIVE AWAY,"OVER $1,500",2025-03-03T20:07:00.000,UNDER THE INFLUENCE OF ALCOHOL/DRUGS (USE WHEN ARREST IS EFFECTED),NOT APPLICABLE,4530,W,ROSCOE ST,1731,2,NO INDICATION OF INJURY,0,0,0,0,0,3,0,20,2,3,41.94267914,-87.74077218,POINT (-87.74077218048 41.942679140725),30
13987dd327744430c7d06ba7f4055164d4b1acd95894430556db50c0e5cdb0be692a906e462165d9be297cdbeaa584e27ed423094eda242ddce5d47e3b83dcb2,2025/3/3 20:00,30,TRAFFIC SIGNAL,FUNCTIONING PROPERLY,UNKNOWN,"DARKNESS, LIGHTED ROAD",REAR END,NOT DIVIDED,STRAIGHT AND LEVEL,UNKNOWN,UNKNOWN,ON SCENE,NO INJURY / DRIVE AWAY,"OVER $1,500",2025-03-05T19:30:00.000,UNABLE TO DETERMINE,NOT APPLICABLE,6000,W,HIGGINS AVE,1622,2,NO INDICATION OF INJURY,0,0,0,0,0,2,0,20,2,3,41.97329204,-87.77824229,POINT (-87.778242286984 41.973292044606),30
8a6440492e959f9dfa93b79b26f1891b431081874df65cd147e298e507668b38fb60e6b7087396749c83d7bfcbe552772bdc0d0bf9cebb3e97133a11015cde93,2025/3/3 19:36,30,STOP SIGN/FLASHER,FUNCTIONING PROPERLY,CLEAR,"DARKNESS, LIGHTED ROAD",REAR TO FRONT,DIVIDED - W/MEDIAN (NOT RAISED),STRAIGHT AND LEVEL,DRY,NO DEFECTS,NOT ON SCENE (DESK REPORT),NO INJURY / DRIVE AWAY,"OVER $1,500",2025-03-03T19:51:00.000,IMPROPER BACKING,NOT APPLICABLE,427,E,GARFIELD BLVD,233,2,NO INDICATION OF INJURY,0,0,0,0,0,2,0,19,2,3,41.79438903,-87.61529158,POINT (-87.615291578016 41.794389030723),30
c4ceb5458b97203d5bb1c79837b0c7d95b279fe3b46fb2ba0fbd45dd2f7a5a615cbe50c687adf4732d741c0b79e4ff29221e2ef003608fddeac564b126d9b0c0,2025/3/3 19:30,30,TRAFFIC SIGNAL,FUNCTIONING PROPERLY,CLEAR,"DARKNESS, LIGHTED ROAD",TURNING,FOUR WAY,STRAIGHT AND LEVEL,DRY,NO DEFECTS,ON SCENE,NO INJURY / DRIVE AWAY,"$501 - $1,500",2025-03-03T19:37:00.000,NOT APPLICABLE,NOT APPLICABLE,3500,S,DR MARTIN LUTHER KING JR DR,212,2,NO INDICATION OF INJURY,0,0,0,0,0,2,0,19,2,3,41.83108657,-87.61746054,POINT (-87.617460541867 41.831086574167),30
56532ae77fdb13bcb9c21845bd90503c2dbb6b3f57da6a1cb02209a2d5eef4ec158963341e6152fd9bf3c88391e836cc48b2ea4c043ff45629b60cf870db0187,2025/3/3 19:21,30,TRAFFIC SIGNAL,FUNCTIONING PROPERLY,CLEAR,DUSK,ANGLE,NOT DIVIDED,STRAIGHT AND LEVEL,DRY,UNKNOWN,NOT ON SCENE (DESK REPORT),NO INJURY / DRIVE AWAY,"$501 - $1,500",2025-03-03T19:22:00.000,DISREGARDING TRAFFIC SIGNALS,FAILING TO YIELD RIGHT-OF-WAY,10600,S,AVENUE O,432,2,NO INDICATION OF INJURY,0,0,0,0,0,2,0,19,2,3,41.70266254,-87.54024419,POINT (-87.540244193113 41.702662543523),30
a13427a8a56efdf6ac48419fcecd5369250562a9c147aa5cc2150366962cb22e732f37fa3162c5eeb67ae0259e7323d9b452961afcca522c496a9696d136c7ed,2025/3/3 19:20,30,TRAFFIC SIGNAL,UNKNOWN,UNKNOWN,UNKNOWN,REAR END,NOT DIVIDED,STRAIGHT AND LEVEL,UNKNOWN,UNKNOWN,NOT ON SCENE (DESK REPORT),NO INJURY / DRIVE AWAY,"OVER $1,500",2025-03-05T17:20:00.000,UNABLE TO DETERMINE,NOT APPLICABLE,122,W,83RD ST,622,2,NO INDICATION OF INJURY,0,0,0,0,0,2,0,19,2,3,41.74371091,-87.6279035,POINT (-87.627903495287 41.743710905512),30
8df3de7d7ec4b26201d14adb32f936c01ce28e72e0277a0cae672535af764633b26cd6a2f84d53552808095fd250b82e755cedbcd8118bc17d1adf6c3bed7153,2025/3/3 19:15,30,UNKNOWN,UNKNOWN,CLEAR,DAWN,SIDESWIPE OPPOSITE DIRECTION,UNKNOWN,STRAIGHT AND LEVEL,UNKNOWN,UNKNOWN,NOT ON SCENE (DESK REPORT),NO INJURY / DRIVE AWAY,"OVER $1,500",2025-03-03T19:45:00.000,UNABLE TO DETERMINE,UNABLE TO DETERMINE,4700,S,MICHIGAN AVE,224,3,NO INDICATION OF INJURY,0,0,0,0,0,3,0,19,2,3,41.80919351,-87.62297931,POINT (-87.62297930642 41.809193513201),30
aa6ab1fc337a30f6da1ea02daaf584d9ceeb7e118acec51dad5dbab8007b8fc9b48c22d7c96e3985e4590c1ad0ead60d412e06a85a5570cd4ce5d89dfd4dd6dd,2025/3/3 19:15,30,TRAFFIC SIGNAL,FUNCTIONING PROPERLY,CLEAR,"DARKNESS, LIGHTED ROAD",ANGLE,NOT DIVIDED,STRAIGHT AND LEVEL,DRY,NO DEFECTS,NOT ON SCENE (DESK REPORT),NO INJURY / DRIVE AWAY,"OVER $1,500",2025-03-03T20:41:00.000,FAILING TO YIELD RIGHT-OF-WAY,UNABLE TO DETERMINE,803,W,MARQUETTE RD,723,2,NO INDICATION OF INJURY,0,0,0,0,0,2,0,19,2,3,41.77236026,-87.64473877,POINT (-87.644738773318 41.772360261656),30
48d295543ff089e80be185930547606e9ca030b74fbadc5ac77b9bdc37acbc62523d799b444aa91f3c00d4271544e224425333743132d3e9710795788280a4f0,2025/3/3 18:54,30,NO CONTROLS,NO CONTROLS,CLEAR,"DARKNESS, LIGHTED ROAD",TURNING,DIVIDED - W/MEDIAN (NOT RAISED),STRAIGHT AND LEVEL,DRY,NO DEFECTS,ON SCENE,INJURY AND / OR TOW DUE TO CRASH,"OVER $1,500",2025-03-03T18:54:00.000,IMPROPER TURNING/NO SIGNAL,DISREGARDING ROAD MARKINGS,770,W,CHICAGO AVE,1213,2,NO INDICATION OF INJURY,0,0,0,0,0,2,0,18,2,3,41.89650565,-87.64765458,POINT (-87.647654579153 41.896505646882),30
9c27ad070bc9e5ec730265f328bd2f6db757f781f8bfa556094fb88d4d1e853b2435c937d7f79e76015ec7756f1380ea609c7d1cbf8a1c09e7901536778085e9,2025/3/3 18:50,20,STOP SIGN/FLASHER,FUNCTIONING PROPERLY,CLEAR,DAWN,TURNING,FOUR WAY,STRAIGHT AND LEVEL,DRY,NO DEFECTS,ON SCENE,NO INJURY / DRIVE AWAY,"OVER $1,500",2025-03-03T19:45:00.000,FAILING TO YIELD RIGHT-OF-WAY,UNABLE TO DETERMINE,7701,S,LOOMIS BLVD,612,2,NO INDICATION OF INJURY,0,0,0,0,0,2,0,18,2,3,41.75397562,-87.65853489,POINT (-87.658534887385 41.753975623721),20
05394eb2b81ba88eeece56a8ebb93f7f0f9a2fbbe7cc80efd90b49a805f51285adcb14ecbbee9455aaf08c030d8a34f80b2d8c9f1a3efe1069ef819b469d7bfa,2025/3/3 18:49,30,STOP SIGN/FLASHER,FUNCTIONING PROPERLY,CLEAR,"DARKNESS, LIGHTED ROAD",PEDALCYCLIST,FOUR WAY,STRAIGHT AND LEVEL,DRY,UNKNOWN,ON SCENE,INJURY AND / OR TOW DUE TO CRASH,"OVER $1,500",2025-03-03T18:57:00.000,DISREGARDING STOP SIGN,NOT APPLICABLE,1439,E,76TH ST,411,2,NONINCAPACITATING INJURY,1,0,0,1,0,1,0,18,2,3,41.75680839,-87.5892226,POINT (-87.589222598104 41.75680838533),30
9623dada357b3d1b839da0cdbf4eeea6d1cb1e1c3e53c13a815fd857a434dfe258e749898d75dbd6a54cdc33723b83df2d722b1bbb9fb198339764048eb74a81,2025/3/3 18:45,25,UNKNOWN,UNKNOWN,UNKNOWN,UNKNOWN,PARKED MOTOR VEHICLE,ONE-WAY,STRAIGHT AND LEVEL,UNKNOWN,UNKNOWN,NOT ON SCENE (DESK REPORT),NO INJURY / DRIVE AWAY,"OVER $1,500",2025-03-03T19:20:00.000,UNABLE TO DETERMINE,NOT APPLICABLE,4948,W,ERIE ST,1532,2,NO INDICATION OF INJURY,0,0,0,0,0,1,0,18,2,3,41.89233983,-87.75010789,POINT (-87.75010789003 41.892339829841),25
4a53935911e79ce307dcce0503790d056b9de1a76aee342855e1ef2933c0791ffbde1cfe6c71b0c0478bcc886a2e6a5d5e7d9c850ed829a067b071d8f4b3ed2f,2025/3/3 18:40,30,NO CONTROLS,NO CONTROLS,CLEAR,"DARKNESS, LIGHTED ROAD",REAR END,NOT DIVIDED,STRAIGHT AND LEVEL,DRY,NO DEFECTS,ON SCENE,INJURY AND / OR TOW DUE TO CRASH,"OVER $1,500",2025-03-03T19:10:00.000,FOLLOWING TOO CLOSELY,FOLLOWING TOO CLOSELY,1837,W,79TH ST,611,2,NONINCAPACITATING INJURY,1,0,0,1,0,2,0,18,2,3,41.75016383,-87.66972073,POINT (-87.669720727619 41.750163828829),30
c888680268fc0f89c2df9fd12426958e86c9a8efc1cd16d495e0df51ec0b3b0d718dc15fc8da843724561d87d17da7d52752893f2fc593971cc8ce6fb052c889,2025/3/3 18:40,30,UNKNOWN,UNKNOWN,UNKNOWN,UNKNOWN,SIDESWIPE SAME DIRECTION,DIVIDED - W/MEDIAN (NOT RAISED),STRAIGHT AND LEVEL,UNKNOWN,UNKNOWN,NOT ON SCENE (DESK REPORT),NO INJURY / DRIVE AWAY,"$501 - $1,500",2025-03-05T19:10:00.000,UNABLE TO DETERMINE,NOT APPLICABLE,5598,N,BROADWAY,2013,2,NO INDICATION OF INJURY,0,0,0,0,0,2,0,18,2,3,41.98352868,-87.6602132,POINT (-87.660213201832 41.98352867595),30
ec70a428e7f8bef655e0a69aa373235dabc6f172181225973ebe0af1135adfab930015dce12dc8530a88cb2678144577c4bbe8d950c7baf4daf430d67af9acb8,2025/3/3 18:40,30,TRAFFIC SIGNAL,FUNCTIONING PROPERLY,CLEAR,"DARKNESS, LIGHTED ROAD",TURNING,DIVIDED - W/MEDIAN (NOT RAISED),STRAIGHT AND LEVEL,DRY,NO DEFECTS,ON SCENE,INJURY AND / OR TOW DUE TO CRASH,"OVER $1,500",2025-03-03T18:45:00.000,FAILING TO YIELD RIGHT-OF-WAY,NOT APPLICABLE,5200,W,IRVING PARK RD,1624,2,"REPORTED, NOT EVIDENT",1,0,0,0,1,1,0,18,2,3,41.95340625,-87.75727589,POINT (-87.757275887138 41.953406251096),30
f5fce6afb9974c2f565854c1839c06ff61bd29d8ca107ea84bb24e68b76a6a0fe67587e6eb135473bb28ee22d073ffcfd430b6bda9495b54b4dc6758704f10fa,2025/3/3 18:30,30,NO CONTROLS,NO CONTROLS,CLEAR,"DARKNESS, LIGHTED ROAD",SIDESWIPE SAME DIRECTION,NOT DIVIDED,STRAIGHT AND LEVEL,DRY,NO DEFECTS,ON SCENE,INJURY AND / OR TOW DUE TO CRASH,"$501 - $1,500",2025-03-03T18:30:00.000,IMPROPER OVERTAKING/PASSING,NOT APPLICABLE,4900,S,KEDZIE AVE,821,2,NO INDICATION OF INJURY,0,0,0,0,0,2,0,18,2,3,41.80432592,-87.70401264,POINT (-87.704012636283 41.804325921559),30
5c6de2d159b609ed11458c1a9630b4e8daff74cdc7fb01871ca02b537b368fbe329418325173e739e058a3e3fd837b25094d69b7b485ad12626a0bab7ccb0dc5,2025/3/3 18:25,25,TRAFFIC SIGNAL,FUNCTIONING PROPERLY,CLEAR,"DARKNESS, LIGHTED ROAD",TURNING,DIVIDED - W/MEDIAN (NOT RAISED),STRAIGHT AND LEVEL,DRY,WORN SURFACE,ON SCENE,NO INJURY / DRIVE AWAY,"OVER $1,500",2025-03-03T18:32:00.000,IMPROPER TURNING/NO SIGNAL,NOT APPLICABLE,829,N,MICHIGAN AVE,1833,2,NO INDICATION OF INJURY,0,0,0,0,0,2,0,18,2,3,41.8975267,-87.62398758,POINT (-87.623987575215 41.897526698563),25
310c429c4c40da43e096bcb661a1364c2970758ddb79c1ffb1b3c4bf8e6bd768f168aa50ce4eca992f74fdefaa26bd0d34a6202455d1ed3c028bcbe7de5c024d,2025/3/3 18:20,30,NO CONTROLS,NO CONTROLS,CLEAR,"DARKNESS, LIGHTED ROAD",TURNING,DIVIDED - W/MEDIAN (NOT RAISED),STRAIGHT AND LEVEL,UNKNOWN,UNKNOWN,ON SCENE,NO INJURY / DRIVE AWAY,"OVER $1,500",2025-03-03T18:20:00.000,FAILING TO YIELD RIGHT-OF-WAY,FAILING TO YIELD RIGHT-OF-WAY,6401,N,SHERIDAN RD,2432,2,NO INDICATION OF INJURY,0,0,0,0,0,2,0,18,2,3,41.99830881,-87.65969638,POINT (-87.659696383256 41.99830880639),30
008eba7d97f6f2354e7ccd84a2deb0df1851b5899d4a8a6e41ead44e0a02c418a894681a746377ce60f0f7ce4a79db67c71afc84c0b1f32c35f3c501f925b8e4,2025/3/3 18:18,15,NO CONTROLS,NO CONTROLS,CLEAR,DARKNESS,PEDALCYCLIST,NOT DIVIDED,STRAIGHT AND LEVEL,DRY,NO DEFECTS,ON SCENE,INJURY AND / OR TOW DUE TO CRASH,"OVER $1,500",2025-03-03T18:18:00.000,IMPROPER LANE USAGE,IMPROPER TURNING/NO SIGNAL,727,S,CALIFORNIA AVE,1135,2,NONINCAPACITATING INJURY,2,0,0,2,0,0,0,18,2,3,41.87202103,-87.69590403,POINT (-87.695904034729 41.872021028799),15
51adfe5c4335e8a5b63c8bf31fc4f26b2b23f9708a556e93f98ab59b579b40a1aefafbbe36a851101bf0b6e7f64c650ea416825ee18339aabe05b786c72d1561,2025/3/3 18:09,30,TRAFFIC SIGNAL,UNKNOWN,CLEAR,DUSK,SIDESWIPE SAME DIRECTION,DIVIDED - W/MEDIAN (NOT RAISED),STRAIGHT AND LEVEL,UNKNOWN,UNKNOWN,NOT ON SCENE (DESK REPORT),NO INJURY / DRIVE AWAY,"$501 - $1,500",2025-03-04T18:10:00.000,UNABLE TO DETERMINE,NOT APPLICABLE,6197,N,SHERIDAN RD,2433,2,NO INDICATION OF INJURY,0,0,0,0,0,2,0,18,2,3,41.99448844,-87.65537464,POINT (-87.655374635832 41.994488444474),30
7198a652c52f8740c4cdda99d8325a1515f36a01e42a450ff12f99bc07ab1b328ab9297ec585e9afd5214a31ef2073df701890ece1568d4f66d378af2ef5b350,2025/3/3 18:02,25,TRAFFIC SIGNAL,FUNCTIONING PROPERLY,CLEAR,"DARKNESS, LIGHTED ROAD",ANGLE,NOT DIVIDED,STRAIGHT AND LEVEL,DRY,NO DEFECTS,ON SCENE,INJURY AND / OR TOW DUE TO CRASH,"OVER $1,500",2025-03-03T18:02:00.000,UNABLE TO DETERMINE,NOT APPLICABLE,7400,S,DAMEN AVE,735,3,NO INDICATION OF INJURY,0,0,0,0,0,4,0,18,2,3,41.75923903,-87.67353683,POINT (-87.673536832185 41.759239025043),25
89ef79461b935558a0bd27f8df45eeb30ebc21d0fb6cf0d076693f767c9ff3017fa31714a3cc9bc2a9d356bafd0f95075d68652d993c589fdeba28d40f9940de,2025/3/3 18:00,30,STOP SIGN/FLASHER,NO CONTROLS,CLEAR,DAYLIGHT,PARKED MOTOR VEHICLE,NOT DIVIDED,STRAIGHT AND LEVEL,DRY,NO DEFECTS,NOT ON SCENE (DESK REPORT),NO INJURY / DRIVE AWAY,"OVER $1,500",2025-03-03T19:38:00.000,IMPROPER OVERTAKING/PASSING,IMPROPER TURNING/NO SIGNAL,1,E,70TH ST,322,2,NO INDICATION OF INJURY,0,0,0,0,0,1,0,18,2,3,41.76722519,-87.62483007,POINT (-87.624830073389 41.767225187076),30
a048080637980cb6e39b9ad7fe8362b7c6d2ace94af3b8d7f44d3a4cc580adb570726b6a2de077675294fa00572f654d7b3a3e6c8fad8ef75a5788870a074a2b,2025/3/3 17:58,30,STOP SIGN/FLASHER,UNKNOWN,CLEAR,"DARKNESS, LIGHTED ROAD",ANGLE,ONE-WAY,STRAIGHT AND LEVEL,DRY,UNKNOWN,ON SCENE,INJURY AND / OR TOW DUE TO CRASH,"OVER $1,500",2025-03-03T17:58:00.000,UNABLE TO DETERMINE,UNABLE TO DETERMINE,928,E,MARQUETTE RD,321,2,NONINCAPACITATING INJURY,1,0,0,1,0,1,0,17,2,3,41.77510854,-87.60221666,POINT (-87.6022166644 41.775108544326),30