crash_record_id,crash_date,posted_speed_limit,traffic_control_device,device_condition,weather_condition,lighting_condition,first_crash_type,trafficway_type,alignment,roadway_surface_cond,road_defect,report_type,crash_type,damage,date_police_notified,prim_contributory_cause,sec_contributory_cause,street_no,street_direction,street_name,beat_of_occurrence,num_units,most_severe_injury,injuries_total,injuries_fatal,injuries_incapacitating,injuries_non_incapacitating,injuries_reported_not_evident,injuries_no_indication,injuries_unknown,crash_hour,crash_day_of_week,crash_month,latitude,longitude,location,speed_limit
9b72ed5e9cf493d25a41c2dc5e5272cb1936f3bacc1d8f022b688ad29e74dc774c5a4a8911c585066480444abeaf5f2f2b32d17ba8340a81d9c8676e2348a42d,2025/3/3 17:57,30,NO CONTROLS,NO CONTROLS,CLEAR,DARKNESS,PARKED MOTOR VEHICLE,PARKING LOT,STRAIGHT AND LEVEL,DRY,NO DEFECTS,ON SCENE,NO INJURY / DRIVE AWAY,"OVER $1,500",2025-03-03T18:30:00.000,FOLLOWING TOO CLOSELY,NOT APPLICABLE,4257,W,26TH ST,1031,2,NO INDICATION OF INJURY,0,0,0,0,0,1,0,17,2,3,41.8440439,-87.73172655,POINT (-87.731726551985 41.844043895663),30
b15ed68898dd82f1fcf5811c56cb24a4aa4b43969c3a6db5e63017e180d9a88a3a9cea508c8c646db434c6cdf4d7e9a041ee7c7ebfc42337f099f1de6a3370f9,2025/3/3 17:55,30,NO CONTROLS,NO CONTROLS,CLEAR,DAYLIGHT,PARKED MOTOR VEHICLE,NOT DIVIDED,STRAIGHT AND LEVEL,UNKNOWN,UNKNOWN,NOT ON SCENE (DESK REPORT),NO INJURY / DRIVE AWAY,"$501 - $1,500",2025-03-03T18:30:00.000,UNABLE TO DETERMINE,UNABLE TO DETERMINE,5866,N,RIDGE AVE,2013,2,NO INDICATION OF INJURY,0,0,0,0,0,1,0,17,2,3,41.98834911,-87.66801569,POINT (-87.668015688755 41.988349109046),30
d1d18e89ad8b5048d40e80937bd442cf89b5f2bceeecf0f7273e385375e6fbc4787438c5274a5f1b6d3dcea404c8b9a11d477adb567abac61bde093caa0facd3,2025/3/3 17:55,30,NO CONTROLS,NO CONTROLS,CLEAR,DARKNESS,PEDESTRIAN,NOT DIVIDED,STRAIGHT AND LEVEL,DRY,NO DEFECTS,ON SCENE,INJURY AND / OR TOW DUE TO CRASH,$500 OR LESS,2025-03-03T18:01:00.000,DISREGARDING YIELD SIGN,NOT APPLICABLE,758,N,KEDZIE AVE,1121,2,NONINCAPACITATING INJURY,1,0,0,1,0,2,0,17,2,3,41.89545927,-87.7067002,POINT (-87.706700200923 41.8954592749),30
c3e0da9a1d5eaff4bc40f5317af0db02217a5d4c4fea355dc4afdd93ed4c54169fae94f259b71065129379877fae36115e8f774fb9328f3f1a2dd79ab7c02bd5,2025/3/3 17:50,10,NO CONTROLS,NO CONTROLS,CLEAR,DUSK,PARKED MOTOR VEHICLE,PARKING LOT,STRAIGHT AND LEVEL,DRY,UNKNOWN,ON SCENE,NO INJURY / DRIVE AWAY,"OVER $1,500",2025-03-03T17:51:00.000,FAILING TO REDUCE SPEED TO AVOID CRASH,DRIVING SKILLS/KNOWLEDGE/EXPERIENCE,7342,W,FOSTER AVE,1613,3,NO INDICATION OF INJURY,0,0,0,0,0,1,0,17,2,3,41.97454295,-87.81134688,POINT (-87.811346884218 41.974542947709),10
2c8bc32db81922215e6c8625347ec458edcc234e648ca3d6d7876251af5be64958ffdfdf5b6cdd5a3021e06179c38be82436483049af92a9fc2be20c774b0fc9,2025/3/3 17:47,30,NO CONTROLS,FUNCTIONING PROPERLY,CLEAR,"DARKNESS, LIGHTED ROAD",TURNING,DIVIDED - W/MEDIAN (NOT RAISED),STRAIGHT AND LEVEL,DRY,NO DEFECTS,ON SCENE,INJURY AND / OR TOW DUE TO CRASH,"OVER $1,500",2025-03-03T17:47:00.000,RELATED TO BUS STOP,IMPROPER TURNING/NO SIGNAL,3101,W,ROOSEVELT RD,1022,2,NONINCAPACITATING INJURY,1,0,0,1,0,5,0,17,2,3,41.86632009,-87.70326012,POINT (-87.703260124704 41.866320086912),30
b27af78d79a9f6c6abc614ee859dbff1171e6f8659c9e9510c5e5b1747927e0f877c7712920da4fef30930a608eb29b55907eda882c8b99ea2ba1f43422141e8,2025/3/3 17:35,30,TRAFFIC SIGNAL,UNKNOWN,CLEAR,DUSK,REAR END,DIVIDED - W/MEDIAN BARRIER,STRAIGHT AND LEVEL,DRY,UNKNOWN,ON SCENE,NO INJURY / DRIVE AWAY,"OVER $1,500",2025-03-03T17:53:00.000,UNABLE TO DETERMINE,NOT APPLICABLE,51,W,71ST ST,731,2,NO INDICATION OF INJURY,0,0,0,0,0,2,0,17,2,3,41.76533463,-87.62694891,POINT (-87.626948908777 41.765334628007),30
42dfe0ae1396fe6676b90f87ab561f2d61d8928b9aa7ab8987f71527ca3a2f75186cf11a4549cc3bbbb357b4edb1f129829d243724c04ed7cfa56d7cc392b1b9,2025/3/3 17:23,30,NO CONTROLS,NO CONTROLS,CLEAR,DAYLIGHT,SIDESWIPE SAME DIRECTION,NOT DIVIDED,STRAIGHT AND LEVEL,DRY,NO DEFECTS,ON SCENE,NO INJURY / DRIVE AWAY,"OVER $1,500",2025-03-03T17:28:00.000,FAILING TO YIELD RIGHT-OF-WAY,UNABLE TO DETERMINE,2268,N,MILWAUKEE AVE,1431,2,NO INDICATION OF INJURY,0,0,0,0,0,3,0,17,2,3,41.92213165,-87.69633423,POINT (-87.696334227339 41.922131645136),30
9b392bb641ede72d764d7775c9177cae01d7aa5e0255c715007d9b6dff9bb7643334ade56c0d28ed9ae843d89114351121e7c70c04441980170f03a7b92d61d3,2025/3/3 17:22,30,NO CONTROLS,NO CONTROLS,CLEAR,DAYLIGHT,PEDESTRIAN,NOT DIVIDED,STRAIGHT AND LEVEL,DRY,NO DEFECTS,ON SCENE,INJURY AND / OR TOW DUE TO CRASH,"OVER $1,500",2025-03-03T17:32:00.000,NOT APPLICABLE,NOT APPLICABLE,1221,N,CLYBOURN AVE,1821,2,NONINCAPACITATING INJURY,1,0,0,1,0,1,0,17,2,3,41.9043173,-87.64011676,POINT (-87.640116760762 41.904317299868),30
2b49a718d107cf3b48e8127a524bba3ad41897fb68a9c737d6ce830f176fd81a83676dd167fba8a0bc1353a79e647f120b2bdcb73d3faa0445e0ba154df43411,2025/3/3 17:15,25,STOP SIGN/FLASHER,FUNCTIONING PROPERLY,CLEAR,DUSK,REAR END,NOT DIVIDED,STRAIGHT AND LEVEL,DRY,NO DEFECTS,ON SCENE,NO INJURY / DRIVE AWAY,"OVER $1,500",2025-03-03T17:15:00.000,FOLLOWING TOO CLOSELY,FOLLOWING TOO CLOSELY,2933,N,HALSTED ST,1934,3,NO INDICATION OF INJURY,0,0,0,0,0,4,0,17,2,3,41.93552257,-87.64896279,POINT (-87.648962794103 41.93552257332),25
defad481532ec08eee465559a628572b1e1a2c46a773bba13f3e1304b588decfe75ffc8e1c3fd02e6e2ee88fa6312b0fb206461ca6b876e9fdee1c881711784d,2025/3/3 17:13,25,NO CONTROLS,NO CONTROLS,CLEAR,DAYLIGHT,SIDESWIPE SAME DIRECTION,NOT DIVIDED,STRAIGHT AND LEVEL,DRY,UNKNOWN,ON SCENE,NO INJURY / DRIVE AWAY,$500 OR LESS,2025-03-03T17:14:00.000,UNABLE TO DETERMINE,UNABLE TO DETERMINE,1740,W,GREENLEAF AVE,2423,2,NO INDICATION OF INJURY,0,0,0,0,0,2,0,17,2,3,42.01031116,-87.6740325,POINT (-87.674032496876 42.010311160823),25
8f22f5bb8ff03726b29e416dc6f4267ef84f525825da76ba9a9f639cbf315fde7856bf16b8f804398a780173533dcbd86eb98ce061d91e3d6e41f1aecef5c9a1,2025/3/3 17:11,30,NO CONTROLS,NO CONTROLS,CLEAR,DAYLIGHT,REAR END,FOUR WAY,STRAIGHT AND LEVEL,DRY,NO DEFECTS,ON SCENE,INJURY AND / OR TOW DUE TO CRASH,"OVER $1,500",2025-03-03T17:15:00.000,UNABLE TO DETERMINE,UNABLE TO DETERMINE,10001,S,HALSTED ST,2232,2,"REPORTED, NOT EVIDENT",2,0,0,0,2,1,0,17,2,3,41.71228427,-87.64282331,POINT (-87.642823313119 41.712284266804),30
2b5f12df36016130f2a8e0eb401294aa8f70c7ef56a9e8c84e2adbfb3e0ea89b62676eb283bf6b8a6cabf5a58678a099fc18e876f07abdae763f09a4ab95b7d7,2025/3/3 17:00,30,UNKNOWN,UNKNOWN,UNKNOWN,UNKNOWN,SIDESWIPE SAME DIRECTION,NOT DIVIDED,STRAIGHT AND LEVEL,UNKNOWN,UNKNOWN,NOT ON SCENE (DESK REPORT),INJURY AND / OR TOW DUE TO CRASH,"$501 - $1,500",2025-03-03T20:30:00.000,UNABLE TO DETERMINE,NOT APPLICABLE,4832,S,KEDZIE AVE,821,2,NO INDICATION OF INJURY,0,0,0,0,0,2,0,17,2,3,41.80530314,-87.70404138,POINT (-87.704041381257 41.805303141495),30
9fe659a78ca832066be7fee66490ee8ed93a6d2036e1a283b04120e09fa8c304c01eb2423e95e904fe74f58c333df2b35f74b69f689e6f9b98f6348f172632b9,2025/3/3 17:00,20,NO CONTROLS,NO CONTROLS,CLEAR,DAYLIGHT,PARKED MOTOR VEHICLE,NOT DIVIDED,STRAIGHT AND LEVEL,DRY,NO DEFECTS,NOT ON SCENE (DESK REPORT),NO INJURY / DRIVE AWAY,"OVER $1,500",2025-03-04T10:30:00.000,UNABLE TO DETERMINE,UNABLE TO DETERMINE,10415,S,HOYNE AVE,2212,2,NO INDICATION OF INJURY,0,0,0,0,0,1,0,17,2,3,41.70417848,-87.67415131,POINT (-87.674151307076 41.704178480001),20
def1eba491eecd6da21b28c3fcb769f56ac3e485b3823a24614c279571658fb5654cc33f4070642431e3da33a4d33f9f1d53f9960c0231ff5b85d0c054ae3f1b,2025/3/3 17:00,30,TRAFFIC SIGNAL,FUNCTIONING PROPERLY,CLEAR,DAYLIGHT,REAR END,DIVIDED - W/MEDIAN (NOT RAISED),STRAIGHT AND LEVEL,DRY,NO DEFECTS,NOT ON SCENE (DESK REPORT),NO INJURY / DRIVE AWAY,"OVER $1,500",2025-03-03T17:15:00.000,IMPROPER LANE USAGE,UNABLE TO DETERMINE,4137,N,ELSTON AVE,1723,2,NO INDICATION OF INJURY,0,0,0,0,0,2,0,17,2,3,41.9561262,-87.72248283,POINT (-87.722482826292 41.956126201479),30
e4b7302ba950ca76c52ccd18281b24252dd05273de084e43724828f6f4cc71d7ffd84e2251a049a589e9e4b42f31fbe2e70eb4ae97d44cd7a719854bbe5181f6,2025/3/3 17:00,30,UNKNOWN,UNKNOWN,UNKNOWN,UNKNOWN,ANGLE,NOT DIVIDED,STRAIGHT AND LEVEL,UNKNOWN,UNKNOWN,NOT ON SCENE (DESK REPORT),NO INJURY / DRIVE AWAY,"OVER $1,500",2025-03-05T16:00:00.000,UNABLE TO DETERMINE,UNABLE TO DETERMINE,1360,W,FULLERTON AVE,1932,2,NO INDICATION OF INJURY,0,0,0,0,0,2,0,17,2,3,41.92533375,-87.66290234,POINT (-87.662902344491 41.92533374557),30
30131d2a1f09558bed05e86e0fb8c213a0ec511a7cf60e7a6bfe473e940f29bbb7f68c8b22c8b8756f914c763822ead368c58281c0a5d11d558416b1340c6b44,2025/3/3 16:55,30,STOP SIGN/FLASHER,FUNCTIONING PROPERLY,CLEAR,DAYLIGHT,ANGLE,NOT DIVIDED,STRAIGHT AND LEVEL,DRY,NO DEFECTS,ON SCENE,INJURY AND / OR TOW DUE TO CRASH,"OVER $1,500",2025-03-03T17:00:00.000,FAILING TO YIELD RIGHT-OF-WAY,FAILING TO YIELD RIGHT-OF-WAY,400,W,79TH ST,621,2,NO INDICATION OF INJURY,0,0,0,0,0,4,0,16,2,3,41.75088907,-87.63429911,POINT (-87.634299107033 41.750889068612),30
440bba4cca10903cf2ab9d7c209f9e458ca37aa14e94db130c5b589ed938ea3144a0bb8f97c3427259d138001c57b492ca2022afb388f01bea1b480c7be9498b,2025/3/3 16:44,30,TRAFFIC SIGNAL,FUNCTIONING PROPERLY,CLEAR,DAYLIGHT,TURNING,FOUR WAY,STRAIGHT AND LEVEL,DRY,UNKNOWN,ON SCENE,INJURY AND / OR TOW DUE TO CRASH,"OVER $1,500",2025-03-03T16:45:00.000,DRIVING SKILLS/KNOWLEDGE/EXPERIENCE,NOT APPLICABLE,4700,S,LAKE PARK AVE,222,2,"REPORTED, NOT EVIDENT",1,0,0,0,1,1,0,16,2,3,41.80953478,-87.59245022,POINT (-87.592450223394 41.809534780826),30
ed6ad14dc732190c33d4d2b814f5f8e3a5336e17d087b78b182c270f7e0f9b6c8f6f52b488e717b9139c2c432f74020b78db2f634c98019ae4e37a9654dd3246,2025/3/3 16:43,30,NO CONTROLS,NO CONTROLS,CLEAR,DAYLIGHT,REAR END,DIVIDED - W/MEDIAN (NOT RAISED),STRAIGHT AND LEVEL,DRY,NO DEFECTS,ON SCENE,NO INJURY / DRIVE AWAY,$500 OR LESS,2025-03-03T16:43:00.000,FAILING TO REDUCE SPEED TO AVOID CRASH,NOT APPLICABLE,6498,S,KEDZIE AVE,823,2,NO INDICATION OF INJURY,0,0,0,0,0,4,0,16,2,3,41.77536509,-87.70320044,POINT (-87.703200444368 41.775365089204),30
acfccdb4167dea93be5db86c4da4f169aa9dc3193fb39f50003b77d907ccb1feb742e286917c628b20a88d572960ae7c60cd77fbdb0da5fa26e044ab55713171,2025/3/3 16:40,35,TRAFFIC SIGNAL,FUNCTIONING PROPERLY,CLEAR,DUSK,ANGLE,FOUR WAY,STRAIGHT AND LEVEL,DRY,NO DEFECTS,ON SCENE,INJURY AND / OR TOW DUE TO CRASH,"OVER $1,500",2025-03-03T16:45:00.000,UNABLE TO DETERMINE,NOT APPLICABLE,44,E,GARFIELD BLVD,225,2,NO INDICATION OF INJURY,0,0,0,0,0,5,0,16,2,3,41.79477297,-87.62417243,POINT (-87.624172426739 41.79477297493),35
aef6a997043a86f6413c1d5c6341f72043060c0d9230eb931e3c3370d942ed7577ee6924b89a0006adbf2c17e0568173e1c514790dbbffb5f570d325b2111f62,2025/3/3 16:36,30,NO CONTROLS,NO CONTROLS,CLEAR,DAYLIGHT,SIDESWIPE SAME DIRECTION,NOT DIVIDED,STRAIGHT AND LEVEL,DRY,NO DEFECTS,ON SCENE,NO INJURY / DRIVE AWAY,"OVER $1,500",2025-03-03T16:37:00.000,IMPROPER LANE USAGE,UNABLE TO DETERMINE,4430,W,LAWRENCE AVE,1712,2,NO INDICATION OF INJURY,0,0,0,0,0,4,0,16,2,3,41.96823026,-87.73922718,POINT (-87.739227176711 41.968230257871),30
b7da67116fda86519a78f0c977c02a70f255870a7b2fd7a72070140044267644c172257890eec9abc7b110a90249f35a6d0a9ac262bf3b31da5c25d9674f79ef,2025/3/3 16:35,30,TRAFFIC SIGNAL,FUNCTIONING PROPERLY,CLEAR,DAYLIGHT,PEDALCYCLIST,NOT DIVIDED,STRAIGHT AND LEVEL,DRY,NO DEFECTS,ON SCENE,INJURY AND / OR TOW DUE TO CRASH,"$501 - $1,500",2025-03-03T16:37:00.000,DISREGARDING TRAFFIC SIGNALS,DRIVING SKILLS/KNOWLEDGE/EXPERIENCE,1800,S,STATE ST,131,2,NONINCAPACITATING INJURY,1,0,0,1,0,1,0,16,2,3,41.85774485,-87.62734138,POINT (-87.627341378293 41.857744853451),30
7be05f5c333325d136ed9d40ba37a8e5d8c0c20640a73975cb3695a2df0d9bce0683a1f43bc01e09bc0cc1f37a3da85adb24e9b666a5a44356404127b71b0967,2025/3/3 16:30,30,TRAFFIC SIGNAL,FUNCTIONING PROPERLY,CLEAR,DAYLIGHT,PEDALCYCLIST,DIVIDED - W/MEDIAN (NOT RAISED),STRAIGHT AND LEVEL,DRY,UNKNOWN,NOT ON SCENE (DESK REPORT),NO INJURY / DRIVE AWAY,"OVER $1,500",2025-03-03T17:20:00.000,FAILING TO YIELD RIGHT-OF-WAY,FAILING TO YIELD RIGHT-OF-WAY,2600,S,WENTWORTH AVE,914,2,NO INDICATION OF INJURY,0,0,0,0,0,2,0,16,2,3,41.84549494,-87.63197043,POINT (-87.631970431289 41.845494943967),30
aa62728fd64b3159ea51ee88cfe870d076cf24bc4f16a9272179c3ff3d0f043d2396ba77940688d8f67e313e7ca52a6bd05c4b363abe5988cf453322295e38f6,2025/3/3 16:30,30,NO CONTROLS,NO CONTROLS,CLEAR,DAYLIGHT,PARKED MOTOR VEHICLE,NOT DIVIDED,STRAIGHT AND LEVEL,DRY,UNKNOWN,NOT ON SCENE (DESK REPORT),NO INJURY / DRIVE AWAY,"OVER $1,500",2025-03-03T17:22:00.000,UNABLE TO DETERMINE,NOT APPLICABLE,1647,E,84TH ST,412,2,NO INDICATION OF INJURY,0,0,0,0,0,1,0,16,2,3,41.74230099,-87.58344718,POINT (-87.583447184545 41.74230099404),30
e147a9e695e196374bb9b1cafc7f8b984405a309ac8d30fb4eb1d5d93493663a064651337e85283dfd2da8274d1e20a5efbf5eee8031b158dddd11e5941d93c3,2025/3/3 16:30,30,TRAFFIC SIGNAL,FUNCTIONING PROPERLY,CLEAR,DAYLIGHT,REAR END,NOT DIVIDED,STRAIGHT AND LEVEL,DRY,NO DEFECTS,NOT ON SCENE (DESK REPORT),NO INJURY / DRIVE AWAY,"OVER $1,500",2025-03-03T17:00:00.000,FOLLOWING TOO CLOSELY,UNABLE TO DETERMINE,5435,N,HARLEM AVE,1613,2,NO INDICATION OF INJURY,0,0,0,0,0,2,0,16,2,3,41.98020323,-87.80683112,POINT (-87.806831118316 41.980203233751),30
82d5b8c657ce8e8fc90e990617df173b6fde3b15519bd4dbf6eb8fae215f4ea92acf45951ec52a453281a6f70bab4348ab995b9340ea64fa83d0cbbb51cb4558,2025/3/3 16:29,30,NO CONTROLS,NO CONTROLS,CLEAR,DAYLIGHT,ANGLE,NOT DIVIDED,STRAIGHT AND LEVEL,DRY,NO DEFECTS,NOT ON SCENE (DESK REPORT),NO INJURY / DRIVE AWAY,"OVER $1,500",2025-03-03T18:05:00.000,UNABLE TO DETERMINE,UNABLE TO DETERMINE,2198,W,CERMAK RD,1234,2,NO INDICATION OF INJURY,0,0,0,0,0,2,0,16,2,3,41.85221004,-87.68062354,POINT (-87.680623540438 41.852210042255),30
31acfaf3a700cc3fd678768b1191d96d825ab1b943eddef7725bee867a73940e696dc3e6391835291d1eef94b0574a0c0b6d1c6b4acde34391061fe3449a2ed5,2025/3/3 16:25,30,TRAFFIC SIGNAL,FUNCTIONING PROPERLY,CLEAR,DAYLIGHT,REAR END,NOT DIVIDED,STRAIGHT AND LEVEL,DRY,NO DEFECTS,NOT ON SCENE (DESK REPORT),NO INJURY / DRIVE AWAY,"$501 - $1,500",2025-03-03T17:20:00.000,UNABLE TO DETERMINE,NOT APPLICABLE,1561,E,93RD ST,413,2,NO INDICATION OF INJURY,0,0,0,0,0,2,0,16,2,3,41.72587101,-87.58603915,POINT (-87.586039147316 41.725871006479),30
b557522f61693515263843651c9e2e0ba8a9e3e4b332cdee02d4cc35d93a3c7b690fabeb41a6d5e07d34b408ebe04616453c9b16ba415aa30b1e6e74811e41b5,2025/3/3 16:20,30,TRAFFIC SIGNAL,FUNCTIONING PROPERLY,CLEAR,DAYLIGHT,REAR END,NOT DIVIDED,STRAIGHT AND LEVEL,DRY,NO DEFECTS,ON SCENE,INJURY AND / OR TOW DUE TO CRASH,"OVER $1,500",2025-03-03T16:21:00.000,FOLLOWING TOO CLOSELY,FAILING TO REDUCE SPEED TO AVOID CRASH,6656,S,PULASKI RD,833,3,NONINCAPACITATING INJURY,2,0,0,2,0,1,0,16,2,3,41.77147498,-87.72272556,POINT (-87.722725558651 41.771474976894),30
70e78bcdf663833f531454fb9636bc1e17f28e52927cfafb528c812e3e17931d22d85a342d43b532a32ddc9d69fbef8b8ab9c4dd3d5ed79fad39fb05e926b88b,2025/3/3 16:16,30,NO CONTROLS,NO CONTROLS,CLEAR,DAYLIGHT,SIDESWIPE SAME DIRECTION,NOT DIVIDED,STRAIGHT AND LEVEL,DRY,UNKNOWN,ON SCENE,NO INJURY / DRIVE AWAY,"OVER $1,500",2025-03-03T16:16:00.000,FAILING TO YIELD RIGHT-OF-WAY,NOT APPLICABLE,3406,N,CALIFORNIA AVE,1733,2,NO INDICATION OF INJURY,0,0,0,0,0,2,0,16,2,3,41.94305813,-87.69807537,POINT (-87.698075369623 41.943058134002),30
65125dd1e6d28d3d206a2c82622ccaed22d9032de35d831efddda7dd08fd71d01056800b966c7ebb71da92e741a53ba641cdd368ed6b830367f3a24b6c62c2ac,2025/3/3 16:05,30,NO CONTROLS,NO CONTROLS,CLEAR,DAYLIGHT,ANGLE,DIVIDED - W/MEDIAN (NOT RAISED),STRAIGHT AND LEVEL,DRY,NO DEFECTS,ON SCENE,NO INJURY / DRIVE AWAY,"OVER $1,500",2025-03-03T16:12:00.000,UNABLE TO DETERMINE,UNABLE TO DETERMINE,10201,S,VINCENNES AVE,2232,2,NO INDICATION OF INJURY,0,0,0,0,0,2,0,16,2,3,41.70874873,-87.65514801,POINT (-87.655148006134 41.708748732461),30
606e77f6a15399aaca25c96f24bbbd537f77c2b0ad46ed07924501a447b835762f7a372db0429e974201c3d5b1039157a9b121e726afd7900220fa8e91796ce2,2025/3/3 16:00,30,TRAFFIC SIGNAL,UNKNOWN,CLEAR,"DARKNESS, LIGHTED ROAD",REAR END,DIVIDED - W/MEDIAN (NOT RAISED),STRAIGHT AND LEVEL,DRY,UNKNOWN,NOT ON SCENE (DESK REPORT),NO INJURY / DRIVE AWAY,"$501 - $1,500",2025-03-03T18:10:00.000,FAILING TO REDUCE SPEED TO AVOID CRASH,NOT APPLICABLE,3932,W,NORTH AVE,2535,2,NO INDICATION OF INJURY,0,0,0,0,0,2,0,16,2,3,41.91001192,-87.72506045,POINT (-87.725060449515 41.910011917802),30
6712dbb56a88fdbd8c05c142aa473428fb8b5f581608b45595e3af79b4dbb83220a8b85029104bdd81239d7a27f49552a8fdc75d9489bb2ba19eb276fa81fd1e,2025/3/3 16:00,25,NO CONTROLS,NO CONTROLS,UNKNOWN,UNKNOWN,PARKED MOTOR VEHICLE,DIVIDED - W/MEDIAN (NOT RAISED),STRAIGHT AND LEVEL,UNKNOWN,UNKNOWN,NOT ON SCENE (DESK REPORT),NO INJURY / DRIVE AWAY,"OVER $1,500",2025-03-03T18:27:00.000,FAILING TO REDUCE SPEED TO AVOID CRASH,NOT APPLICABLE,1398,W,BIRCHWOOD AVE,2422,2,NO INDICATION OF INJURY,0,0,0,0,0,1,0,16,2,3,42.01831719,-87.66565661,POINT (-87.665656608949 42.01831718524),25
ad71d17702b84a1ecb832b810efc2a9d0ef40f3195e079e8f26374b9cd0ada30c33193a66bc3d1957a4b11ec14ca138b32d5a726c1ded6df3998348a31d5d6c3,2025/3/3 16:00,20,NO CONTROLS,NO CONTROLS,CLEAR,DAYLIGHT,PARKED MOTOR VEHICLE,PARKING LOT,STRAIGHT AND LEVEL,DRY,UNKNOWN,NOT ON SCENE (DESK REPORT),NO INJURY / DRIVE AWAY,"OVER $1,500",2025-03-04T13:52:00.000,DRIVING SKILLS/KNOWLEDGE/EXPERIENCE,DRIVING SKILLS/KNOWLEDGE/EXPERIENCE,8658,S,COTTAGE GROVE AVE,632,2,NO INDICATION OF INJURY,0,0,0,0,0,1,0,16,2,3,41.73673781,-87.60497185,POINT (-87.604971845904 41.736737814762),20
b7ca236a59164a69b5142496b26b56131745f434a6bdca6fbfb6546ac250b1561b7cc8ac28467f76f59bccf39d874660aff6b8c73c8e913a54f98b91245f60bb,2025/3/3 16:00,30,NO CONTROLS,NO CONTROLS,CLEAR,DAYLIGHT,REAR END,NOT DIVIDED,STRAIGHT AND LEVEL,DRY,NO DEFECTS,NOT ON SCENE (DESK REPORT),NO INJURY / DRIVE AWAY,"OVER $1,500",2025-03-03T17:10:00.000,FOLLOWING TOO CLOSELY,NOT APPLICABLE,3055,N,MILWAUKEE AVE,2523,2,NO INDICATION OF INJURY,0,0,0,0,0,4,0,16,2,3,41.93678038,-87.71981734,POINT (-87.719817340842 41.936780375027),30
39ce389e2c1ee2887085852a664ab03d9544b953ce1b8ca1d2a06d99f814ae9e940b43da4208802692cec55d62ca2718297bdc8950baa92ccc64bbba36a4ef7f,2025/3/3 15:59,30,NO CONTROLS,NO CONTROLS,CLEAR,DAYLIGHT,FIXED OBJECT,DIVIDED - W/MEDIAN (NOT RAISED),STRAIGHT AND LEVEL,DRY,UNKNOWN,NOT ON SCENE (DESK REPORT),INJURY AND / OR TOW DUE TO CRASH,"OVER $1,500",2025-03-03T16:01:00.000,NOT APPLICABLE,NOT APPLICABLE,3229,S,ASHLAND AVE,912,1,"REPORTED, NOT EVIDENT",2,0,0,0,2,0,0,15,2,3,41.83473219,-87.66552096,POINT (-87.665520963136 41.834732194368),30
01b8b31bb466af325908c7424107dc843115b29f56c4835b87ec5733f2de00b309894b5e71f97748f6fa40ec55be0c692bf4e8cd293f7f2d35001e20ff9aa495,2025/3/3 15:40,15,NO CONTROLS,NO CONTROLS,UNKNOWN,DAYLIGHT,TURNING,ALLEY,STRAIGHT AND LEVEL,UNKNOWN,UNKNOWN,NOT ON SCENE (DESK REPORT),NO INJURY / DRIVE AWAY,"OVER $1,500",2025-03-04T11:07:00.000,UNABLE TO DETERMINE,UNABLE TO DETERMINE,5629,W,BELMONT AVE,2514,2,NO INDICATION OF INJURY,0,0,0,0,0,2,0,15,2,3,41.93845137,-87.76764902,POINT (-87.767649021962 41.938451371392),15
cb6bb318efe756b9aa15ae97dca462ccbde4f7e6e31779e55ffee792ca013b2ccd51513e11e87fe0d15bf290b90cd00be6b26be5a0c9b45eef1c3bab9af84524,2025/3/3 15:35,30,TRAFFIC SIGNAL,FUNCTIONING PROPERLY,CLEAR,DAYLIGHT,TURNING,NOT DIVIDED,STRAIGHT AND LEVEL,DRY,NO DEFECTS,NOT ON SCENE (DESK REPORT),NO INJURY / DRIVE AWAY,"OVER $1,500",2025-03-03T16:05:00.000,UNABLE TO DETERMINE,NOT APPLICABLE,1598,W,VAN BUREN ST,1231,2,NO INDICATION OF INJURY,0,0,0,0,0,2,0,15,2,3,41.87646063,-87.66662208,POINT (-87.666622079113 41.876460629864),30
a94c6f9d042b2f690444ace7b01635876d88efb84e14a7755295fe62287a9259a86dbee92455df688d21f4be07dd1fc59e736f5f82c5405ceedc45fe1fe7275e,2025/3/3 15:30,30,UNKNOWN,UNKNOWN,CLEAR,DAYLIGHT,REAR TO SIDE,NOT DIVIDED,STRAIGHT AND LEVEL,UNKNOWN,UNKNOWN,NOT ON SCENE (DESK REPORT),NO INJURY / DRIVE AWAY,"OVER $1,500",2025-03-03T16:00:00.000,UNABLE TO DETERMINE,UNABLE TO DETERMINE,1622,N,LA SALLE DR,1814,2,NO INDICATION OF INJURY,0,0,0,0,0,2,0,15,2,3,41.91182887,-87.63330283,POINT (-87.633302832143 41.911828873325),30
de640bad5dfe81a51f84eea4aefb7e0dd5e1835d621f60ab8a5920deafe297e04a885df270f3516f5763a772df3b296f9d0bae73f9be555aeff7a1a2354785c2,2025/3/3 15:30,25,TRAFFIC SIGNAL,FUNCTIONING PROPERLY,CLEAR,DAYLIGHT,REAR END,DIVIDED - W/MEDIAN (NOT RAISED),STRAIGHT AND LEVEL,DRY,NO DEFECTS,NOT ON SCENE (DESK REPORT),NO INJURY / DRIVE AWAY,"OVER $1,500",2025-03-06T16:10:00.000,FOLLOWING TOO CLOSELY,UNABLE TO DETERMINE,4800,N,KEDZIE AVE,1713,2,NO INDICATION OF INJURY,0,0,0,0,0,3,0,15,2,3,41.96853973,-87.70862215,POINT (-87.708622145243 41.968539734001),25