crash_record_id,crash_date,posted_speed_limit,traffic_control_device,device_condition,weather_condition,lighting_condition,first_crash_type,trafficway_type,alignment,roadway_surface_cond,road_defect,report_type,crash_type,damage,date_police_notified,prim_contributory_cause,sec_contributory_cause,street_no,street_direction,street_name,beat_of_occurrence,num_units,most_severe_injury,injuries_total,injuries_fatal,injuries_incapacitating,injuries_non_incapacitating,injuries_reported_not_evident,injuries_no_indication,injuries_unknown,crash_hour,crash_day_of_week,crash_month,latitude,longitude,location,speed_limit
6ca95f0c63d66c222de46a518db2052f2bdfe9e9551dcc225b24b38fca8d764956c4f7ee8ec8a04e88e7ba94cbef474a2120616d629cf1f3c68c7915a7e6be7b,2025/3/3 15:23,30,NO CONTROLS,NO CONTROLS,CLEAR,DAYLIGHT,REAR END,DIVIDED - W/MEDIAN (NOT RAISED),STRAIGHT AND LEVEL,DRY,UNKNOWN,ON SCENE,NO INJURY / DRIVE AWAY,"OVER $1,500",2025-03-03T15:23:00.000,UNABLE TO DETERMINE,NOT APPLICABLE,2104,W,59TH ST,715,2,NO INDICATION OF INJURY,0,0,0,0,0,2,0,15,2,3,41.78670192,-87.6768356,POINT (-87.676835596457 41.78670192366),30
3b0fa06d2276e9f9047747c9ff8845af94126e4685608f3d1696a0234c5f3ceeb87fa16536aa7eff3d0b4ef8caca552f6c655ae2df878309c27935842eec468e,2025/3/3 15:20,30,UNKNOWN,UNKNOWN,UNKNOWN,UNKNOWN,REAR END,UNKNOWN,STRAIGHT AND LEVEL,UNKNOWN,UNKNOWN,NOT ON SCENE (DESK REPORT),NO INJURY / DRIVE AWAY,"OVER $1,500",2025-03-03T15:40:00.000,UNABLE TO DETERMINE,UNABLE TO DETERMINE,6313,S,WESTERN AVE,825,2,NO INDICATION OF INJURY,0,0,0,0,0,2,0,15,2,3,41.77876813,-87.68348096,POINT (-87.683480963927 41.778768129458),30
47ec4e9eba0a10f50516165922666fe48101d532fcf08d9d9e3367ae7c06a80936046787a9139779a85066efb73637d502fbc313c8a3aa8e301794b64a13c293,2025/3/3 15:20,30,TRAFFIC SIGNAL,FUNCTIONING PROPERLY,CLEAR,DAYLIGHT,REAR END,TRAFFIC ROUTE,STRAIGHT AND LEVEL,DRY,NO DEFECTS,NOT ON SCENE (DESK REPORT),NO INJURY / DRIVE AWAY,"$501 - $1,500",2025-03-03T19:45:00.000,NOT APPLICABLE,NOT APPLICABLE,1725,W,ARMITAGE AVE,1433,2,NO INDICATION OF INJURY,0,0,0,0,0,2,0,15,2,3,41.9177744,-87.67134855,POINT (-87.671348545134 41.917774398074),30
5e345c18b7e7785e0ad2f4fe147e63e01f99eb4baf40c9e79fc6b16f962c46504a94fec0d0ba0c9c694427e18a44e39e18f88eaf054a5fae29d47dcbc982f754,2025/3/3 15:19,30,NO CONTROLS,NO CONTROLS,CLEAR,DAYLIGHT,SIDESWIPE SAME DIRECTION,NOT DIVIDED,STRAIGHT AND LEVEL,DRY,NO DEFECTS,ON SCENE,INJURY AND / OR TOW DUE TO CRASH,"OVER $1,500",2025-03-03T15:24:00.000,IMPROPER OVERTAKING/PASSING,FAILING TO YIELD RIGHT-OF-WAY,2508,W,DIVERSEY AVE,1411,2,NO INDICATION OF INJURY,0,0,0,0,0,2,0,15,2,3,41.93225582,-87.69077723,POINT (-87.690777231586 41.932255820027),30
3890e5811a63e80ac7165f1c7805e0c52d49e5e55e661d34fe0941a27a96bad3f7e0233473af722e09b54539cceccf8e6f1a7b31492030f03c8ccb9575aa14da,2025/3/3 15:15,30,NO CONTROLS,NO CONTROLS,CLEAR,DAYLIGHT,PARKED MOTOR VEHICLE,NOT DIVIDED,STRAIGHT AND LEVEL,DRY,UNKNOWN,ON SCENE,NO INJURY / DRIVE AWAY,"OVER $1,500",2025-03-03T15:17:00.000,FAILING TO REDUCE SPEED TO AVOID CRASH,NOT APPLICABLE,5029,N,LARAMIE AVE,1623,2,NO INDICATION OF INJURY,0,0,0,0,0,2,0,15,2,3,41.97244254,-87.75752989,POINT (-87.757529890132 41.972442538559),30
68e3114e89b8e9e0dd13174c00a7423e8e4ce7264bb9d9c47f97a2f0cd3adb57a37d5526480e81e0224cdced10a19051d1094cb847685935b932038a32257bf3,2025/3/3 15:15,30,NO CONTROLS,NO CONTROLS,CLEAR,DAYLIGHT,SIDESWIPE SAME DIRECTION,NOT DIVIDED,STRAIGHT AND LEVEL,DRY,NO DEFECTS,NOT ON SCENE (DESK REPORT),NO INJURY / DRIVE AWAY,"OVER $1,500",2025-03-03T15:55:00.000,FAILING TO YIELD RIGHT-OF-WAY,UNABLE TO DETERMINE,5500,W,BRYN MAWR AVE,1623,2,NO INDICATION OF INJURY,0,0,0,0,0,2,0,15,2,3,41.98305845,-87.76596582,POINT (-87.765965819205 41.983058448111),30
dd506e7b5e752356a3972cfa80113ab533f2074f77aca434f5126644b9669dd612e4cd686b2c6e8deef9b492f3dc2c19076e01ef604fa51e3c5d253a3bea3c4f,2025/3/3 15:15,10,NO CONTROLS,NO CONTROLS,CLEAR,DAYLIGHT,REAR TO REAR,PARKING LOT,STRAIGHT AND LEVEL,DRY,NO DEFECTS,NOT ON SCENE (DESK REPORT),NO INJURY / DRIVE AWAY,$500 OR LESS,2025-03-03T16:00:00.000,IMPROPER BACKING,UNABLE TO DETERMINE,7240,W,FOSTER AVE,1613,2,NO INDICATION OF INJURY,0,0,0,0,0,2,0,15,2,3,41.97461538,-87.80854694,POINT (-87.808546943574 41.974615382079),10
e9fbdf5299180fd9ca1a2a792add72cd7022f394c33b2252a2fc44dda413909e0da3c8d47cd860da3100627792fb7d220b2b8427b96440f9f0a6455cd88df966,2025/3/3 15:15,30,NO CONTROLS,NO CONTROLS,CLEAR,DAYLIGHT,PEDESTRIAN,PARKING LOT,STRAIGHT AND LEVEL,DRY,NO DEFECTS,ON SCENE,INJURY AND / OR TOW DUE TO CRASH,$500 OR LESS,2025-03-03T15:20:00.000,DRIVING SKILLS/KNOWLEDGE/EXPERIENCE,NOT APPLICABLE,1508,W,47TH ST,924,2,"REPORTED, NOT EVIDENT",1,0,0,0,1,1,0,15,2,3,41.80874139,-87.66291163,POINT (-87.662911628538 41.808741388439),30
08ec3804c7a20d142afd6d7eb97a1a8478cafec126bcb28a629c04efdad9c2b6401770a34d2b79446c6d4643899ec2466d810562069c8c4eed476f7813a502e0,2025/3/3 15:08,20,NO CONTROLS,NO CONTROLS,CLEAR,DAYLIGHT,SIDESWIPE SAME DIRECTION,NOT DIVIDED,STRAIGHT AND LEVEL,DRY,NO DEFECTS,ON SCENE,NO INJURY / DRIVE AWAY,"$501 - $1,500",2025-03-03T15:09:00.000,UNABLE TO DETERMINE,UNABLE TO DETERMINE,5240,W,GRAND AVE,2515,2,NO INDICATION OF INJURY,0,0,0,0,0,2,0,15,2,3,41.91731688,-87.75737341,POINT (-87.757373413777 41.917316882813),20
564e3285e0baa8e71e745aae128fadea9118ea900aacd268a13e7de2a92adc45534e5eea75ef73ef1709fa45638ba83329b542fddd8fe65c1ad58d7073131a6d,2025/3/3 15:05,30,NO CONTROLS,NO CONTROLS,CLEAR,DAYLIGHT,PARKED MOTOR VEHICLE,NOT DIVIDED,STRAIGHT AND LEVEL,DRY,UNKNOWN,NOT ON SCENE (DESK REPORT),NO INJURY / DRIVE AWAY,"$501 - $1,500",2025-03-03T16:25:00.000,FOLLOWING TOO CLOSELY,NOT APPLICABLE,4759,W,SHAKESPEARE AVE,2522,2,NO INDICATION OF INJURY,0,0,0,0,0,2,0,15,2,3,41.9195625,-87.74606639,POINT (-87.746066388054 41.919562501145),30
68ba58dde1683127af745d55540c9feb897ab039e33e8e24143bd55e29f08a4f2efa07e1ec20afdf816985436bd897ff1c553c660347e38a58e4aab9277ee567,2025/3/3 14:55,35,NO CONTROLS,NO CONTROLS,CLEAR,DAYLIGHT,REAR END,NOT DIVIDED,STRAIGHT AND LEVEL,DRY,NO DEFECTS,ON SCENE,INJURY AND / OR TOW DUE TO CRASH,"OVER $1,500",2025-03-03T14:55:00.000,FAILING TO YIELD RIGHT-OF-WAY,NOT APPLICABLE,7128,W,ARCHER AVE,811,2,"REPORTED, NOT EVIDENT",1,0,0,0,1,1,0,14,2,3,41.79206721,-87.80019889,POINT (-87.800198887183 41.792067214057),35
fd244c0bfb2f7691a1356299d6bf2c136697f1ff450a287bacefb4aacafc9a08748a9e93d4e180cc61dc84db105c5c019b316cc9440c88a392e4c54396c56fc0,2025/3/3 14:44,30,NO CONTROLS,NO CONTROLS,CLEAR,DAYLIGHT,ANGLE,NOT DIVIDED,STRAIGHT AND LEVEL,UNKNOWN,UNKNOWN,NOT ON SCENE (DESK REPORT),NO INJURY / DRIVE AWAY,"$501 - $1,500",2025-03-03T17:45:00.000,UNABLE TO DETERMINE,NOT APPLICABLE,3800,W,86TH PL,834,2,NO INDICATION OF INJURY,0,0,0,0,0,2,0,14,2,3,41.73596258,-87.71672683,POINT (-87.716726832987 41.735962578811),30
71d27602daeb7a17cb00cb7ce5cedc2170e8bfe72013ad68b862058fccf1b47fc7bef3379492a8b94aa7fa45f842ba2252d8906b5598ff821e285997be4cfe51,2025/3/3 14:40,30,NO CONTROLS,NO CONTROLS,CLEAR,DAYLIGHT,PARKED MOTOR VEHICLE,NOT DIVIDED,STRAIGHT AND LEVEL,DRY,NO DEFECTS,NOT ON SCENE (DESK REPORT),NO INJURY / DRIVE AWAY,$500 OR LESS,2025-03-03T15:00:00.000,IMPROPER LANE USAGE,NOT APPLICABLE,1643,W,TOUHY AVE,2423,2,NO INDICATION OF INJURY,0,0,0,0,0,2,0,14,2,3,42.01257321,-87.67194249,POINT (-87.671942487286 42.012573211267),30
efd0e9f716c17fe8d22ee7431545f8821c0bd563bb7806e1e2e39e9366a982431d6b81c787b304c323bd23324b5af62e1f2d4899276b3831802144de445a386e,2025/3/3 14:40,20,NO CONTROLS,NO CONTROLS,CLEAR,DAYLIGHT,FIXED OBJECT,ALLEY,STRAIGHT AND LEVEL,DRY,"RUT, HOLES",NOT ON SCENE (DESK REPORT),NO INJURY / DRIVE AWAY,$500 OR LESS,2025-03-04T10:00:00.000,ROAD ENGINEERING/SURFACE/MARKING DEFECTS,NOT APPLICABLE,1531,S,SAWYER AVE,1022,2,NO INDICATION OF INJURY,0,0,0,0,0,2,0,14,2,3,41.85996075,-87.70655727,POINT (-87.706557270797 41.859960752099),20
a89a6e42d6c0bef6981a81a547805c086a83a5c4941b7a2adc778eaedd5d5076b93200a747002b5393798e3b4957b66696c242e78c5fca820e133a76230a946b,2025/3/3 14:35,30,STOP SIGN/FLASHER,FUNCTIONING PROPERLY,CLEAR,DAYLIGHT,SIDESWIPE SAME DIRECTION,NOT DIVIDED,STRAIGHT AND LEVEL,DRY,NO DEFECTS,NOT ON SCENE (DESK REPORT),NO INJURY / DRIVE AWAY,"$501 - $1,500",2025-03-03T16:20:00.000,IMPROPER OVERTAKING/PASSING,FAILING TO REDUCE SPEED TO AVOID CRASH,3401,N,OAK PARK AVE,1632,2,NO INDICATION OF INJURY,0,0,0,0,0,2,0,14,2,3,41.94190728,-87.79569606,POINT (-87.795696058819 41.941907284013),30
f374c3e144f814118d11e8a959ce3220d3fec2288a8a62c56bb7e6cc85cf3a547609afd9b957ff532ab200fe45fcea59f6ae2f78c5a3e3e48754e5bbf3302dbb,2025/3/3 14:33,30,TRAFFIC SIGNAL,FUNCTIONING PROPERLY,CLEAR,DAYLIGHT,ANGLE,FOUR WAY,STRAIGHT AND LEVEL,UNKNOWN,UNKNOWN,NOT ON SCENE (DESK REPORT),NO INJURY / DRIVE AWAY,"OVER $1,500",2025-03-03T15:40:00.000,UNABLE TO DETERMINE,UNABLE TO DETERMINE,3800,W,CONGRESS PKWY,1133,2,NO INDICATION OF INJURY,0,0,0,0,0,3,0,14,2,3,41.87455188,-87.72045366,POINT (-87.720453658604 41.874551880336),30
5a1fcee18183e798822daead7c14426c569b38f57cd5d9bf2d859d4101fbfc7640828f05cc1a71bffe68deca5064ead5cfa4b34afd8d0ae8bb8953f8799952a5,2025/3/3 14:30,30,NO CONTROLS,NO CONTROLS,CLEAR,DAYLIGHT,PARKED MOTOR VEHICLE,DIVIDED - W/MEDIAN (NOT RAISED),STRAIGHT AND LEVEL,DRY,NO DEFECTS,NOT ON SCENE (DESK REPORT),NO INJURY / DRIVE AWAY,$500 OR LESS,2025-03-03T15:15:00.000,DRIVING SKILLS/KNOWLEDGE/EXPERIENCE,DRIVING SKILLS/KNOWLEDGE/EXPERIENCE,3541,N,CLARK ST,1924,2,NO INDICATION OF INJURY,0,0,0,0,0,1,0,14,2,3,41.94674272,-87.65597755,POINT (-87.655977554558 41.946742718233),30
b6f5836b8a0ab53515592ad18a65de7ad9b6112e77f1cbf59c9e03adc5624fbd9ea8185831a1a2d12c131985704a2b5330598d06645e08fa741c09170a078c4a,2025/3/3 14:30,30,TRAFFIC SIGNAL,FUNCTIONING PROPERLY,CLEAR,DAYLIGHT,FIXED OBJECT,NOT DIVIDED,STRAIGHT AND LEVEL,DRY,UNKNOWN,NOT ON SCENE (DESK REPORT),INJURY AND / OR TOW DUE TO CRASH,"OVER $1,500",2025-03-03T14:35:00.000,UNABLE TO DETERMINE,NOT APPLICABLE,2231,E,103RD ST,434,1,NO INDICATION OF INJURY,0,0,0,0,0,1,0,14,2,3,41.70791933,-87.56929114,POINT (-87.569291141539 41.707919331877),30
eff72589d65bb3b591f7e324be68a515568738ea3afe98d356843d5dc7bdc1bad1124674f8c8c183a4eed5d784ebad77139cd5b848e1a4c703020ec9b389fc6d,2025/3/3 14:30,30,TRAFFIC SIGNAL,FUNCTIONING PROPERLY,CLEAR,DAYLIGHT,REAR END,DIVIDED - W/MEDIAN (NOT RAISED),STRAIGHT AND LEVEL,WET,UNKNOWN,NOT ON SCENE (DESK REPORT),NO INJURY / DRIVE AWAY,$500 OR LESS,2025-03-03T16:55:00.000,IMPROPER OVERTAKING/PASSING,NOT APPLICABLE,2255,E,103RD ST,434,2,NO INDICATION OF INJURY,0,0,0,0,0,2,0,14,2,3,41.70793329,-87.56834912,POINT (-87.568349122821 41.707933290572),30
43a4c06e2caeba3afd80b59ad8e9bd1100fbbb503ff91778a6cf2ca638d149df786cd9700d0e1c4b134d2afc36adadc166924eb1edf9434d62d314266961cc40,2025/3/3 14:25,30,NO CONTROLS,NO CONTROLS,CLEAR,DAYLIGHT,PARKED MOTOR VEHICLE,NOT DIVIDED,STRAIGHT AND LEVEL,DRY,NO DEFECTS,NOT ON SCENE (DESK REPORT),NO INJURY / DRIVE AWAY,"OVER $1,500",2025-03-03T15:38:00.000,FOLLOWING TOO CLOSELY,NOT APPLICABLE,1700,W,DIVISION ST,1424,2,NO INDICATION OF INJURY,0,0,0,0,0,2,0,14,2,3,41.90340737,-87.67046561,POINT (-87.670465613518 41.903407374175),30
9f8f5438d7cd3f3b3ebcd6d1caf661816baf1e7b1d89bcef23f1f1d49136bca401dc0ed93a794e768670219322f59919871999542a8e19ad3c02b244a4cebbe4,2025/3/3 14:20,30,TRAFFIC SIGNAL,FUNCTIONING PROPERLY,CLEAR,DAYLIGHT,TURNING,DIVIDED - W/MEDIAN BARRIER,STRAIGHT AND LEVEL,DRY,NO DEFECTS,NOT ON SCENE (DESK REPORT),INJURY AND / OR TOW DUE TO CRASH,"OVER $1,500",2025-03-03T15:15:00.000,IMPROPER TURNING/NO SIGNAL,IMPROPER OVERTAKING/PASSING,6330,S,STONY ISLAND AVE,314,2,"REPORTED, NOT EVIDENT",1,0,0,0,1,3,0,14,2,3,41.77966308,-87.58659137,POINT (-87.586591366414 41.779663079964),30
b3a5b26e0a17a937f355a814479c1472948edfb7966c34ec86585df0d213829bfa03a04b5ed0fb091af3eb4c210da820a043623e056104239987ad081ce55f3b,2025/3/3 14:20,30,UNKNOWN,UNKNOWN,UNKNOWN,UNKNOWN,SIDESWIPE SAME DIRECTION,UNKNOWN,STRAIGHT AND LEVEL,UNKNOWN,UNKNOWN,NOT ON SCENE (DESK REPORT),NO INJURY / DRIVE AWAY,"OVER $1,500",2025-03-03T15:00:00.000,UNABLE TO DETERMINE,UNABLE TO DETERMINE,3150,W,MARQUETTE RD,831,2,NO INDICATION OF INJURY,0,0,0,0,0,2,0,14,2,3,41.77179001,-87.70256231,POINT (-87.702562308859 41.771790010634),30
fb9a9a9d68cd1111918c0e9520bebb6a0970865251bbb748e1b19c00a905647cc36216d240e70d326bfd518394386371fbdb77033ab0a1eb77a41ecdf61867d3,2025/3/3 14:15,10,UNKNOWN,UNKNOWN,CLEAR,DAYLIGHT,PARKED MOTOR VEHICLE,PARKING LOT,STRAIGHT AND LEVEL,DRY,UNKNOWN,ON SCENE,NO INJURY / DRIVE AWAY,"OVER $1,500",2025-03-03T14:25:00.000,UNABLE TO DETERMINE,UNABLE TO DETERMINE,6610,W,IRVING PARK RD,1632,2,NO INDICATION OF INJURY,0,0,0,0,0,1,0,14,2,3,41.95292706,-87.79211675,POINT (-87.792116746092 41.952927061608),10
1d7b5f532185a7f9e2cfa50639adf1a38f9e5cabef868e1d9f73ddb96bc412a58fe4145cc569a139cf023bd60b3621e7b946cb00ac9d2c691170bc8e7d99d6c5,2025/3/3 14:10,30,TRAFFIC SIGNAL,FUNCTIONING PROPERLY,CLEAR,DAYLIGHT,REAR END,OTHER,STRAIGHT AND LEVEL,DRY,NO DEFECTS,ON SCENE,INJURY AND / OR TOW DUE TO CRASH,"OVER $1,500",2025-03-03T14:12:00.000,FAILING TO REDUCE SPEED TO AVOID CRASH,FOLLOWING TOO CLOSELY,400,E,MARQUETTE RD,312,2,NONINCAPACITATING INJURY,1,0,0,1,0,1,0,14,2,3,41.77308031,-87.61539262,POINT (-87.615392621573 41.773080310407),30
8704dcec2fb9e4522d01e1e5a7b605041d66e909e91d03d944389029e45c657e64d92b045f6a12c6bbedaa5e63d4290e941da58e4ab2a535484aa6d66360a649,2025/3/3 14:10,30,NO CONTROLS,NO CONTROLS,CLEAR,DAYLIGHT,ANGLE,NOT DIVIDED,STRAIGHT AND LEVEL,DRY,UNKNOWN,NOT ON SCENE (DESK REPORT),NO INJURY / DRIVE AWAY,"OVER $1,500",2025-03-03T15:52:00.000,UNABLE TO DETERMINE,UNABLE TO DETERMINE,10700,S,GREEN ST,2233,2,NO INDICATION OF INJURY,0,0,0,0,0,2,0,14,2,3,41.69953889,-87.64396798,POINT (-87.643967978285 41.699538893959),30
2e0d4f1a2dda2e78c1c1e5eb20cc5fef59c7dd0e0cb5a9e541355768520d9803f1845506d443fe32b159dbaca2ed0f8b772f6f8e0279aba88ef01372c81ee6d4,2025/3/3 14:00,30,NO CONTROLS,NO CONTROLS,CLEAR,DAYLIGHT,REAR TO FRONT,PARKING LOT,STRAIGHT AND LEVEL,DRY,NO DEFECTS,NOT ON SCENE (DESK REPORT),INJURY AND / OR TOW DUE TO CRASH,"$501 - $1,500",2025-03-05T20:45:00.000,IMPROPER BACKING,NOT APPLICABLE,10000,W,OHARE ST,1651,2,NONINCAPACITATING INJURY,1,0,0,1,0,1,0,14,2,3,41.97620114,-87.90530913,POINT (-87.905309125103 41.976201139024),30
b23527a0e53fa1d2648f87a46e47289fe3aeb94e3388ad290fbd869217584f8a58e71c3df1beab8114b557894af78be8cd90714232b107bbdfd957520b38aec2,2025/3/3 14:00,30,TRAFFIC SIGNAL,FUNCTIONING PROPERLY,CLEAR,DAYLIGHT,REAR END,NOT DIVIDED,STRAIGHT AND LEVEL,DRY,NO DEFECTS,NOT ON SCENE (DESK REPORT),NO INJURY / DRIVE AWAY,"OVER $1,500",2025-03-03T15:49:00.000,FOLLOWING TOO CLOSELY,DRIVING SKILLS/KNOWLEDGE/EXPERIENCE,3206,N,SACRAMENTO AVE,1733,2,NO INDICATION OF INJURY,0,0,0,0,0,3,0,14,2,3,41.93961618,-87.70287981,POINT (-87.702879810713 41.939616177615),30
b471c9467dc82c771f6d6679565ac40f1905cd851c4abe9073966ebb9201b3c58b8643c5cdcbddb73c8161871160a6e61df388c35a1db57a611ee4356db26728,2025/3/3 14:00,30,TRAFFIC SIGNAL,FUNCTIONING PROPERLY,CLEAR,DAYLIGHT,TURNING,"FIVE POINT, OR MORE",STRAIGHT AND LEVEL,DRY,NO DEFECTS,ON SCENE,INJURY AND / OR TOW DUE TO CRASH,"OVER $1,500",2025-03-03T14:05:00.000,NOT APPLICABLE,NOT APPLICABLE,7900,S,STONY ISLAND AVE,411,2,NO INDICATION OF INJURY,0,0,0,0,0,2,0,14,2,3,41.7514606,-87.58597199,POINT (-87.585971992965 41.751460603167),30
f525e8c2e5ae6cef9d93ebd0aef0a0075aa9e42fecd41a1f87d95690db9f346941d874ef7c55ceb7bd1e9737514090640c6d8538583ea910f2398608d04436bc,2025/3/3 14:00,30,NO CONTROLS,NO CONTROLS,CLEAR,DAYLIGHT,OTHER OBJECT,DIVIDED - W/MEDIAN (NOT RAISED),STRAIGHT AND LEVEL,DRY,UNKNOWN,NOT ON SCENE (DESK REPORT),NO INJURY / DRIVE AWAY,"$501 - $1,500",2025-03-03T16:15:00.000,UNABLE TO DETERMINE,UNABLE TO DETERMINE,2012,W,PERSHING RD,912,1,NO INDICATION OF INJURY,0,0,0,0,0,1,0,14,2,3,41.82320867,-87.67566283,POINT (-87.675662828472 41.823208667315),30
fbe325fedfca86198fa6450ab7f211f81f610aa963178a2b3474b7bfbc162cac4f04bb1eee486bfb8e4e813949b6ba1c6236228f0e1bc5b5c81c17104dd90372,2025/3/3 14:00,10,NO CONTROLS,NO CONTROLS,CLEAR,DAYLIGHT,SIDESWIPE SAME DIRECTION,PARKING LOT,STRAIGHT ON GRADE,DRY,NO DEFECTS,ON SCENE,INJURY AND / OR TOW DUE TO CRASH,"OVER $1,500",2025-03-03T14:07:00.000,UNABLE TO DETERMINE,NOT APPLICABLE,9400,S,ASHLAND AVE,2221,2,NONINCAPACITATING INJURY,1,0,0,1,0,1,0,14,2,3,41.72294122,-87.66286287,POINT (-87.662862871273 41.72294121821),10
3940c05fcc136692542afe0652882c362a6036e15f12fff63af6005947b5f3e115eb988f559f10c58bd79dc07cb858cf12e2d4895af7fc0bfaff717f2596721d,2025/3/3 13:57,30,TRAFFIC SIGNAL,UNKNOWN,CLEAR,DAYLIGHT,TURNING,FOUR WAY,STRAIGHT AND LEVEL,DRY,UNKNOWN,ON SCENE,INJURY AND / OR TOW DUE TO CRASH,"OVER $1,500",2025-03-03T13:57:00.000,IMPROPER TURNING/NO SIGNAL,IMPROPER TURNING/NO SIGNAL,6300,S,STONY ISLAND AVE,314,2,"REPORTED, NOT EVIDENT",4,0,0,0,4,0,0,13,2,3,41.7805254,-87.586603,POINT (-87.586602995543 41.780525395052),30
383bd9d2a642f098e61bda700e473227ef6059df92b10b9ab8409eace2962212d5370f99155201baf1bf19dd5a4659f8bf3355c5a43a72bb10f65f17c13fb8a1,2025/3/3 13:50,30,NO CONTROLS,NO CONTROLS,CLEAR,DAYLIGHT,SIDESWIPE SAME DIRECTION,NOT DIVIDED,STRAIGHT AND LEVEL,DRY,UNKNOWN,NOT ON SCENE (DESK REPORT),NO INJURY / DRIVE AWAY,"$501 - $1,500",2025-03-03T21:15:00.000,FAILING TO YIELD RIGHT-OF-WAY,FAILING TO YIELD RIGHT-OF-WAY,2119,W,DIVISION ST,1212,2,NO INDICATION OF INJURY,0,0,0,0,0,2,0,13,2,3,41.90302375,-87.68050016,POINT (-87.680500155318 41.903023751318),30
473bc85c40a7c829203b5fbc61ecc9ffd731ce8dffbdbc73e60025f1a109b6b436c33a093f1a567c341078401425e5267fa02ab1ba8b8f04ee9f1714ebcc122a,2025/3/3 13:50,30,TRAFFIC SIGNAL,FUNCTIONING PROPERLY,CLEAR,DAYLIGHT,ANGLE,FOUR WAY,STRAIGHT AND LEVEL,UNKNOWN,UNKNOWN,ON SCENE,NO INJURY / DRIVE AWAY,"OVER $1,500",2025-03-03T13:55:00.000,UNABLE TO DETERMINE,NOT APPLICABLE,11078,S,LONGWOOD DR,2212,2,NO INDICATION OF INJURY,0,0,0,0,0,2,0,13,2,3,41.69216316,-87.6719465,POINT (-87.671946498834 41.692163163693),30
73c5c2c0c35328ab15bdfad3a729fc3bb0ebd6f61f7a969e9baab87a74dadb1e4f1f58520e3b9299a9cef8f5634a03401a0d17ded0957250899cb0980abe6609,2025/3/3 13:40,30,TRAFFIC SIGNAL,UNKNOWN,CLEAR,DAYLIGHT,SIDESWIPE SAME DIRECTION,DIVIDED - W/MEDIAN (NOT RAISED),STRAIGHT AND LEVEL,UNKNOWN,UNKNOWN,NOT ON SCENE (DESK REPORT),NO INJURY / DRIVE AWAY,"OVER $1,500",2025-03-03T15:00:00.000,IMPROPER LANE USAGE,NOT APPLICABLE,1,S,AUSTIN BLVD,1513,2,NO INDICATION OF INJURY,0,0,0,0,0,2,0,13,2,3,41.88003314,-87.7745071,POINT (-87.774507097482 41.88003314198),30
3d98a9f168cb48db253fbfd6096be967a35a6811e7e79612d90425a287b1f8f62e76ba5fd37a42e853d5812360443a5b27db1c270e12de9e88948a058b5fd83a,2025/3/3 13:30,30,NO CONTROLS,NO CONTROLS,CLEAR,DAYLIGHT,TURNING,NOT DIVIDED,STRAIGHT AND LEVEL,DRY,UNKNOWN,NOT ON SCENE (DESK REPORT),NO INJURY / DRIVE AWAY,"OVER $1,500",2025-03-03T14:34:00.000,IMPROPER TURNING/NO SIGNAL,IMPROPER TURNING/NO SIGNAL,1744,W,99TH ST,2213,2,NO INDICATION OF INJURY,0,0,0,0,0,2,0,13,2,3,41.71399981,-87.6671459,POINT (-87.667145903829 41.713999813472),30
6ee890179b943444f8bae1f1433f207ff7bfcc62dcfcda75bd4f08d42d4970de53ed7990dbc980b869fe83e85fcbdcd34f23f412387da174821d59ac75cd939f,2025/3/3 13:30,10,NO CONTROLS,NO CONTROLS,CLEAR,DAYLIGHT,PARKED MOTOR VEHICLE,PARKING LOT,STRAIGHT AND LEVEL,DRY,NO DEFECTS,NOT ON SCENE (DESK REPORT),NO INJURY / DRIVE AWAY,"OVER $1,500",2025-03-03T14:20:00.000,UNABLE TO DETERMINE,UNABLE TO DETERMINE,4627,W,DIVERSEY AVE,2521,2,NO INDICATION OF INJURY,0,0,0,0,0,1,0,13,2,3,41.93146944,-87.74301063,POINT (-87.743010632008 41.931469437179),10
c25ea5943eee8b2699b662772aede8b16d36918bd041046dcee06303616de17b5a991c2cc80c98eaacd01a379d9b9b7fef30c1d32ef81a26a995eeefb635b3b9,2025/3/3 13:30,30,UNKNOWN,UNKNOWN,CLOUDY/OVERCAST,DAYLIGHT,FIXED OBJECT,PARKING LOT,STRAIGHT AND LEVEL,UNKNOWN,UNKNOWN,NOT ON SCENE (DESK REPORT),NO INJURY / DRIVE AWAY,"OVER $1,500",2025-03-03T15:00:00.000,UNABLE TO DETERMINE,UNABLE TO DETERMINE,710,W,SCHILLER ST,1822,1,NO INDICATION OF INJURY,0,0,0,0,0,1,0,13,2,3,41.90758484,-87.64659614,POINT (-87.646596137174 41.90758484098),30
3e6420e84dec20ceb8463948011181dd350c9038e3f80ae25881010b0c1ab87ce162751f6420e857afb47b999760b977d43077c9ed38e52fc4e21e7b21a8e16f,2025/3/3 13:28,30,NO CONTROLS,NO CONTROLS,CLEAR,DAYLIGHT,SIDESWIPE SAME DIRECTION,NOT DIVIDED,STRAIGHT AND LEVEL,DRY,NO DEFECTS,ON SCENE,INJURY AND / OR TOW DUE TO CRASH,"OVER $1,500",2025-03-03T13:35:00.000,IMPROPER LANE USAGE,UNABLE TO DETERMINE,9613,S,WESTERN AVE,2213,3,INCAPACITATING INJURY,1,0,1,0,0,1,0,13,2,3,41.71868264,-87.68184758,POINT (-87.681847581412 41.718682639318),30