crash_record_id,crash_date,posted_speed_limit,traffic_control_device,device_condition,weather_condition,lighting_condition,first_crash_type,trafficway_type,alignment,roadway_surface_cond,road_defect,report_type,crash_type,damage,date_police_notified,prim_contributory_cause,sec_contributory_cause,street_no,street_direction,street_name,beat_of_occurrence,num_units,most_severe_injury,injuries_total,injuries_fatal,injuries_incapacitating,injuries_non_incapacitating,injuries_reported_not_evident,injuries_no_indication,injuries_unknown,crash_hour,crash_day_of_week,crash_month,latitude,longitude,location,speed_limit
d6250f6df8229dffda98ebfa74cf7040cddb023c9b53c28eb3a89a8a887e1f7a21ac4c9af649b04e215426a9e24710815cf364fe159e267a656ecbcfbb4b1bd0,2025/3/3 7:29,30,TRAFFIC SIGNAL,FUNCTIONING PROPERLY,RAIN,DAYLIGHT,PARKED MOTOR VEHICLE,"FIVE POINT, OR MORE",STRAIGHT AND LEVEL,DRY,NO DEFECTS,ON SCENE,NO INJURY / DRIVE AWAY,$500 OR LESS,2025-03-03T07:33:00.000,EQUIPMENT - VEHICLE CONDITION,EQUIPMENT - VEHICLE CONDITION,2908,W,GRAND AVE,1221,2,NO INDICATION OF INJURY,0,0,0,0,0,1,0,7,2,3,41.89574062,-87.69987952,POINT (-87.699879515009 41.895740616098),30
cef6cf1464e045fa34e63a34777b90975af3a261fc0734db4e79b56aa0740b3c4dd8b56f035b72408d941d35f267a3a282f0b99d4d642bc77f7aaa7dad288ef1,2025/3/3 7:25,25,TRAFFIC SIGNAL,FUNCTIONING PROPERLY,CLEAR,DAYLIGHT,SIDESWIPE SAME DIRECTION,FOUR WAY,STRAIGHT AND LEVEL,DRY,NO DEFECTS,NOT ON SCENE (DESK REPORT),NO INJURY / DRIVE AWAY,"$501 - $1,500",2025-03-03T15:25:00.000,IMPROPER OVERTAKING/PASSING,UNABLE TO DETERMINE,5600,W,ADDISON ST,1633,2,NO INDICATION OF INJURY,0,0,0,0,0,2,0,7,2,3,41.9459851,-87.76687995,POINT (-87.766879951659 41.945985104309),25
bf214371b4ec96719149a9c14d5a818a4ce770436c3393d1ce5d6603050e7d48a44fae168ca74d20404a889e780dbc42db252bcacb60e737cfb62948c3987229,2025/3/3 7:20,30,NO CONTROLS,NO CONTROLS,CLEAR,DAYLIGHT,SIDESWIPE SAME DIRECTION,DIVIDED - W/MEDIAN (NOT RAISED),STRAIGHT AND LEVEL,DRY,NO DEFECTS,NOT ON SCENE (DESK REPORT),NO INJURY / DRIVE AWAY,"OVER $1,500",2025-03-03T07:35:00.000,UNABLE TO DETERMINE,UNABLE TO DETERMINE,4100,W,IRVING PARK RD,1722,2,NO INDICATION OF INJURY,0,0,0,0,0,2,0,7,2,3,41.95374332,-87.72925407,POINT (-87.729254067147 41.953743321298),30
563968be2571676fad7bd845c9b71e21ee46df5e0a8adb66fa951e4aa5d7027a449d96fe70e71c26040821163ad759107887ad5361596ca0fef4ac125f536236,2025/3/3 7:15,25,NO CONTROLS,NO CONTROLS,CLEAR,DAYLIGHT,PARKED MOTOR VEHICLE,ONE-WAY,STRAIGHT AND LEVEL,DRY,NO DEFECTS,NOT ON SCENE (DESK REPORT),NO INJURY / DRIVE AWAY,"OVER $1,500",2025-03-03T07:43:00.000,UNABLE TO DETERMINE,NOT APPLICABLE,7158,S,ST LAWRENCE AVE,323,2,NO INDICATION OF INJURY,0,0,0,0,0,1,0,7,2,3,41.76405865,-87.61053361,POINT (-87.610533614778 41.764058653001),25
eada11b87f59665df28580f7a69fccec57b0ef7b62d1d74e524df7e4557684a7d5679ddbe54434f7afb7a0cc4596390d7be51049425bacc58061b226cb542098,2025/3/3 7:10,30,TRAFFIC SIGNAL,FUNCTIONING PROPERLY,CLEAR,DAYLIGHT,TURNING,NOT DIVIDED,STRAIGHT AND LEVEL,DRY,NO DEFECTS,ON SCENE,NO INJURY / DRIVE AWAY,"OVER $1,500",2025-03-03T07:11:00.000,IMPROPER TURNING/NO SIGNAL,UNABLE TO DETERMINE,3049,W,PETERSON AVE,2011,2,NO INDICATION OF INJURY,0,0,0,0,0,2,0,7,2,3,41.99029332,-87.70615067,POINT (-87.706150670273 41.990293319943),30
0d65560b6ac4ec077234ac49dc51541b89f37a731f070fc1c4e2dbc3f9888cbb1c5244b7944640fdcc8c4dfc46aed534e8e0b74039e59b48d404292716c8d208,2025/3/3 7:00,30,NO CONTROLS,NO CONTROLS,CLEAR,DAYLIGHT,REAR END,NOT DIVIDED,STRAIGHT AND LEVEL,DRY,NO DEFECTS,NOT ON SCENE (DESK REPORT),NO INJURY / DRIVE AWAY,"OVER $1,500",2025-03-03T08:00:00.000,FAILING TO REDUCE SPEED TO AVOID CRASH,NOT APPLICABLE,6027,W,GRAND AVE,2512,2,NO INDICATION OF INJURY,0,0,0,0,0,4,0,7,2,3,41.92066625,-87.77680365,POINT (-87.776803649081 41.920666254715),30
c026f91cfd0e5fca8189a2739aab87374b401c54695a850194db7b3cf46e8153b3f2cf38de473804e06a8ec81d1899c4c52a51af09781ff19bdae080bbbe2552,2025/3/3 7:00,15,NO CONTROLS,NO CONTROLS,CLEAR,DAYLIGHT,PARKED MOTOR VEHICLE,PARKING LOT,STRAIGHT AND LEVEL,DRY,NO DEFECTS,NOT ON SCENE (DESK REPORT),NO INJURY / DRIVE AWAY,"OVER $1,500",2025-03-03T09:45:00.000,UNABLE TO DETERMINE,NOT APPLICABLE,321,E,ERIE ST,1834,2,NO INDICATION OF INJURY,0,0,0,0,0,1,0,7,2,3,41.89411346,-87.61942855,POINT (-87.619428545827 41.89411346373),15
0d85a36c067f45a86f7bd5508bc995b3957d724650fc8c6fb7abe095ef86b08898146f01d8de93273b62dde3fe8a953004d7037c7f1126b8cdda2179a86f44c6,2025/3/3 6:38,30,TRAFFIC SIGNAL,FUNCTIONING PROPERLY,CLEAR,DAWN,PEDESTRIAN,DIVIDED - W/MEDIAN (NOT RAISED),STRAIGHT AND LEVEL,DRY,NO DEFECTS,ON SCENE,INJURY AND / OR TOW DUE TO CRASH,"OVER $1,500",2025-03-03T07:23:00.000,DRIVING SKILLS/KNOWLEDGE/EXPERIENCE,NOT APPLICABLE,140,W,WACKER DR,122,2,NONINCAPACITATING INJURY,1,0,0,1,0,1,0,6,2,3,41.88703998,-87.63218921,POINT (-87.632189214385 41.887039984032),30
9b84885733b7a44b2983af58f1ad866ce19eafe622a4f8412ab3492c7104f37e39fff0c1e523f04f84dad09f00aa7e496163b9be4ab996d2b384c452ab152d22,2025/3/3 6:30,35,OTHER,FUNCTIONING PROPERLY,CLEAR,DAWN,SIDESWIPE SAME DIRECTION,ONE-WAY,STRAIGHT AND LEVEL,DRY,NO DEFECTS,ON SCENE,NO INJURY / DRIVE AWAY,"OVER $1,500",2025-03-03T06:31:00.000,IMPROPER OVERTAKING/PASSING,UNABLE TO DETERMINE,50,E,WALTON ST,1833,2,NO INDICATION OF INJURY,0,0,0,0,0,2,0,6,2,3,41.90008026,-87.62639928,POINT (-87.626399284283 41.90008026079),35
0c21323ae50b2059b130c7275565f3625616e2a50004d6658a23126226d13ce20dec4039356c7394ed45005c40f2b87836e212e8eedcb6a19da9fca24b0b35f2,2025/3/3 6:20,20,NO CONTROLS,NO CONTROLS,CLEAR,DAYLIGHT,PARKED MOTOR VEHICLE,NOT DIVIDED,STRAIGHT AND LEVEL,UNKNOWN,UNKNOWN,NOT ON SCENE (DESK REPORT),NO INJURY / DRIVE AWAY,"OVER $1,500",2025-03-04T14:15:00.000,UNABLE TO DETERMINE,NOT APPLICABLE,4853,W,CORTEZ ST,1531,2,NO INDICATION OF INJURY,0,0,0,0,0,1,0,6,2,3,41.8994646,-87.74805319,POINT (-87.748053193142 41.899464598411),20
80ce088df63a3432cf07b30ea8cfe51631db0128794deee219684bc8e5e9d8152d3c67102e8f2b38de51e0b619414bfd5c9e5f95948cf55bb3815fd021922566,2025/3/3 6:15,30,TRAFFIC SIGNAL,FUNCTIONING PROPERLY,CLEAR,DAYLIGHT,ANGLE,FOUR WAY,STRAIGHT AND LEVEL,DRY,NO DEFECTS,NOT ON SCENE (DESK REPORT),NO INJURY / DRIVE AWAY,"OVER $1,500",2025-03-03T16:32:00.000,DISREGARDING TRAFFIC SIGNALS,NOT APPLICABLE,256,W,59TH ST,711,2,NO INDICATION OF INJURY,0,0,0,0,0,2,0,6,2,3,41.78732583,-87.63264911,POINT (-87.632649106943 41.787325828209),30
e3aad96f4e2eeb1d58cb8ba8f4d31c50755608b1e28826226b7184744ef783d649eda25a6dd6b75a07a702c1282c2d26df5218b9f27656bccd1317619c5efcbd,2025/3/3 5:55,30,TRAFFIC SIGNAL,FUNCTIONING PROPERLY,CLEAR,"DARKNESS, LIGHTED ROAD",SIDESWIPE SAME DIRECTION,NOT DIVIDED,STRAIGHT AND LEVEL,DRY,UNKNOWN,ON SCENE,NO INJURY / DRIVE AWAY,"$501 - $1,500",2025-03-03T06:44:00.000,UNABLE TO DETERMINE,UNABLE TO DETERMINE,745,S,CICERO AVE,1131,2,NO INDICATION OF INJURY,0,0,0,0,0,2,0,5,2,3,41.87095665,-87.74477554,POINT (-87.74477553847 41.870956652304),30
061e5172340d9689702fbfd552e66c818b7c77f7a2991cb6b5d7cca1ff8247ae7356047baa1056ac8f628905991c5ffbcb5d3fb07cc75097f01bf017dd23938b,2025/3/3 5:41,30,STOP SIGN/FLASHER,FUNCTIONING PROPERLY,CLEAR,"DARKNESS, LIGHTED ROAD",OTHER OBJECT,ROUNDABOUT,STRAIGHT AND LEVEL,DRY,NO DEFECTS,ON SCENE,INJURY AND / OR TOW DUE TO CRASH,"OVER $1,500",2025-03-03T05:42:00.000,UNABLE TO DETERMINE,UNABLE TO DETERMINE,3301,W,POTOMAC AVE,1422,1,NO INDICATION OF INJURY,0,0,0,0,0,1,0,5,2,3,41.9045269,-87.70941116,POINT (-87.709411160853 41.904526901967),30
85f682b65909b2a5bd8e8cea4dbf30a3d8636d7f0a6adadf9e523759cd8986094656fd5f405a9483cda207ee84aaeba061e034aa403020c7910fab069d77db2b,2025/3/3 5:28,30,TRAFFIC SIGNAL,FUNCTIONING PROPERLY,CLEAR,"DARKNESS, LIGHTED ROAD",TURNING,FOUR WAY,STRAIGHT ON GRADE,DRY,NO DEFECTS,ON SCENE,NO INJURY / DRIVE AWAY,"OVER $1,500",2025-03-03T05:30:00.000,IMPROPER LANE USAGE,UNABLE TO DETERMINE,10301,S,MICHIGAN AVE,512,2,NO INDICATION OF INJURY,0,0,0,0,0,3,0,5,2,3,41.70715686,-87.62007048,POINT (-87.620070478051 41.707156861607),30
b7700ed13315e1858cbd9938d21890664f6b50cd4d2461f71bd90dc6fc5be00f24713ea7bcce4c67ff3ba83969d8adb5b00e5a3e983e18a71540261bd1a3a425,2025/3/3 5:15,30,UNKNOWN,UNKNOWN,CLEAR,UNKNOWN,SIDESWIPE SAME DIRECTION,UNKNOWN,STRAIGHT AND LEVEL,UNKNOWN,UNKNOWN,ON SCENE,NO INJURY / DRIVE AWAY,"OVER $1,500",2025-03-03T05:29:00.000,UNABLE TO DETERMINE,UNABLE TO DETERMINE,927,W,99TH ST,2232,2,NO INDICATION OF INJURY,0,0,0,0,0,2,0,5,2,3,41.71405258,-87.6466012,POINT (-87.646601199771 41.714052582467),30
b5f46048ca8c60b04bbe4628fed1ce2ead76bec382b8046ced343f557a4d8deb3b882c9c6bb032566487a0312be6167b1ef325fd09ebf9cac0148204ac5c91f1,2025/3/3 4:40,10,NO CONTROLS,OTHER,CLEAR,"DARKNESS, LIGHTED ROAD",PARKED MOTOR VEHICLE,PARKING LOT,STRAIGHT AND LEVEL,DRY,NO DEFECTS,ON SCENE,INJURY AND / OR TOW DUE TO CRASH,"OVER $1,500",2025-03-03T07:17:00.000,IMPROPER BACKING,UNABLE TO DETERMINE,1455,W,43RD ST,924,2,NO INDICATION OF INJURY,0,0,0,0,0,1,0,4,2,3,41.81567036,-87.66233704,POINT (-87.662337041922 41.815670363531),10
bc6ed5115c5272f45581d8d39ab16f14357c4c5d67a111b6c036565f7b6ec0560df674430a702a95da369aa1c345c5500bf1296cf7784f54900ab0c7833858db,2025/3/3 4:30,30,TRAFFIC SIGNAL,FUNCTIONING PROPERLY,CLEAR,"DARKNESS, LIGHTED ROAD",SIDESWIPE SAME DIRECTION,NOT DIVIDED,STRAIGHT AND LEVEL,DRY,NO DEFECTS,NOT ON SCENE (DESK REPORT),NO INJURY / DRIVE AWAY,"OVER $1,500",2025-03-03T05:40:00.000,UNABLE TO DETERMINE,UNABLE TO DETERMINE,8700,S,WALLACE ST,2223,2,NO INDICATION OF INJURY,0,0,0,0,0,2,0,4,2,3,41.73581525,-87.63889092,POINT (-87.63889091737 41.73581525235),30
3712be6298a721a312b1489528354f9c3884a75d4f3bb786601d8a7c12f045df69d35940f08130b91e01f63c51e577ff1d14f2980290c44fec995612737c56c9,2025/3/3 4:25,30,NO CONTROLS,NO CONTROLS,CLEAR,DARKNESS,REAR END,NOT DIVIDED,STRAIGHT AND LEVEL,DRY,NO DEFECTS,NOT ON SCENE (DESK REPORT),NO INJURY / DRIVE AWAY,$500 OR LESS,2025-03-03T09:00:00.000,FOLLOWING TOO CLOSELY,UNABLE TO DETERMINE,635,W,87TH ST,2223,2,NO INDICATION OF INJURY,0,0,0,0,0,2,0,4,2,3,41.73592025,-87.64011158,POINT (-87.64011157524 41.73592025173),30
7b0a40b19a8bc8557fd75929efab1df81e702e54445cd4676f9c50dbd6633ecccf827e868b8922ca73d484c2e622062ad386f0d068927d4429c6d30d7fb07328,2025/3/3 4:00,30,NO CONTROLS,NO CONTROLS,CLEAR,UNKNOWN,PARKED MOTOR VEHICLE,ONE-WAY,STRAIGHT AND LEVEL,UNKNOWN,UNKNOWN,NOT ON SCENE (DESK REPORT),NO INJURY / DRIVE AWAY,"OVER $1,500",2025-03-03T09:40:00.000,UNABLE TO DETERMINE,UNABLE TO DETERMINE,52,N,LECLAIRE AVE,1533,2,NO INDICATION OF INJURY,0,0,0,0,0,1,0,4,2,3,41.8816517,-87.75281172,POINT (-87.752811724447 41.881651702969),30
8276d47179b8b5a671ae47995a9bd4b5036e479719b57400e1ef1d52fa68e430d981f10d71d70fb8a7021deb1974816f60b493c6b796554d212e2e831cf43488,2025/3/3 3:38,30,NO CONTROLS,NO CONTROLS,CLEAR,"DARKNESS, LIGHTED ROAD",FIXED OBJECT,DIVIDED - W/MEDIAN (NOT RAISED),STRAIGHT AND LEVEL,DRY,NO DEFECTS,ON SCENE,INJURY AND / OR TOW DUE TO CRASH,"OVER $1,500",2025-03-03T03:38:00.000,DISTRACTION - FROM OUTSIDE VEHICLE,DISTRACTION - FROM OUTSIDE VEHICLE,2215,W,111TH ST,2212,1,INCAPACITATING INJURY,1,0,1,0,0,0,0,3,2,3,41.69172786,-87.67704282,POINT (-87.677042820292 41.691727855254),30
c55b05561830e6b05bd67ea52df98974b0b676803f2ff88f8cc0cf02e903bfba3e4d1d7f6427a0aa8ffe4d6a60abb324bcd531c7381c6c47ea90241962b8d7cc,2025/3/3 3:38,30,NO CONTROLS,NO CONTROLS,CLEAR,"DARKNESS, LIGHTED ROAD",SIDESWIPE SAME DIRECTION,OTHER,STRAIGHT AND LEVEL,DRY,NO DEFECTS,ON SCENE,NO INJURY / DRIVE AWAY,"OVER $1,500",2025-03-03T03:40:00.000,UNABLE TO DETERMINE,NOT APPLICABLE,4726,N,ALBANY AVE,1713,2,NO INDICATION OF INJURY,0,0,0,0,0,2,0,3,2,3,41.96747438,-87.70614527,POINT (-87.70614527143 41.967474376721),30
3b01412e955dc890651e219bc2df346ada42bb47642a6fe60b8ef13b897bde4f1680e86e0960848bb1edcc5679cf4a7c7c838d84dae4708bffdc71226869fb06,2025/3/3 3:15,30,NO CONTROLS,NO CONTROLS,CLEAR,"DARKNESS, LIGHTED ROAD",PARKED MOTOR VEHICLE,NOT DIVIDED,STRAIGHT AND LEVEL,DRY,NO DEFECTS,ON SCENE,NO INJURY / DRIVE AWAY,"OVER $1,500",2025-03-03T03:20:00.000,NOT APPLICABLE,NOT APPLICABLE,9748,S,MICHIGAN AVE,511,3,NO INDICATION OF INJURY,0,0,0,0,0,1,0,3,2,3,41.71669129,-87.62062186,POINT (-87.620621862448 41.716691287116),30
2e605e0c80bb23f6aa36c27a049617be449263479d28c621736cabecdb7bba55650254e58b45ebea26a76536a692f66cb25c7b3d3af60a73e4c5541fab74fa25,2025/3/3 2:40,30,TRAFFIC SIGNAL,FUNCTIONING PROPERLY,CLEAR,DAYLIGHT,TURNING,DIVIDED - W/MEDIAN (NOT RAISED),STRAIGHT AND LEVEL,DRY,UNKNOWN,ON SCENE,INJURY AND / OR TOW DUE TO CRASH,"$501 - $1,500",2025-03-03T15:14:00.000,IMPROPER TURNING/NO SIGNAL,UNABLE TO DETERMINE,400,E,LOWER WACKER DR,114,2,"REPORTED, NOT EVIDENT",2,0,0,0,2,2,0,2,2,3,41.88755113,-87.61735601,POINT (-87.617356008287 41.8875511317),30
184482f79c4cbfd46dc4b21760a7f8565cc23cd4c1e6d6dd1b0916a3a1c06ef5c0eb598cae03cfd80f33dd858f6c18e18c263500ab2f94939a1d6816d885e1a8,2025/3/3 1:52,30,UNKNOWN,UNKNOWN,CLEAR,"DARKNESS, LIGHTED ROAD",TURNING,NOT DIVIDED,STRAIGHT AND LEVEL,DRY,NO DEFECTS,ON SCENE,INJURY AND / OR TOW DUE TO CRASH,"OVER $1,500",2025-03-03T01:53:00.000,DRIVING SKILLS/KNOWLEDGE/EXPERIENCE,UNABLE TO DETERMINE,301,N,AUSTIN BLVD,1512,2,NO INDICATION OF INJURY,0,0,0,0,0,6,0,1,2,3,41.88565367,-87.77468835,POINT (-87.774688353019 41.885653668244),30
acfa2b8df47618e65b74cea18950c04ef9766c519d9b2bfbf4e9516b314dd014d31cfa67bb6f042b112781d0a98f505c7cb218cf5b90233cfbe4e42bd790addb,2025/3/3 1:35,15,STOP SIGN/FLASHER,NO CONTROLS,CLEAR,"DARKNESS, LIGHTED ROAD",PARKED MOTOR VEHICLE,OTHER,STRAIGHT AND LEVEL,DRY,NO DEFECTS,ON SCENE,INJURY AND / OR TOW DUE TO CRASH,"OVER $1,500",2025-03-03T01:39:00.000,DISTRACTION - FROM OUTSIDE VEHICLE,NOT APPLICABLE,937,W,64TH ST,723,2,NO INDICATION OF INJURY,0,0,0,0,0,1,0,1,2,3,41.77776462,-87.64860694,POINT (-87.648606940412 41.777764614964),15
a1e8588d69603740c91c24529871d68ee0cf9deef71b18877ec8f1efa235b000f10a62f55c9427ce56f0bdde396977fe59696d0393df20b1bd9ff6bc54681996,2025/3/3 1:00,20,NO CONTROLS,NO CONTROLS,CLEAR,"DARKNESS, LIGHTED ROAD",PARKED MOTOR VEHICLE,ONE-WAY,STRAIGHT AND LEVEL,DRY,NO DEFECTS,NOT ON SCENE (DESK REPORT),NO INJURY / DRIVE AWAY,"OVER $1,500",2025-03-03T12:15:00.000,NOT APPLICABLE,NOT APPLICABLE,5327,W,SCHUBERT AVE,2514,2,NO INDICATION OF INJURY,0,0,0,0,0,1,0,1,2,3,41.92943284,-87.7599221,POINT (-87.75992209798 41.92943283745),20
4c389a859d979c9b2054ac53432875c901f9c89729d1daef011b9ce23a7907dbf4b0586fbe032d87c72e4dfb73299bf599a857b94407045072971c4b616b5b51,2025/3/3 0:45,35,STOP SIGN/FLASHER,FUNCTIONING PROPERLY,CLEAR,"DARKNESS, LIGHTED ROAD",FIXED OBJECT,NOT DIVIDED,STRAIGHT AND LEVEL,DRY,NO DEFECTS,ON SCENE,INJURY AND / OR TOW DUE TO CRASH,"OVER $1,500",2025-03-03T00:47:00.000,IMPROPER TURNING/NO SIGNAL,DISREGARDING STOP SIGN,1700,N,KOSTNER AVE,2533,1,NO INDICATION OF INJURY,0,0,0,0,0,2,0,0,2,3,41.91167236,-87.73631206,POINT (-87.736312056008 41.911672356702),35
6ca3757fa558d6bae069177d23c021e8a8eb5df9fa3410229c92cbba7980fd9de03eaa2fe39bc31dcf69bd565125594f082f1eda588f4efa190f6c26fc3c0f75,2025/3/3 0:38,35,FLASHING CONTROL SIGNAL,FUNCTIONING PROPERLY,CLEAR,"DARKNESS, LIGHTED ROAD",FIXED OBJECT,DIVIDED - W/MEDIAN (NOT RAISED),STRAIGHT AND LEVEL,DRY,UNKNOWN,ON SCENE,INJURY AND / OR TOW DUE TO CRASH,"OVER $1,500",2025-03-03T00:38:00.000,UNABLE TO DETERMINE,UNABLE TO DETERMINE,2701,S,WESTERN AVE,1034,1,NO INDICATION OF INJURY,0,0,0,0,0,3,0,0,2,3,41.84331724,-87.68520885,POINT (-87.685208850593 41.843317239638),35
1d0f92eb620a01f5eb9458896039f8d95fe2e4c8d57b67f6c1793fd382242242a6dcfd9fa83faefe999943d118a35a8dd2ba1c70b1b0541e04ad6188d6b10f09,2025/3/3 0:30,30,TRAFFIC SIGNAL,FUNCTIONING PROPERLY,CLEAR,"DARKNESS, LIGHTED ROAD",FIXED OBJECT,DIVIDED - W/MEDIAN (NOT RAISED),STRAIGHT AND LEVEL,DRY,NO DEFECTS,NOT ON SCENE (DESK REPORT),NO INJURY / DRIVE AWAY,"OVER $1,500",2025-03-03T12:28:00.000,ANIMAL,NOT APPLICABLE,3400,S,ARCHER AVE,912,1,NO INDICATION OF INJURY,0,0,0,0,0,1,0,0,2,3,41.83223358,-87.67487116,POINT (-87.674871164632 41.832233575624),30
76f4d0c3a47da89fe3daeeb1204156759b709afbb857a763282a583504adb7a982ab70c2e480dd131dab0a4fa1bdd1a867aeba10eeaba67817ea0e5c69b9879a,2025/3/3 0:01,30,NO CONTROLS,NO CONTROLS,CLEAR,"DARKNESS, LIGHTED ROAD",PARKED MOTOR VEHICLE,NOT DIVIDED,STRAIGHT AND LEVEL,DRY,NO DEFECTS,NOT ON SCENE (DESK REPORT),NO INJURY / DRIVE AWAY,"OVER $1,500",2025-03-03T06:11:00.000,UNABLE TO DETERMINE,NOT APPLICABLE,534,W,DIVISION ST,1821,2,NO INDICATION OF INJURY,0,0,0,0,0,1,0,0,2,3,41.90383674,-87.64251129,POINT (-87.642511293587 41.903836735849),30
75429e71459d4cd9f73954cada7e047e2032fe201903671ebae68547cb4a5af488c7aa632568061a10cabb79aa334e940bece163a7a4aaab39313f7b46cb4e23,2025/3/3 0:00,30,NO CONTROLS,NO CONTROLS,CLEAR,UNKNOWN,PARKED MOTOR VEHICLE,NOT DIVIDED,STRAIGHT AND LEVEL,DRY,NO DEFECTS,ON SCENE,NO INJURY / DRIVE AWAY,"OVER $1,500",2025-03-03T12:48:00.000,IMPROPER BACKING,UNABLE TO DETERMINE,3431,N,LAKE SHORE DR,1925,2,NO INDICATION OF INJURY,0,0,0,0,0,1,0,0,2,3,41.94446248,-87.64093598,POINT (-87.640935975853 41.94446247668),30
79b2e4535ca62e38983e01b8a94112fdda9097da2aecd96e2bd57330b8123e735c8cf9f539e2b03734eb592c2feeeb668525cf566a3c6b0c5640cef596a4d1b2,2025/3/2 23:51,30,NO CONTROLS,NO CONTROLS,CLEAR,"DARKNESS, LIGHTED ROAD",FIXED OBJECT,OTHER,"CURVE, LEVEL",DRY,UNKNOWN,ON SCENE,INJURY AND / OR TOW DUE TO CRASH,"OVER $1,500",2025-03-02T23:51:00.000,UNABLE TO DETERMINE,UNABLE TO DETERMINE,506,E,SOLIDARITY DR,132,1,NO INDICATION OF INJURY,0,0,0,0,0,2,0,23,1,3,41.86648062,-87.6138911,POINT (-87.613891097249 41.866480616963),30
d0f6ac9bf6d9bf862c91cbedee962839b583815fe42eadf3240bf5559e86c533337a32b013cf594b00af78ac9e087f41daa43e5d5f2f3e0bf5e573571b630ae5,2025/3/2 23:46,35,TRAFFIC SIGNAL,FUNCTIONING PROPERLY,CLEAR,"DARKNESS, LIGHTED ROAD",ANGLE,FOUR WAY,STRAIGHT AND LEVEL,DRY,UNKNOWN,ON SCENE,INJURY AND / OR TOW DUE TO CRASH,"OVER $1,500",2025-03-02T23:46:00.000,DISREGARDING TRAFFIC SIGNALS,NOT APPLICABLE,150,N,COLUMBUS DR,114,2,"REPORTED, NOT EVIDENT",2,0,0,0,2,0,0,23,1,3,41.88458537,-87.62079215,POINT (-87.620792152563 41.884585370634),35
77c887da9d0f7c13d51865b7553eaa6ecd9f27236b1bf9530984ef5d93b881009c2ed22402588da3784bdab2932acf7659304e09c4ad94508ec2f558a8d14a24,2025/3/2 23:40,30,NO CONTROLS,NO CONTROLS,CLEAR,"DARKNESS, LIGHTED ROAD",OTHER OBJECT,NOT DIVIDED,STRAIGHT AND LEVEL,DRY,NO DEFECTS,ON SCENE,INJURY AND / OR TOW DUE TO CRASH,"OVER $1,500",2025-03-03T01:24:00.000,UNABLE TO DETERMINE,UNABLE TO DETERMINE,1445,E,83RD ST,412,2,NO INDICATION OF INJURY,0,0,0,0,0,1,0,23,1,3,41.74405128,-87.58869716,POINT (-87.588697156578 41.744051279187),30
6f75fd71623bf9d857d0a67bfab51e1fa987ef2d02cb0b8c1605e7e30828dd31508ef8e2fb30e4b43b1e66f1b447f219c356c0a467ae9e3dce6b70044659d688,2025/3/2 23:30,30,STOP SIGN/FLASHER,FUNCTIONING PROPERLY,CLEAR,"DARKNESS, LIGHTED ROAD",ANGLE,FOUR WAY,STRAIGHT AND LEVEL,DRY,NO DEFECTS,NOT ON SCENE (DESK REPORT),NO INJURY / DRIVE AWAY,"$501 - $1,500",2025-03-02T23:50:00.000,FAILING TO YIELD RIGHT-OF-WAY,UNABLE TO DETERMINE,1800,W,21ST ST,1234,2,NO INDICATION OF INJURY,0,0,0,0,0,2,0,23,1,3,41.85418462,-87.6711194,POINT (-87.671119399134 41.854184616269),30
b56781788c4b518fe146d10eba232bb2322de5b490ebceb06ef7d574be0621cee7e1e3d769fa78fc016cb949208961de92c1b432447b6845a0bc1cedb33577b1,2025/3/2 23:23,30,NO CONTROLS,NO CONTROLS,CLEAR,"DARKNESS, LIGHTED ROAD",OVERTURNED,DIVIDED - W/MEDIAN (NOT RAISED),STRAIGHT AND LEVEL,DRY,NO DEFECTS,ON SCENE,INJURY AND / OR TOW DUE TO CRASH,"OVER $1,500",2025-03-02T23:23:00.000,UNABLE TO DETERMINE,UNABLE TO DETERMINE,548,W,79TH ST,621,1,NO INDICATION OF INJURY,0,0,0,0,0,1,0,23,1,3,41.75082789,-87.63876645,POINT (-87.638766445269 41.750827891634),30
2f2e49ce0ccf64023e6c969a9fa05b1031d0ab3e66d0ccd214e61232338719f5195b5d5b23daf95e642c74caca0f6cd2944d637a792a82c04ed90282bf8aa455,2025/3/2 22:52,30,TRAFFIC SIGNAL,FUNCTIONING PROPERLY,CLEAR,"DARKNESS, LIGHTED ROAD",TURNING,FOUR WAY,STRAIGHT AND LEVEL,DRY,NO DEFECTS,ON SCENE,INJURY AND / OR TOW DUE TO CRASH,"OVER $1,500",2025-03-02T23:52:00.000,IMPROPER TURNING/NO SIGNAL,UNABLE TO DETERMINE,3000,W,PALMER BLVD,1414,2,NONINCAPACITATING INJURY,1,0,0,1,0,1,0,22,1,3,41.92161169,-87.70237965,POINT (-87.702379651845 41.921611692897),30