crash_record_id,crash_date,posted_speed_limit,traffic_control_device,device_condition,weather_condition,lighting_condition,first_crash_type,trafficway_type,alignment,roadway_surface_cond,road_defect,report_type,crash_type,damage,date_police_notified,prim_contributory_cause,sec_contributory_cause,street_no,street_direction,street_name,beat_of_occurrence,num_units,most_severe_injury,injuries_total,injuries_fatal,injuries_incapacitating,injuries_non_incapacitating,injuries_reported_not_evident,injuries_no_indication,injuries_unknown,crash_hour,crash_day_of_week,crash_month,latitude,longitude,location,speed_limit
f954cf35b41bb8b06e1a4aa9c5671ee991db0c80b4120ff195259a618787c1d4000b9c34dfe711d0c72ef473d452c558f0c050feadac0fa0c3bd2ff705807c63,2025/3/2 22:51,30,NO CONTROLS,NO CONTROLS,CLEAR,"DARKNESS, LIGHTED ROAD",PARKED MOTOR VEHICLE,ONE-WAY,STRAIGHT AND LEVEL,DRY,NO DEFECTS,ON SCENE,INJURY AND / OR TOW DUE TO CRASH,"OVER $1,500",2025-03-02T22:53:00.000,UNABLE TO DETERMINE,UNABLE TO DETERMINE,3851,S,LAKE PARK AVE,212,2,NONINCAPACITATING INJURY,1,0,0,1,0,0,0,22,1,3,41.82566447,-87.60415368,POINT (-87.604153681215 41.825664467926),30
b55c557d4cdc57310b99c5a661473070d5ee1e7837a206a386e2acf796fa9930591f18c27685b0c807fe4e5586d57b615ecb7774cc3443058ac380f8614b9bb4,2025/3/2 22:44,30,NO CONTROLS,NO CONTROLS,CLEAR,DARKNESS,FIXED OBJECT,OTHER,"CURVE, LEVEL",DRY,UNKNOWN,ON SCENE,NO INJURY / DRIVE AWAY,"OVER $1,500",2025-03-02T22:44:00.000,UNDER THE INFLUENCE OF ALCOHOL/DRUGS (USE WHEN ARREST IS EFFECTED),NOT APPLICABLE,10118,S,INDIANA AVE,511,1,NO INDICATION OF INJURY,0,0,0,0,0,1,0,22,1,3,41.71028092,-87.61886019,POINT (-87.618860190295 41.710280917776),30
0d29f84686c759fb378dfd8997aec8fa1511821aeb75c66abba4a455842506b6d5c1935db210bf6bcbde03d3cccb7db4a05471614b80aaaacd413845cd7c66ae,2025/3/2 22:24,30,NO CONTROLS,NO CONTROLS,CLEAR,"DARKNESS, LIGHTED ROAD",FIXED OBJECT,NOT DIVIDED,STRAIGHT AND LEVEL,DRY,NO DEFECTS,ON SCENE,NO INJURY / DRIVE AWAY,"OVER $1,500",2025-03-02T22:40:00.000,NOT APPLICABLE,NOT APPLICABLE,2661,W,JARVIS AVE,2411,1,NO INDICATION OF INJURY,0,0,0,0,0,2,0,22,1,3,42.01564359,-87.69722595,POINT (-87.697225944991 42.015643587753),30
962a13170fd7c14bb21ad5a38075339399c760119395f539f52c49b12c2640639171fd732d364afcd014b985c9242efafe1a48c8906f16566c2a8346fa178b21,2025/3/2 22:10,30,NO CONTROLS,NO CONTROLS,CLEAR,"DARKNESS, LIGHTED ROAD",PARKED MOTOR VEHICLE,DIVIDED - W/MEDIAN (NOT RAISED),STRAIGHT AND LEVEL,DRY,UNKNOWN,NOT ON SCENE (DESK REPORT),NO INJURY / DRIVE AWAY,$500 OR LESS,2025-03-03T14:20:00.000,IMPROPER BACKING,NOT APPLICABLE,4301,W,NORTH AVE,2534,2,NO INDICATION OF INJURY,0,0,0,0,0,1,0,22,1,3,41.90967622,-87.73392386,POINT (-87.733923861125 41.909676222517),30
7be39693b25d641c377005a18a7ceb03b7b1f9737fb2c548c7c51c371d43a14e7815ccc1717daa1828a62d0bb1841b16fb1fb364231576d3ac17dcc9ddcdf8dd,2025/3/2 22:00,30,NO CONTROLS,NO CONTROLS,CLEAR,"DARKNESS, LIGHTED ROAD",REAR END,NOT DIVIDED,STRAIGHT AND LEVEL,DRY,NO DEFECTS,ON SCENE,NO INJURY / DRIVE AWAY,$500 OR LESS,2025-03-02T22:11:00.000,UNABLE TO DETERMINE,UNABLE TO DETERMINE,7421,S,PRAIRIE AVE,323,2,NO INDICATION OF INJURY,0,0,0,0,0,6,0,22,1,3,41.75951976,-87.61818861,POINT (-87.618188608967 41.759519764657),30
dab4e2ff6bb1fc8c379f24899125fafbbabdff740fef65046fe10a6edfdb60b924d58ee65c34f076c66047d437a595b35f258934ba67b62c4f88b69d496ba1d7,2025/3/2 22:00,15,NO CONTROLS,NO CONTROLS,CLEAR,"DARKNESS, LIGHTED ROAD",PARKED MOTOR VEHICLE,NOT DIVIDED,STRAIGHT AND LEVEL,DRY,UNKNOWN,NOT ON SCENE (DESK REPORT),NO INJURY / DRIVE AWAY,$500 OR LESS,2025-03-02T22:30:00.000,UNABLE TO DETERMINE,UNABLE TO DETERMINE,2254,N,RACINE AVE,1811,2,NO INDICATION OF INJURY,0,0,0,0,0,1,0,22,1,3,41.9232704,-87.65853414,POINT (-87.658534139014 41.923270398605),15
e6a381da48c6c82991a04ccf93a66f240826867446e0185db0a8466a497f2b8a479c64393adbbe7d4d4515f815aeaa02eb3b42de3e72eb042dd28efe74155f4e,2025/3/2 21:55,30,NO CONTROLS,NO CONTROLS,CLEAR,"DARKNESS, LIGHTED ROAD",PEDALCYCLIST,DIVIDED - W/MEDIAN (NOT RAISED),STRAIGHT AND LEVEL,DRY,NO DEFECTS,ON SCENE,INJURY AND / OR TOW DUE TO CRASH,"$501 - $1,500",2025-03-02T21:57:00.000,UNABLE TO DETERMINE,NOT APPLICABLE,337,W,76TH ST,623,2,NONINCAPACITATING INJURY,1,0,0,1,0,1,0,21,1,3,41.75616082,-87.63341545,POINT (-87.633415445749 41.756160815063),30
74a951f616408185da487da37d9617a8ebf4982831702a776144da0a68bcec97c24f84a50c9b3f9fed6dbe44d7d42204f0fe0c417c47031451c968c61034d065,2025/3/2 21:50,30,TRAFFIC SIGNAL,UNKNOWN,CLEAR,"DARKNESS, LIGHTED ROAD",ANGLE,FOUR WAY,STRAIGHT AND LEVEL,DRY,UNKNOWN,ON SCENE,NO INJURY / DRIVE AWAY,"OVER $1,500",2025-03-02T21:50:00.000,UNABLE TO DETERMINE,NOT APPLICABLE,7100,S,HALSTED ST,733,2,NO INDICATION OF INJURY,0,0,0,0,0,3,0,21,1,3,41.76510943,-87.64455695,POINT (-87.644556951763 41.765109431911),30
5a3bd060e1905d2a642dc53e02b3463f6b5bb9a42821e9b5861a15e6b77c5a2b06ec38da33d6326dd904b7c850fa35f07609a720b444bb77fa16e9cabdafaa3f,2025/3/2 21:45,25,STOP SIGN/FLASHER,FUNCTIONING IMPROPERLY,CLEAR,"DARKNESS, LIGHTED ROAD",ANGLE,FOUR WAY,STRAIGHT AND LEVEL,DRY,NO DEFECTS,ON SCENE,INJURY AND / OR TOW DUE TO CRASH,"OVER $1,500",2025-03-02T21:52:00.000,DISREGARDING STOP SIGN,NOT APPLICABLE,1798,E,82ND ST,414,2,NO INDICATION OF INJURY,0,0,0,0,0,3,0,21,1,3,41.74619009,-87.58127646,POINT (-87.581276457978 41.746190093928),25
f1b0769cedb8c01489447cf6c9d743368b9b4684801b4ae253939e32f6f129eff59dde8d06673265c6b62833502f42d782cbb77f3437c9ff0a8bcb5f0ff84c82,2025/3/2 21:45,30,STOP SIGN/FLASHER,FUNCTIONING PROPERLY,CLEAR,"DARKNESS, LIGHTED ROAD",TURNING,DIVIDED - W/MEDIAN (NOT RAISED),STRAIGHT AND LEVEL,DRY,NO DEFECTS,NOT ON SCENE (DESK REPORT),INJURY AND / OR TOW DUE TO CRASH,"OVER $1,500",2025-03-02T23:20:00.000,IMPROPER TURNING/NO SIGNAL,NOT APPLICABLE,772,E,55TH DR,233,2,NO INDICATION OF INJURY,0,0,0,0,0,2,0,21,1,3,41.79507653,-87.60626892,POINT (-87.606268917439 41.79507653392),30
2da4c67303798e8b9680a7ecb522be116ca77c25d716a53e5ca3bbc1a970af68f566b5a3be172e5932ea1739cfbacc2ab5793131aea318c531cfec94954bba14,2025/3/2 21:40,30,TRAFFIC SIGNAL,FUNCTIONING PROPERLY,CLEAR,"DARKNESS, LIGHTED ROAD",FIXED OBJECT,NOT DIVIDED,STRAIGHT AND LEVEL,DRY,NO DEFECTS,ON SCENE,INJURY AND / OR TOW DUE TO CRASH,"OVER $1,500",2025-03-02T21:40:00.000,UNABLE TO DETERMINE,NOT APPLICABLE,7100,S,ELLIS AVE,324,1,NO INDICATION OF INJURY,0,0,0,0,0,2,0,21,1,3,41.76575476,-87.60083476,POINT (-87.600834755854 41.765754757881),30
b3d4f0fd0ddee9737d97b6e293c96cd16cad98b41a6e98401066039324a64bdf0b98f7a91933bd5615b31346337b206792c6318269db72bbd49b7b3446578734,2025/3/2 21:30,30,UNKNOWN,UNKNOWN,UNKNOWN,UNKNOWN,TURNING,DIVIDED - W/MEDIAN (NOT RAISED),STRAIGHT AND LEVEL,UNKNOWN,UNKNOWN,NOT ON SCENE (DESK REPORT),NO INJURY / DRIVE AWAY,"OVER $1,500",2025-03-02T21:40:00.000,UNABLE TO DETERMINE,NOT APPLICABLE,8235,S,KEDZIE AVE,835,2,NO INDICATION OF INJURY,0,0,0,0,0,2,0,21,1,3,41.74326911,-87.70206583,POINT (-87.702065832151 41.743269111673),30
e56746db695ac46fcf47add1f7bd4502aef8148aba1c3f091374e1e7920705a373aeb88807f57f8eba63da0ace06884cf80befcbc5dc4b5950a52ec5d529fead,2025/3/2 21:20,30,NO CONTROLS,UNKNOWN,CLEAR,"DARKNESS, LIGHTED ROAD",PARKED MOTOR VEHICLE,NOT DIVIDED,STRAIGHT AND LEVEL,DRY,NO DEFECTS,ON SCENE,INJURY AND / OR TOW DUE TO CRASH,"OVER $1,500",2025-03-02T21:22:00.000,UNABLE TO DETERMINE,UNABLE TO DETERMINE,4824,N,NAGLE AVE,1613,3,NO INDICATION OF INJURY,0,0,0,0,0,1,0,21,1,3,41.96921472,-87.78814848,POINT (-87.78814847681 41.969214720919),30
722ac3f62bc062d74faf615118f062a753eb47877d2e39b6e6978b9d40563c576ff274b1d12be0710d5ace7e5af45fcc9ca467aa4f1378863ad5ad4707a1a8e5,2025/3/2 21:19,25,NO CONTROLS,NO CONTROLS,CLEAR,"DARKNESS, LIGHTED ROAD",ANGLE,NOT DIVIDED,STRAIGHT AND LEVEL,DRY,NO DEFECTS,ON SCENE,INJURY AND / OR TOW DUE TO CRASH,"OVER $1,500",2025-03-02T21:30:00.000,UNABLE TO DETERMINE,UNABLE TO DETERMINE,6035,S,ASHLAND AVE,713,2,NO INDICATION OF INJURY,0,0,0,0,0,2,0,21,1,3,41.78388075,-87.66418002,POINT (-87.664180015537 41.783880745186),25
b9d6f0155ba920cfc379f7fe8a571ab183d65c3323b6499aaa5fe5c9bf54594b201dfdeec676e582f1b69d6b8fed2995f9d1ab27bd32c1fed7e1f9469b9eaf3b,2025/3/2 21:18,30,TRAFFIC SIGNAL,FUNCTIONING PROPERLY,CLEAR,"DARKNESS, LIGHTED ROAD",SIDESWIPE SAME DIRECTION,ONE-WAY,STRAIGHT AND LEVEL,DRY,NO DEFECTS,NOT ON SCENE (DESK REPORT),NO INJURY / DRIVE AWAY,"OVER $1,500",2025-03-02T22:15:00.000,IMPROPER OVERTAKING/PASSING,IMPROPER LANE USAGE,400,E,ILLINOIS ST,1834,2,NO INDICATION OF INJURY,0,0,0,0,0,3,0,21,1,3,41.89116308,-87.61754788,POINT (-87.617547881573 41.891163078971),30
cb443b19816dbe810ed8bf8e71352075d91ebdc937e349d00d4f45c81a1c7244eb224d8ed0efc7ee10b273b62769b46bb663c7d33c3d609a047e8b7ad5fb19d6,2025/3/2 21:10,30,NO CONTROLS,NO CONTROLS,CLEAR,"DARKNESS, LIGHTED ROAD",ANGLE,PARKING LOT,STRAIGHT AND LEVEL,DRY,NO DEFECTS,NOT ON SCENE (DESK REPORT),NO INJURY / DRIVE AWAY,"$501 - $1,500",2025-03-02T21:50:00.000,UNABLE TO DETERMINE,NOT APPLICABLE,7955,S,CICERO AVE,834,2,NO INDICATION OF INJURY,0,0,0,0,0,3,0,21,1,3,41.74799664,-87.74115701,POINT (-87.741157005576 41.747996637949),30
6b6b132d7310c02bcf7f411335cf756cf70c5181f31cf4251f77af1554570fa8a7e53925d35f228d9e4872d8c0a1989fb152fc69bb84a96f10d7e77b2f8cc3e4,2025/3/2 21:00,30,TRAFFIC SIGNAL,FUNCTIONING PROPERLY,CLEAR,"DARKNESS, LIGHTED ROAD",TURNING,DIVIDED - W/MEDIAN (NOT RAISED),STRAIGHT AND LEVEL,DRY,NO DEFECTS,NOT ON SCENE (DESK REPORT),NO INJURY / DRIVE AWAY,"OVER $1,500",2025-03-03T13:10:00.000,UNABLE TO DETERMINE,NOT APPLICABLE,6049,S,ASHLAND AVE,713,2,NO INDICATION OF INJURY,0,0,0,0,0,2,0,21,1,3,41.7834853,-87.66417087,POINT (-87.664170870645 41.783485304363),30
5d7a1d72ea308172dc66c4d74289a34442cd04c1dc9461584d798ce8f3a5f0d51060b98cc61e51dc932e5455d242892fb88a4c617631b5f6271f3f09851de60c,2025/3/2 20:52,30,STOP SIGN/FLASHER,UNKNOWN,UNKNOWN,UNKNOWN,FIXED OBJECT,NOT DIVIDED,STRAIGHT AND LEVEL,UNKNOWN,UNKNOWN,NOT ON SCENE (DESK REPORT),INJURY AND / OR TOW DUE TO CRASH,"OVER $1,500",2025-03-02T22:52:00.000,UNABLE TO DETERMINE,UNABLE TO DETERMINE,400,W,60TH ST,711,1,NO INDICATION OF INJURY,0,0,0,0,0,1,0,20,1,3,41.78542381,-87.63542421,POINT (-87.635424210004 41.785423807178),30
0cd19c28ad6d2c778e10fee5255726084998e720caeae681d9d24aae4806a749736458d907a71d6ef0931615fb6a515d394429b0046131f60d0b4342e2aacdb0,2025/3/2 20:46,30,NO CONTROLS,NO CONTROLS,CLEAR,DARKNESS,PARKED MOTOR VEHICLE,ONE-WAY,STRAIGHT AND LEVEL,DRY,NO DEFECTS,ON SCENE,NO INJURY / DRIVE AWAY,"OVER $1,500",2025-03-02T21:09:00.000,UNABLE TO DETERMINE,UNABLE TO DETERMINE,10448,S,EGGLESTON AVE,2233,2,NO INDICATION OF INJURY,0,0,0,0,0,1,0,20,1,3,41.70375496,-87.63443721,POINT (-87.634437211385 41.703754964449),30
9c3a217fefba97de261a27599d7c8f5ad5ad1314b50aa12d1eb06b9ef055e47b4f0a7b54b994773a3acbf0e497fbbf8fdbbc998f6272b4dccbfac37c3167527b,2025/3/2 20:45,30,NO CONTROLS,NO CONTROLS,CLEAR,"DARKNESS, LIGHTED ROAD",SIDESWIPE SAME DIRECTION,OTHER,"CURVE, LEVEL",DRY,UNKNOWN,NOT ON SCENE (DESK REPORT),NO INJURY / DRIVE AWAY,$500 OR LESS,2025-03-02T21:30:00.000,IMPROPER OVERTAKING/PASSING,IMPROPER OVERTAKING/PASSING,133,E,LA SALLE DR,1814,2,NO INDICATION OF INJURY,0,0,0,0,0,2,0,20,1,3,41.91297548,-87.62615002,POINT (-87.626150020899 41.912975484944),30
f1e31d410876480bae7472d40581ac8f1964f2935e047f665a87570ed5eb5e6eba4dab149d111ef396f628cb085c83f1134d90bcd1f235e42b05b11e3d3db971,2025/3/2 20:40,30,UNKNOWN,UNKNOWN,UNKNOWN,UNKNOWN,ANGLE,FOUR WAY,STRAIGHT AND LEVEL,UNKNOWN,UNKNOWN,ON SCENE,INJURY AND / OR TOW DUE TO CRASH,"OVER $1,500",2025-03-02T21:52:00.000,UNABLE TO DETERMINE,NOT APPLICABLE,5300,S,HALSTED ST,934,2,"REPORTED, NOT EVIDENT",1,0,0,0,1,1,0,20,1,3,41.79779435,-87.64539321,POINT (-87.645393214766 41.797794354059),30
19f7204d0f27543295abc905e66c4566f6f47a91cc84848fde1482feb85198ad6f6843d2b7b68cb94b0aae89e71e9750f35afc8744ff6205f47cd8edb1072601,2025/3/2 20:39,30,STOP SIGN/FLASHER,FUNCTIONING PROPERLY,CLEAR,"DARKNESS, LIGHTED ROAD",SIDESWIPE SAME DIRECTION,FOUR WAY,STRAIGHT AND LEVEL,DRY,NO DEFECTS,NOT ON SCENE (DESK REPORT),NO INJURY / DRIVE AWAY,"OVER $1,500",2025-03-03T16:05:00.000,IMPROPER OVERTAKING/PASSING,IMPROPER LANE USAGE,619,N,HAMLIN AVE,1122,2,NO INDICATION OF INJURY,0,0,0,0,0,3,0,20,1,3,41.89236854,-87.72095212,POINT (-87.720952124823 41.892368543133),30
60511a06e717f410bc201343e86efd8f7d713e5fe8841f8370455c82d75b6328c1f7ff278dcbdb387175eace63f29e1789677b0868bd1f4f2e51631575a8adc2,2025/3/2 20:30,30,UNKNOWN,UNKNOWN,CLEAR,"DARKNESS, LIGHTED ROAD",TURNING,T-INTERSECTION,STRAIGHT AND LEVEL,DRY,UNKNOWN,ON SCENE,INJURY AND / OR TOW DUE TO CRASH,"OVER $1,500",2025-03-02T23:26:00.000,FAILING TO YIELD RIGHT-OF-WAY,IMPROPER OVERTAKING/PASSING,4601,S,STATE ST,215,2,NO INDICATION OF INJURY,0,0,0,0,0,2,0,20,1,3,41.8109661,-87.62598052,POINT (-87.625980521523 41.810966102912),30
690dada698cc41c7d733c50a06c92e90a8f8d20a573c04a5ed77e3a5876358fa894a5d659f05e804dea089e43b5781b2512c4c6143fb7fc1d0a7045daa2f92d6,2025/3/2 20:23,30,STOP SIGN/FLASHER,FUNCTIONING PROPERLY,CLEAR,"DARKNESS, LIGHTED ROAD",TURNING,FOUR WAY,STRAIGHT AND LEVEL,DRY,UNKNOWN,ON SCENE,INJURY AND / OR TOW DUE TO CRASH,"OVER $1,500",2025-03-02T20:23:00.000,UNABLE TO DETERMINE,NOT APPLICABLE,4600,N,MAGNOLIA AVE,1913,2,NONINCAPACITATING INJURY,1,0,0,1,0,3,0,20,1,3,41.96543519,-87.66117219,POINT (-87.661172188386 41.965435189323),30
bafc89d4de4fbc227bf4d5f919627fdc2d570c9b6122a45b7efb25bd9670ffa070ea80735aba452681bca924f9161cc3232173dfd892c484ac6f396a8409cfaa,2025/3/2 20:22,30,STOP SIGN/FLASHER,FUNCTIONING PROPERLY,CLEAR,"DARKNESS, LIGHTED ROAD",REAR END,FOUR WAY,STRAIGHT AND LEVEL,ICE,OTHER,ON SCENE,NO INJURY / DRIVE AWAY,"OVER $1,500",2025-03-02T20:29:00.000,ROAD ENGINEERING/SURFACE/MARKING DEFECTS,NOT APPLICABLE,1401,W,NORTH AVE,1433,3,NO INDICATION OF INJURY,0,0,0,0,0,6,0,20,1,3,41.91058895,-87.66284109,POINT (-87.662841089433 41.910588952288),30
19a51007f371e307d4a3d1f9b9c69896342b1ea982f2d87f3bf2ed28a1abe0853403313ec7a28d6601fa8aa76d4d45456c4c372f038cf30dbcc7f68d54557cb2,2025/3/2 20:20,30,TRAFFIC SIGNAL,FUNCTIONING PROPERLY,CLEAR,"DARKNESS, LIGHTED ROAD",TURNING,NOT DIVIDED,STRAIGHT AND LEVEL,DRY,NO DEFECTS,ON SCENE,INJURY AND / OR TOW DUE TO CRASH,"OVER $1,500",2025-03-02T20:58:00.000,FAILING TO YIELD RIGHT-OF-WAY,NOT APPLICABLE,6799,W,63RD ST,812,2,NO INDICATION OF INJURY,0,0,0,0,0,3,0,20,1,3,41.77742163,-87.79095319,POINT (-87.790953191626 41.777421625123),30
43c9678ad5162b50f5f6d1ecbed1834ee1ba3ef172813526af185dd83b27c062e4a0792a0cd547e3e69dd33acfe14e5d4fd9d6da0437a49d0d5246ccf034a336,2025/3/2 20:10,30,NO CONTROLS,NO CONTROLS,CLEAR,"DARKNESS, LIGHTED ROAD",SIDESWIPE SAME DIRECTION,DIVIDED - W/MEDIAN (NOT RAISED),STRAIGHT AND LEVEL,DRY,NO DEFECTS,NOT ON SCENE (DESK REPORT),NO INJURY / DRIVE AWAY,"OVER $1,500",2025-03-02T20:40:00.000,UNABLE TO DETERMINE,NOT APPLICABLE,7900,S,WESTERN AVE,835,2,NO INDICATION OF INJURY,0,0,0,0,0,5,0,20,1,3,41.75005493,-87.6829922,POINT (-87.682992202902 41.75005493365),30
6256cdd390c92302f8811795ede5f22e665bc8c101571c46df5d5c8d06a6620a87495763f3601aa71ab0ddd7ec29cf280495742e1b5d8d58a01ee6d6fef68fb3,2025/3/2 20:10,30,NO CONTROLS,NO CONTROLS,CLEAR,"DARKNESS, LIGHTED ROAD",SIDESWIPE SAME DIRECTION,ONE-WAY,STRAIGHT AND LEVEL,DRY,NO DEFECTS,ON SCENE,NO INJURY / DRIVE AWAY,"$501 - $1,500",2025-03-02T20:20:00.000,"OPERATING VEHICLE IN ERRATIC, RECKLESS, CARELESS, NEGLIGENT OR AGGRESSIVE MANNER",UNABLE TO DETERMINE,8116,S,EVANS AVE,631,2,NO INDICATION OF INJURY,0,0,0,0,0,3,0,20,1,3,41.747061,-87.60647744,POINT (-87.606477440522 41.747060995902),30
d837484ad9fbcc24f62cf8902324ebf39a42d9a6778d907061e5ad077d32f62f8b80f9ba736c83687e07150821a374864bec4e825c1ee12eef6f7f3b379f8a42,2025/3/2 20:00,25,NO CONTROLS,NO CONTROLS,CLEAR,DARKNESS,ANGLE,NOT DIVIDED,STRAIGHT AND LEVEL,DRY,NO DEFECTS,NOT ON SCENE (DESK REPORT),NO INJURY / DRIVE AWAY,"OVER $1,500",2025-03-03T17:25:00.000,FAILING TO YIELD RIGHT-OF-WAY,DRIVING SKILLS/KNOWLEDGE/EXPERIENCE,1001,W,ALTGELD ST,1932,2,NO INDICATION OF INJURY,0,0,0,0,0,2,0,20,1,3,41.92708114,-87.65378803,POINT (-87.653788025205 41.927081139384),25
ab8943a0b483bcbb0243b0507346c172d935a1e911d82f109ec0578f3ed29c41356edfb6a204f5fbb5983aedffa416ca1c6b955a49aab9a71d8574e1f8277e27,2025/3/2 19:45,30,NO CONTROLS,NO CONTROLS,CLEAR,DAYLIGHT,SIDESWIPE SAME DIRECTION,NOT DIVIDED,STRAIGHT AND LEVEL,DRY,NO DEFECTS,NOT ON SCENE (DESK REPORT),NO INJURY / DRIVE AWAY,"$501 - $1,500",2025-03-02T19:52:00.000,NOT APPLICABLE,NOT APPLICABLE,6700,S,LAFLIN ST,725,2,NO INDICATION OF INJURY,0,0,0,0,0,2,0,19,1,3,41.77213522,-87.66173482,POINT (-87.661734823685 41.772135223503),30
10a97c17052e639183af3716132ee986990b5b4ff4ff8b66ed7123e30defeadeb86b7ee996c6c9572012bd731ff549d4778d5aaa7283a230ce326dbc26fe353f,2025/3/2 19:30,30,NO CONTROLS,NO CONTROLS,CLEAR,DUSK,SIDESWIPE SAME DIRECTION,NOT DIVIDED,STRAIGHT AND LEVEL,DRY,NO DEFECTS,NOT ON SCENE (DESK REPORT),NO INJURY / DRIVE AWAY,"$501 - $1,500",2025-03-02T19:30:00.000,IMPROPER LANE USAGE,UNABLE TO DETERMINE,5121,S,HARPER AVE,234,2,NO INDICATION OF INJURY,0,0,0,0,0,2,0,19,1,3,41.80176553,-87.58899444,POINT (-87.588994440392 41.801765526591),30
4f4234f7c7b7173e83a92d230aafbd179a7d0f361e99f44d9c36dac09206d741c799d5820d628a4ffd23abe063fa8c34440f46dabadfb221b2d8b021e1247db5,2025/3/2 19:26,30,STOP SIGN/FLASHER,FUNCTIONING PROPERLY,CLEAR,"DARKNESS, LIGHTED ROAD",SIDESWIPE SAME DIRECTION,FOUR WAY,STRAIGHT AND LEVEL,DRY,NO DEFECTS,ON SCENE,NO INJURY / DRIVE AWAY,"$501 - $1,500",2025-03-02T19:26:00.000,DRIVING SKILLS/KNOWLEDGE/EXPERIENCE,NOT APPLICABLE,7900,S,PAULINA ST,611,2,NO INDICATION OF INJURY,0,0,0,0,0,2,0,19,1,3,41.75023202,-87.66600826,POINT (-87.666008255309 41.750232021249),30
323ac98cc2a8e0d4d52bbdf0fc72b776ba62679a2aed8cbc379bf7d2d616a71b5a70642a4520bf9ea98a59009a226a8405f7305a634db04631ed93cd6cc7d708,2025/3/2 19:20,30,NO CONTROLS,NO CONTROLS,UNKNOWN,UNKNOWN,PARKED MOTOR VEHICLE,NOT DIVIDED,STRAIGHT AND LEVEL,UNKNOWN,NO DEFECTS,ON SCENE,INJURY AND / OR TOW DUE TO CRASH,"OVER $1,500",2025-03-03T10:07:00.000,DRIVING SKILLS/KNOWLEDGE/EXPERIENCE,UNABLE TO DETERMINE,11514,S,AVENUE J,433,2,NO INDICATION OF INJURY,0,0,0,0,0,1,0,19,1,3,41.68590593,-87.5342068,POINT (-87.534206801754 41.685905932332),30
de91b3275ea070cd4584c674721aa2f3863f02095ca56cbc90845a6df6602e16d4df9ecf58fde7408fb59ab2ff58402abf3fae3ed8c77f9ac8cc078905a0c84d,2025/3/2 19:20,30,TRAFFIC SIGNAL,FUNCTIONING PROPERLY,CLEAR,"DARKNESS, LIGHTED ROAD",ANGLE,NOT DIVIDED,STRAIGHT AND LEVEL,UNKNOWN,UNKNOWN,ON SCENE,NO INJURY / DRIVE AWAY,"$501 - $1,500",2025-03-02T19:35:00.000,UNABLE TO DETERMINE,UNABLE TO DETERMINE,3414,W,AUGUSTA BLVD,1121,2,NO INDICATION OF INJURY,0,0,0,0,0,4,0,19,1,3,41.89925316,-87.71225819,POINT (-87.712258194939 41.899253155593),30
9b912bb357834dc8c677f870767f2ffc3d8710c7455f767c39ae3e5944b07264cdf6e415eec95ee110e344a0b265acc8359de73e1eaa58f14395064e541abcca,2025/3/2 19:19,30,TRAFFIC SIGNAL,FUNCTIONING PROPERLY,CLEAR,DARKNESS,REAR TO FRONT,NOT DIVIDED,STRAIGHT AND LEVEL,DRY,NO DEFECTS,ON SCENE,NO INJURY / DRIVE AWAY,"OVER $1,500",2025-03-02T19:20:00.000,IMPROPER BACKING,NOT APPLICABLE,4005,W,FIFTH AVE,1132,2,NO INDICATION OF INJURY,0,0,0,0,0,2,0,19,1,3,41.87281912,-87.72561534,POINT (-87.725615335142 41.872819123222),30
fc6143c44a3e78932bf4d772eb1496fd6f9cc24a93c4ee42dac88066336b652bf6db1aa3c7be40759a4c6ac1fea26fe4984063a029745596b7c889bb7cb7b23e,2025/3/2 19:15,30,TRAFFIC SIGNAL,FUNCTIONING PROPERLY,CLEAR,"DARKNESS, LIGHTED ROAD",REAR END,DIVIDED - W/MEDIAN BARRIER,STRAIGHT AND LEVEL,UNKNOWN,UNKNOWN,ON SCENE,INJURY AND / OR TOW DUE TO CRASH,"OVER $1,500",2025-03-02T19:17:00.000,FOLLOWING TOO CLOSELY,NOT APPLICABLE,514,W,18TH ST,1235,3,NONINCAPACITATING INJURY,1,0,0,1,0,5,0,19,1,3,41.85775877,-87.63991866,POINT (-87.639918655312 41.857758774421),30
4693db9d7d31bd83c16406ea1f94587507af374a8c28cce2ccc2da88180232b532f6255eba2db45e00121bfcf56ffe84b9e76d464a80f2424e332837536887bf,2025/3/2 19:13,20,NO CONTROLS,NO CONTROLS,CLEAR,"DARKNESS, LIGHTED ROAD",PEDESTRIAN,NOT DIVIDED,STRAIGHT AND LEVEL,DRY,NO DEFECTS,ON SCENE,INJURY AND / OR TOW DUE TO CRASH,"OVER $1,500",2025-03-02T19:14:00.000,UNABLE TO DETERMINE,UNABLE TO DETERMINE,2333,N,HARLEM AVE,2512,2,INCAPACITATING INJURY,1,0,1,0,0,1,0,19,1,3,41.92211286,-87.80604772,POINT (-87.806047723217 41.922112857283),20