crash_record_id,crash_date,posted_speed_limit,traffic_control_device,device_condition,weather_condition,lighting_condition,first_crash_type,trafficway_type,alignment,roadway_surface_cond,road_defect,report_type,crash_type,damage,date_police_notified,prim_contributory_cause,sec_contributory_cause,street_no,street_direction,street_name,beat_of_occurrence,num_units,most_severe_injury,injuries_total,injuries_fatal,injuries_incapacitating,injuries_non_incapacitating,injuries_reported_not_evident,injuries_no_indication,injuries_unknown,crash_hour,crash_day_of_week,crash_month,latitude,longitude,location,speed_limit
351397dc553e0fc4f1d9da26f606b7398bd89e79be3db9a7c89e5afadeaa46894d463272fcf0a66a2e850379460889060b999e370eac50af6c77b229e57ca911,2025/3/2 19:01,30,UNKNOWN,UNKNOWN,UNKNOWN,UNKNOWN,TURNING,UNKNOWN,STRAIGHT AND LEVEL,UNKNOWN,UNKNOWN,NOT ON SCENE (DESK REPORT),NO INJURY / DRIVE AWAY,"OVER $1,500",2025-03-02T19:30:00.000,UNABLE TO DETERMINE,NOT APPLICABLE,5600,N,NAGLE AVE,1612,2,NO INDICATION OF INJURY,0,0,0,0,0,3,0,19,1,3,41.98300434,-87.78787997,POINT (-87.787879971407 41.983004344013),30
a0169ee4c58678ed46aacb3786be56af90754c94683cf57c49a671bac4fdd86ae6bfeea0a9027b223c7844a8ec251fe7b051933cb3c43ba102d47453fe38aa01,2025/3/2 19:00,30,NO CONTROLS,NO CONTROLS,CLEAR,"DARKNESS, LIGHTED ROAD",PARKED MOTOR VEHICLE,DIVIDED - W/MEDIAN (NOT RAISED),STRAIGHT AND LEVEL,DRY,NO DEFECTS,ON SCENE,NO INJURY / DRIVE AWAY,"OVER $1,500",2025-03-02T19:18:00.000,UNABLE TO DETERMINE,NOT APPLICABLE,3741,W,IRVING PARK RD,1732,2,NO INDICATION OF INJURY,0,0,0,0,0,1,0,19,1,3,41.95362412,-87.72193907,POINT (-87.721939065857 41.953624120251),30
fcbe929dde3b4adb2982a3962d1da0888502b6e50e8806298d9fd536862b9ac05b7c8c296b947e0f563c89189b45d7b011a0c3bb515a17b5de39ca1dc081ecd2,2025/3/2 19:00,30,UNKNOWN,UNKNOWN,CLEAR,DAYLIGHT,REAR END,UNKNOWN,STRAIGHT AND LEVEL,DRY,UNKNOWN,NOT ON SCENE (DESK REPORT),NO INJURY / DRIVE AWAY,"OVER $1,500",2025-03-03T13:59:00.000,NOT APPLICABLE,NOT APPLICABLE,6400,W,BRYN MAWR AVE,1612,2,NO INDICATION OF INJURY,0,0,0,0,0,2,0,19,1,3,41.98301213,-87.78776351,POINT (-87.787763513853 41.983012134609),30
286034b931190cda00a75ea77d87e3268644bb37063a156c5fa06a3f83564ca31ecd6e8521c48111edc1a03dce74a70035d51e0e2da20a2942e6bdfa17da0762,2025/3/2 18:50,30,NO CONTROLS,NO CONTROLS,CLEAR,DARKNESS,PARKED MOTOR VEHICLE,OTHER,STRAIGHT AND LEVEL,DRY,NO DEFECTS,NOT ON SCENE (DESK REPORT),NO INJURY / DRIVE AWAY,"OVER $1,500",2025-03-04T17:00:00.000,DRIVING SKILLS/KNOWLEDGE/EXPERIENCE,NOT APPLICABLE,2223,W,18TH PL,1234,2,NO INDICATION OF INJURY,0,0,0,0,0,1,0,18,1,3,41.85657796,-87.68193166,POINT (-87.68193166394 41.85657796438),30
744db0510127c5a706aa3b665b62fdfa05c5f9c772e9ca8d9670e949b7bf598a186dcab4c159b37186d07b268d73bc1f001a494cb310e45d91212b0657d912f7,2025/3/2 18:32,30,UNKNOWN,UNKNOWN,CLEAR,DARKNESS,PARKED MOTOR VEHICLE,PARKING LOT,STRAIGHT AND LEVEL,UNKNOWN,UNKNOWN,NOT ON SCENE (DESK REPORT),NO INJURY / DRIVE AWAY,"OVER $1,500",2025-03-02T20:00:00.000,UNABLE TO DETERMINE,UNABLE TO DETERMINE,1099,E,OAKWOOD BLVD,212,2,NO INDICATION OF INJURY,0,0,0,0,0,1,0,18,1,3,41.82536442,-87.59969211,POINT (-87.599692109352 41.825364421044),30
5dd1e619cb60fcdfb31fef26f8e3cafde6e8d81a28f48f45938573f77563f35ed47762e035a6f9781d32d36aaaadab27d513a171524f84f220f397060937de5d,2025/3/2 18:30,30,NO CONTROLS,NO CONTROLS,CLEAR,"DARKNESS, LIGHTED ROAD",SIDESWIPE SAME DIRECTION,NOT DIVIDED,STRAIGHT AND LEVEL,DRY,NO DEFECTS,ON SCENE,NO INJURY / DRIVE AWAY,"OVER $1,500",2025-03-02T18:35:00.000,DRIVING SKILLS/KNOWLEDGE/EXPERIENCE,FAILING TO YIELD RIGHT-OF-WAY,1101,W,18TH ST,1235,2,NO INDICATION OF INJURY,0,0,0,0,0,2,0,18,1,3,41.85788673,-87.65345844,POINT (-87.653458439909 41.857886730247),30
5ed315f81c225a72674bbd63cd0702da8097c313424dfaa96d8d938c4e2ef74e0015aee4d30ee194833e0bf4fb3255510fabd34fbd4f3c6ffac2fd6c6aa834c6,2025/3/2 18:30,30,NO CONTROLS,NO CONTROLS,CLEAR,"DARKNESS, LIGHTED ROAD",REAR END,ONE-WAY,STRAIGHT AND LEVEL,DRY,NO DEFECTS,NOT ON SCENE (DESK REPORT),NO INJURY / DRIVE AWAY,"OVER $1,500",2025-03-04T12:15:00.000,IMPROPER OVERTAKING/PASSING,IMPROPER OVERTAKING/PASSING,1731,S,UNION AVE,1235,2,NO INDICATION OF INJURY,0,0,0,0,0,2,0,18,1,3,41.85820532,-87.64467345,POINT (-87.644673448033 41.85820531919),30
8fb77ef168a1c3b65baf6778a189e7f1953155d01873a517157ea5727033d263ed193329a76725326926db57952d7ba83e4dcaf49dd7bacb2756779068b6c310,2025/3/2 18:25,30,NO CONTROLS,NO CONTROLS,UNKNOWN,UNKNOWN,SIDESWIPE SAME DIRECTION,DIVIDED - W/MEDIAN (NOT RAISED),STRAIGHT AND LEVEL,UNKNOWN,UNKNOWN,NOT ON SCENE (DESK REPORT),NO INJURY / DRIVE AWAY,"$501 - $1,500",2025-03-02T18:43:00.000,FAILING TO YIELD RIGHT-OF-WAY,FAILING TO YIELD RIGHT-OF-WAY,3411,W,LAKE ST,1123,2,NO INDICATION OF INJURY,0,0,0,0,0,3,0,18,1,3,41.88455599,-87.71163073,POINT (-87.711630725575 41.884555991714),30
6e58198dac9bc5b6025f58d99cfd68950b7b6080c09ccb93811bc9258d1112f9ea14e458b21b837f7b2423f6dc0b1a1a5172dbb148c9bf8501ac94a8a5a4455f,2025/3/2 18:20,10,NO CONTROLS,NO CONTROLS,CLEAR,"DARKNESS, LIGHTED ROAD",PARKED MOTOR VEHICLE,PARKING LOT,STRAIGHT AND LEVEL,DRY,NO DEFECTS,ON SCENE,NO INJURY / DRIVE AWAY,"$501 - $1,500",2025-03-02T18:25:00.000,DRIVING SKILLS/KNOWLEDGE/EXPERIENCE,NOT APPLICABLE,404,N,ARMOUR ST,1215,2,NO INDICATION OF INJURY,0,0,0,0,0,1,0,18,1,3,41.88901259,-87.66560492,POINT (-87.66560491575 41.889012590259),10
32ce1282125d0441d10deed0db5fd18f6e41468e480a8c7329f05a050a2cdbd73474c0a710ff4ead4cbb9fb194a84722e37ca5c57ff5bb367af6e943ac8989c5,2025/3/2 18:00,30,TRAFFIC SIGNAL,FUNCTIONING PROPERLY,CLEAR,"DARKNESS, LIGHTED ROAD",HEAD ON,NOT DIVIDED,STRAIGHT AND LEVEL,DRY,NO DEFECTS,NOT ON SCENE (DESK REPORT),NO INJURY / DRIVE AWAY,"OVER $1,500",2025-03-02T18:25:00.000,IMPROPER TURNING/NO SIGNAL,NOT APPLICABLE,1602,N,WESTERN AVE,1434,2,NO INDICATION OF INJURY,0,0,0,0,0,3,0,18,1,3,41.9104655,-87.68737191,POINT (-87.687371905642 41.910465498252),30
ba1a9e713fa34a7198047d3596b1c34c4f03c63e05b1147b4146828ab217f9261d682e631933a1467a42373bb7df7605c743b727f6696c77636041d07ae76546,2025/3/2 17:56,30,UNKNOWN,OTHER,UNKNOWN,UNKNOWN,SIDESWIPE SAME DIRECTION,UNKNOWN,STRAIGHT AND LEVEL,UNKNOWN,UNKNOWN,NOT ON SCENE (DESK REPORT),NO INJURY / DRIVE AWAY,"OVER $1,500",2025-03-02T18:04:00.000,UNABLE TO DETERMINE,NOT APPLICABLE,5725,N,NAGLE AVE,1622,2,NO INDICATION OF INJURY,0,0,0,0,0,2,0,17,1,3,41.98550415,-87.787537,POINT (-87.787536998043 41.985504150141),30
6d78d1a7213986cb15d3fe580d400824ef9ddaffdbb7719bac74aa92a27d702260530bd352c3f25ffae9af84ce42acccda34724ba39d5ee9f6c4acb46be03e7c,2025/3/2 17:50,30,NO CONTROLS,NO CONTROLS,CLEAR,DUSK,ANGLE,DIVIDED - W/MEDIAN (NOT RAISED),STRAIGHT AND LEVEL,DRY,NO DEFECTS,NOT ON SCENE (DESK REPORT),NO INJURY / DRIVE AWAY,"$501 - $1,500",2025-03-02T18:00:00.000,FAILING TO YIELD RIGHT-OF-WAY,NOT APPLICABLE,6314,S,ALBANY AVE,823,2,NO INDICATION OF INJURY,0,0,0,0,0,4,0,17,1,3,41.77851811,-87.7008362,POINT (-87.700836196976 41.778518106591),30
efdb1e9e601d9eed4fde35db1c9341c8634f4a7cc200f58feb2bdac57087e8e8e3f7610a4fd6650b5e365b2154a37e0d6f3ee714b8ad156d3afc9b95adf75e99,2025/3/2 17:45,30,UNKNOWN,UNKNOWN,UNKNOWN,UNKNOWN,REAR TO FRONT,UNKNOWN,STRAIGHT AND LEVEL,UNKNOWN,UNKNOWN,NOT ON SCENE (DESK REPORT),NO INJURY / DRIVE AWAY,"$501 - $1,500",2025-03-02T18:30:00.000,UNABLE TO DETERMINE,UNABLE TO DETERMINE,6117,S,ARCHER AVE,811,2,NO INDICATION OF INJURY,0,0,0,0,0,2,0,17,1,3,41.79429535,-87.77090342,POINT (-87.770903416858 41.794295349157),30
26d10db23f6977df78acf645c6fca99bd5ca4a49307570f6a59503badeeab3860442ae57e9b9de36400be11ee2f35041f547c93b7e58cdb039289bb764e2658a,2025/3/2 17:43,30,TRAFFIC SIGNAL,FUNCTIONING PROPERLY,CLEAR,DUSK,TURNING,FOUR WAY,STRAIGHT AND LEVEL,DRY,UNKNOWN,ON SCENE,NO INJURY / DRIVE AWAY,"OVER $1,500",2025-03-02T17:43:00.000,DRIVING SKILLS/KNOWLEDGE/EXPERIENCE,DRIVING SKILLS/KNOWLEDGE/EXPERIENCE,4800,N,MILWAUKEE AVE,1623,2,NO INDICATION OF INJURY,0,0,0,0,0,3,0,17,1,3,41.9678444,-87.76089754,POINT (-87.760897541125 41.967844398521),30
4040db8eea68ceb23d58447b4b69f81d09036d5ddb8f16ceda8409e6e82d86885f0e04a31ae13a0ec07082c6b397c1c267bd4e566797874cd07f2dd9d1fd54a6,2025/3/2 17:30,30,UNKNOWN,UNKNOWN,UNKNOWN,UNKNOWN,SIDESWIPE SAME DIRECTION,UNKNOWN,STRAIGHT AND LEVEL,UNKNOWN,UNKNOWN,NOT ON SCENE (DESK REPORT),NO INJURY / DRIVE AWAY,"OVER $1,500",2025-03-03T17:30:00.000,UNABLE TO DETERMINE,UNABLE TO DETERMINE,5200,S,KEDZIE AVE,822,2,NO INDICATION OF INJURY,0,0,0,0,0,2,0,17,1,3,41.79889965,-87.703858,POINT (-87.703857997716 41.798899651482),30
40e0f1897188e1bc81d0ff8aba5fa228d4858b3e9924c885d56ad434e9e0fe0d7f11f7b4d668e4d05ea73782dbf594a80373ec532bf9ad2698b9e7afe000089e,2025/3/2 17:30,30,UNKNOWN,UNKNOWN,UNKNOWN,UNKNOWN,REAR END,UNKNOWN,STRAIGHT AND LEVEL,UNKNOWN,UNKNOWN,NOT ON SCENE (DESK REPORT),NO INJURY / DRIVE AWAY,"OVER $1,500",2025-03-03T17:30:00.000,UNABLE TO DETERMINE,UNABLE TO DETERMINE,6600,S,WHIPPLE ST,831,2,NO INDICATION OF INJURY,0,0,0,0,0,2,0,17,1,3,41.77346534,-87.69948524,POINT (-87.699485236487 41.773465340647),30
9cb18c343f85a3716c5c86abf9ab2ceaa7ad09fcb66fca9f7a987f00b5397e291321c0a27efcdeab6c4ee85989234280335f67a676ab02108ac2fed6f156d00a,2025/3/2 17:30,30,NO CONTROLS,NO CONTROLS,UNKNOWN,UNKNOWN,REAR TO FRONT,PARKING LOT,STRAIGHT AND LEVEL,DRY,NO DEFECTS,NOT ON SCENE (DESK REPORT),NO INJURY / DRIVE AWAY,"OVER $1,500",2025-03-02T17:30:00.000,DRIVING SKILLS/KNOWLEDGE/EXPERIENCE,NOT APPLICABLE,10900,S,DOTY AVE E,513,2,NO INDICATION OF INJURY,0,0,0,0,0,2,0,17,1,3,41.69623253,-87.5958062,POINT (-87.59580619714 41.696232527674),30
e5d59bae700106e1583989c2fca534fccab799d409f5d694e45900702dcc93ece114dbba869fd82efc6a925f002752ac58afabe459f70d8300ff05bcd6dfe7a3,2025/3/2 17:24,30,NO CONTROLS,NO CONTROLS,CLEAR,DAYLIGHT,REAR END,NOT DIVIDED,STRAIGHT AND LEVEL,DRY,NO DEFECTS,ON SCENE,INJURY AND / OR TOW DUE TO CRASH,"$501 - $1,500",2025-03-02T17:42:00.000,DISTRACTION - FROM INSIDE VEHICLE,NOT APPLICABLE,6600,W,NORTH AVE,2513,2,NO INDICATION OF INJURY,0,0,0,0,0,5,0,17,1,3,41.90920116,-87.78991463,POINT (-87.789914626251 41.909201161636),30
d5907c3b3528ff830ce0e3dacb66b612b7adcc8403eae0a658731e1ce8062174134239ec7290751b22929b7419eba61a403a3175788a59d2fef1e601a1ebebf2,2025/3/2 17:15,30,NO CONTROLS,NO CONTROLS,CLEAR,DAWN,PARKED MOTOR VEHICLE,NOT DIVIDED,STRAIGHT AND LEVEL,DRY,UNKNOWN,ON SCENE,NO INJURY / DRIVE AWAY,$500 OR LESS,2025-03-02T17:20:00.000,UNABLE TO DETERMINE,NOT APPLICABLE,1300,S,MICHIGAN AVE,131,2,NO INDICATION OF INJURY,0,0,0,0,0,2,0,17,1,3,41.86570039,-87.62425958,POINT (-87.624259581278 41.865700385616),30
e53b3bb1c547ffc743383c371d2d78a988c8e94e6fd3d89e35c791502cfed1fd07c9da24ecd3fc147855417ffd4cf6223f55331ffeff210fa32a355caa300127,2025/3/2 17:10,30,STOP SIGN/FLASHER,FUNCTIONING PROPERLY,CLEAR,DAYLIGHT,ANGLE,FOUR WAY,STRAIGHT AND LEVEL,DRY,NO DEFECTS,ON SCENE,INJURY AND / OR TOW DUE TO CRASH,"OVER $1,500",2025-03-02T17:12:00.000,FAILING TO YIELD RIGHT-OF-WAY,UNABLE TO DETERMINE,2898,W,HARRISON ST,1135,2,"REPORTED, NOT EVIDENT",1,0,0,0,1,5,0,17,1,3,41.87388362,-87.69843388,POINT (-87.698433881952 41.873883624349),30
960be7f3095a2d33e5436e9858f69390a03013fabf528bd68024f2fa163fa3146f5f10028cb2959489d25dba250e7d9fa9aaf4d975167019e793cf2aa0229d66,2025/3/2 17:00,30,STOP SIGN/FLASHER,FUNCTIONING PROPERLY,CLEAR,DUSK,TURNING,T-INTERSECTION,STRAIGHT AND LEVEL,DRY,NO DEFECTS,ON SCENE,INJURY AND / OR TOW DUE TO CRASH,"OVER $1,500",2025-03-02T17:00:00.000,FAILING TO YIELD RIGHT-OF-WAY,NOT APPLICABLE,4546,W,HARRISON ST,1131,2,NO INDICATION OF INJURY,0,0,0,0,0,3,0,17,1,3,41.87337571,-87.73937637,POINT (-87.739376371302 41.8733757072),30
39408d37858e169597b357930a5288e2044a677b1161863b956512b4ab47f2a2ff4712ffafa6d2e4a07f3f17c47bfb892fb8a34d715335c78a8c7f95ee7405c0,2025/3/2 16:44,30,NO CONTROLS,NO CONTROLS,CLEAR,DAYLIGHT,REAR END,DIVIDED - W/MEDIAN BARRIER,STRAIGHT AND LEVEL,DRY,NO DEFECTS,ON SCENE,NO INJURY / DRIVE AWAY,"OVER $1,500",2025-03-02T16:48:00.000,UNABLE TO DETERMINE,UNABLE TO DETERMINE,4625,W,PETERSON AVE,1711,2,NO INDICATION OF INJURY,0,0,0,0,0,2,0,16,1,3,41.98984549,-87.7434804,POINT (-87.743480395021 41.989845492332),30
7743fa45d7d8804203adb8944363db864706df5cbd3a26c15d5ff77bf20fc9959670e94ca4bdc2db34fa254d4cdf97c92755afd4d16ffbed54a22ac4b2f50b4a,2025/3/2 16:37,30,TRAFFIC SIGNAL,FUNCTIONING PROPERLY,CLEAR,DAYLIGHT,ANGLE,FOUR WAY,STRAIGHT AND LEVEL,DRY,NO DEFECTS,NOT ON SCENE (DESK REPORT),INJURY AND / OR TOW DUE TO CRASH,"OVER $1,500",2025-03-02T21:50:00.000,DISREGARDING TRAFFIC SIGNALS,UNABLE TO DETERMINE,5058,S,KEDZIE AVE,821,2,"REPORTED, NOT EVIDENT",2,0,0,0,2,2,0,16,1,3,41.80090654,-87.7039148,POINT (-87.703914804028 41.800906540505),30
8b2c783bc636bfd3dfa642b78d5db5bf9ceae81ab00718a1bca031e19ef1c5ec3b08e00002b160350f38ee29b06feb9051a3bc8c988c4015aee95aa52bb70ee2,2025/3/2 16:37,30,TRAFFIC SIGNAL,FUNCTIONING PROPERLY,CLEAR,DAYLIGHT,TURNING,NOT DIVIDED,STRAIGHT AND LEVEL,DRY,NO DEFECTS,ON SCENE,NO INJURY / DRIVE AWAY,"$501 - $1,500",2025-03-02T16:38:00.000,FAILING TO YIELD RIGHT-OF-WAY,IMPROPER TURNING/NO SIGNAL,263,W,CERMAK RD,914,2,NO INDICATION OF INJURY,0,0,0,0,0,3,0,16,1,3,41.85272041,-87.63447362,POINT (-87.634473618098 41.852720407859),30
2055c22fddb0e485498c8b1bb612cb27335d55935533c723ab7c94c4c9b81d0b9ae4675045723f903cfcbfa2a2c1019efbce245ef0b8349153d4f4e990523683,2025/3/2 16:32,25,TRAFFIC SIGNAL,FUNCTIONING PROPERLY,CLEAR,DAYLIGHT,TURNING,NOT DIVIDED,STRAIGHT AND LEVEL,DRY,NO DEFECTS,ON SCENE,NO INJURY / DRIVE AWAY,$500 OR LESS,2025-03-02T16:32:00.000,IMPROPER TURNING/NO SIGNAL,UNABLE TO DETERMINE,1101,S,WABASH AVE,123,2,NO INDICATION OF INJURY,0,0,0,0,0,3,0,16,1,3,41.86918149,-87.62572552,POINT (-87.625725516812 41.869181490376),25
c6cd91daa70f89c0f2149012efb0454b0929d8a67094a10f83ffab8e9dd603d6798ef99f1774b616b6a95238c628f21f4bb2fb51b5bfc0efdba861c7512fa82f,2025/3/2 16:30,30,NO CONTROLS,NO CONTROLS,UNKNOWN,DAYLIGHT,PARKED MOTOR VEHICLE,ONE-WAY,STRAIGHT AND LEVEL,UNKNOWN,NO DEFECTS,NOT ON SCENE (DESK REPORT),NO INJURY / DRIVE AWAY,"$501 - $1,500",2025-03-05T16:50:00.000,UNABLE TO DETERMINE,UNABLE TO DETERMINE,100,E,MARQUETTE RD,322,2,NO INDICATION OF INJURY,0,0,0,0,0,1,0,16,1,3,41.77294638,-87.62267095,POINT (-87.622670952096 41.772946384679),30
3bbc3ee46fd1b14d099bb06dda6d231238506f9f5c8253749f526e3144e327e9021ccdc90d0bb48e315ec576fe18b58e9fd6dcbf3f1606b991395ca064706b0b,2025/3/2 16:20,30,TRAFFIC SIGNAL,FUNCTIONING PROPERLY,CLEAR,DAYLIGHT,REAR END,FOUR WAY,STRAIGHT AND LEVEL,DRY,NO DEFECTS,NOT ON SCENE (DESK REPORT),NO INJURY / DRIVE AWAY,"$501 - $1,500",2025-03-02T16:35:00.000,UNABLE TO DETERMINE,UNABLE TO DETERMINE,1156,W,ROOSEVELT RD,1232,2,NO INDICATION OF INJURY,0,0,0,0,0,3,0,16,1,3,41.86710998,-87.65644108,POINT (-87.65644108109 41.867109978436),30
877de7ce259f126ea2efea1f45e44da03a51db3a78ebeaf228386acc03a40ab9eacac2f1aa2e01e670cbaa3419ece000e912adff978d2ee37eb2f7c0201f20be,2025/3/2 16:20,15,NO CONTROLS,NO CONTROLS,UNKNOWN,DAYLIGHT,REAR TO SIDE,PARKING LOT,STRAIGHT AND LEVEL,UNKNOWN,UNKNOWN,NOT ON SCENE (DESK REPORT),NO INJURY / DRIVE AWAY,"OVER $1,500",2025-03-04T19:40:00.000,IMPROPER BACKING,IMPROPER BACKING,802,N,CENTRAL AVE,1511,2,NO INDICATION OF INJURY,0,0,0,0,0,2,0,16,1,3,41.89495508,-87.76554515,POINT (-87.76554515028 41.894955079811),15
d962686b46bfde25d2974c40aacf4cca90e440197d9c96554200b5e864ca22d8aa2feec041c081af45253131c0c2365a193b8590524648cfab5bb71417f5f07f,2025/3/2 16:20,30,NO CONTROLS,NO CONTROLS,CLEAR,DAYLIGHT,SIDESWIPE SAME DIRECTION,NOT DIVIDED,STRAIGHT AND LEVEL,UNKNOWN,UNKNOWN,ON SCENE,NO INJURY / DRIVE AWAY,$500 OR LESS,2025-03-02T16:20:00.000,IMPROPER OVERTAKING/PASSING,DRIVING SKILLS/KNOWLEDGE/EXPERIENCE,5135,W,LE MOYNE ST,2533,2,NO INDICATION OF INJURY,0,0,0,0,0,2,0,16,1,3,41.90759071,-87.75482282,POINT (-87.754822824735 41.907590706751),30
712bfa20d7ba07bf23851fab20e4b0260a058d19c24cec9d4ade85d3bb2bae8351f15d108bfe46b3818b95cf1e94de1d818651d60b3ad5f30e5ac9caec78b90c,2025/3/2 16:19,30,NO CONTROLS,NO CONTROLS,CLEAR,DAYLIGHT,ANGLE,T-INTERSECTION,STRAIGHT AND LEVEL,DRY,NO DEFECTS,ON SCENE,INJURY AND / OR TOW DUE TO CRASH,"OVER $1,500",2025-03-02T16:27:00.000,"OPERATING VEHICLE IN ERRATIC, RECKLESS, CARELESS, NEGLIGENT OR AGGRESSIVE MANNER",UNABLE TO DETERMINE,3143,W,53RD ST,923,2,NO INDICATION OF INJURY,0,0,0,0,0,2,0,16,1,3,41.79707008,-87.70296706,POINT (-87.702967063648 41.79707008372),30
e4c03c757221f7af76e33076d0b18b34a0dcac0c10465ab1b50d848a4da39605795270f2bced7df6e1d71f5ad500ab26ba9aaa69dec5ac507836304203a15f1d,2025/3/2 16:13,25,STOP SIGN/FLASHER,FUNCTIONING PROPERLY,CLEAR,DAYLIGHT,TURNING,ONE-WAY,STRAIGHT AND LEVEL,UNKNOWN,UNKNOWN,NOT ON SCENE (DESK REPORT),NO INJURY / DRIVE AWAY,"OVER $1,500",2025-03-02T16:42:00.000,FAILING TO YIELD RIGHT-OF-WAY,DRIVING SKILLS/KNOWLEDGE/EXPERIENCE,6799,N,ARTESIAN AVE,2412,2,NO INDICATION OF INJURY,0,0,0,0,0,3,0,16,1,3,42.00491947,-87.69113728,POINT (-87.691137278382 42.004919467492),25
e66c1884e5aed95a478294c17e98bc16776664abb5ee44f44c9c541d7419ee9a26a9dff2465e7ea55323711e7ef1aad8d23bd38e0adafb3a8bb266611ae1b483,2025/3/2 16:09,25,UNKNOWN,UNKNOWN,CLEAR,DAYLIGHT,SIDESWIPE SAME DIRECTION,OTHER,STRAIGHT AND LEVEL,DRY,UNKNOWN,ON SCENE,INJURY AND / OR TOW DUE TO CRASH,"OVER $1,500",2025-03-02T16:10:00.000,DRIVING SKILLS/KNOWLEDGE/EXPERIENCE,NOT APPLICABLE,4700,S,TALMAN AVE,922,2,"REPORTED, NOT EVIDENT",1,0,0,0,1,1,0,16,1,3,41.80825066,-87.69069114,POINT (-87.690691144104 41.808250660177),25
52fc2f91d20aaa6e5651c02ca10a16716ef10069a4e065d2474ee4cd2cefc2cbd4db4863b6b1462577813cfdfa10d3cb9b1f938bba56d524394584b33e20f339,2025/3/2 15:55,20,NO CONTROLS,NO CONTROLS,CLEAR,DAYLIGHT,FIXED OBJECT,PARKING LOT,STRAIGHT AND LEVEL,DRY,NO DEFECTS,ON SCENE,NO INJURY / DRIVE AWAY,"OVER $1,500",2025-03-02T16:09:00.000,DRIVING SKILLS/KNOWLEDGE/EXPERIENCE,NOT APPLICABLE,4500,W,63RD ST,813,1,NO INDICATION OF INJURY,0,0,0,0,0,1,0,15,1,3,41.77862499,-87.73502936,POINT (-87.735029364106 41.778624993141),20
e9e989039ac4ca00a6f31de0ed79f59e9d4d811820a422c4a37cf8baaa6b572e5fdad9ff14848d46a73cbe248254669d61ce338560d57b772bdc88f77110ee7b,2025/3/2 15:44,30,NO CONTROLS,NO CONTROLS,CLEAR,DAYLIGHT,FIXED OBJECT,NOT DIVIDED,STRAIGHT AND LEVEL,DRY,NO DEFECTS,NOT ON SCENE (DESK REPORT),INJURY AND / OR TOW DUE TO CRASH,"OVER $1,500",2025-03-02T15:44:00.000,UNABLE TO DETERMINE,NOT APPLICABLE,1705,N,LECLAIRE AVE,2533,2,NO INDICATION OF INJURY,0,0,0,0,0,1,0,15,1,3,41.91154016,-87.75257237,POINT (-87.75257236528 41.911540155112),30
b44866f80fe53771e341350b71d5ec4842a58ef20157bdd280bf8c210f2ad07539238bac31be26744472e342276bbe55d426a920352dcbb72fca55eb0852df26,2025/3/2 15:40,30,STOP SIGN/FLASHER,FUNCTIONING PROPERLY,CLEAR,DAYLIGHT,PARKED MOTOR VEHICLE,NOT DIVIDED,STRAIGHT AND LEVEL,DRY,NO DEFECTS,NOT ON SCENE (DESK REPORT),NO INJURY / DRIVE AWAY,"OVER $1,500",2025-03-02T17:40:00.000,UNABLE TO DETERMINE,UNABLE TO DETERMINE,724,W,WRIGHTWOOD AVE,1935,2,NO INDICATION OF INJURY,0,0,0,0,0,2,0,15,1,3,41.92920519,-87.64752249,POINT (-87.647522487186 41.929205190524),30
510ebe705c5081f1e9e3466fb0f347dba615a4aa37a560149aa0cb93243cc4e64dca52814dd49e06f84fafec82936b0a8a1ac18623c1259cc46d35b3df55e095,2025/3/2 15:37,20,NO CONTROLS,NO CONTROLS,CLEAR,DAYLIGHT,PARKED MOTOR VEHICLE,PARKING LOT,STRAIGHT AND LEVEL,DRY,NO DEFECTS,ON SCENE,NO INJURY / DRIVE AWAY,$500 OR LESS,2025-03-02T15:59:00.000,IMPROPER BACKING,NOT APPLICABLE,4137,N,ELSTON AVE,1723,2,NO INDICATION OF INJURY,0,0,0,0,0,1,0,15,1,3,41.9561262,-87.72248283,POINT (-87.722482826292 41.956126201479),20
643a5469575f6b24bd026a3c7e91d6c622ffd32ffd78542ef63f1020f9100888db53178290b399dee6893520daf71d464aad86737f8bb5a67e0464ed008e5103,2025/3/2 15:33,35,TRAFFIC SIGNAL,FUNCTIONING PROPERLY,CLEAR,DAYLIGHT,SIDESWIPE SAME DIRECTION,FOUR WAY,STRAIGHT AND LEVEL,DRY,NO DEFECTS,ON SCENE,NO INJURY / DRIVE AWAY,"$501 - $1,500",2025-03-02T15:34:00.000,DRIVING SKILLS/KNOWLEDGE/EXPERIENCE,FAILING TO YIELD RIGHT-OF-WAY,798,E,79TH ST,624,2,NO INDICATION OF INJURY,0,0,0,0,0,2,0,15,1,3,41.75139512,-87.60527865,POINT (-87.605278648185 41.751395119411),35
7cbab9ac0e742711062bf11328b89d6e5d4585aaaedbffc3452d610ca448fe2ab3dadacb98b03ad447ee28ef8d5f51a8375da4415246b0b51dd5d503a507b850,2025/3/2 15:30,30,NO CONTROLS,NO CONTROLS,CLEAR,DAYLIGHT,PARKED MOTOR VEHICLE,NOT DIVIDED,STRAIGHT AND LEVEL,UNKNOWN,UNKNOWN,ON SCENE,NO INJURY / DRIVE AWAY,"$501 - $1,500",2025-03-02T16:56:00.000,UNABLE TO DETERMINE,UNABLE TO DETERMINE,6344,W,IRVING PARK RD,1624,2,NO INDICATION OF INJURY,0,0,0,0,0,1,0,15,1,3,41.95303431,-87.78590772,POINT (-87.785907721872 41.953034307908),30