crash_record_id,crash_date,posted_speed_limit,traffic_control_device,device_condition,weather_condition,lighting_condition,first_crash_type,trafficway_type,alignment,roadway_surface_cond,road_defect,report_type,crash_type,damage,date_police_notified,prim_contributory_cause,sec_contributory_cause,street_no,street_direction,street_name,beat_of_occurrence,num_units,most_severe_injury,injuries_total,injuries_fatal,injuries_incapacitating,injuries_non_incapacitating,injuries_reported_not_evident,injuries_no_indication,injuries_unknown,crash_hour,crash_day_of_week,crash_month,latitude,longitude,location,speed_limit
668b1091aa9eeb9bb7a292303259ed39de73cddc86b38a1a1675f58eb4afef580d30f3ed015228cbac37018c355347ec80051daaca4a1de236e7aa708b86f080,2025/3/2 15:23,5,NO CONTROLS,NO CONTROLS,CLEAR,DAYLIGHT,PARKED MOTOR VEHICLE,PARKING LOT,STRAIGHT AND LEVEL,DRY,NO DEFECTS,ON SCENE,NO INJURY / DRIVE AWAY,"$501 - $1,500",2025-03-02T15:24:00.000,PHYSICAL CONDITION OF DRIVER,NOT APPLICABLE,411,W,31ST ST,915,2,NO INDICATION OF INJURY,0,0,0,0,0,1,0,15,1,3,41.83806,-87.63665959,POINT (-87.636659587107 41.838059998695),5
8a09960d1f95619d38c03437b4eef0bd004b4a0f5f65dfe810f6c9575a9f1f37a40633ccdbade05583f57e0761d95769c324e517b1efecea10ea51614d39b213,2025/3/2 15:23,30,NO CONTROLS,NO CONTROLS,CLEAR,DAYLIGHT,REAR END,CENTER TURN LANE,STRAIGHT AND LEVEL,DRY,UNKNOWN,ON SCENE,INJURY AND / OR TOW DUE TO CRASH,"OVER $1,500",2025-03-02T15:23:00.000,FOLLOWING TOO CLOSELY,NOT APPLICABLE,3605,W,PETERSON AVE,1711,2,"REPORTED, NOT EVIDENT",1,0,0,0,1,1,0,15,1,3,41.99014976,-87.71909367,POINT (-87.719093670549 41.990149760661),30
a080ca8888867e804a0902769d72bf16df5e1e289b6a46b28f1e9101c40c84e346ec09bb229a20c62e95bae61155d989316c7d3f7828e49496aabce20591cd98,2025/3/2 15:20,30,NO CONTROLS,NO CONTROLS,CLOUDY/OVERCAST,DAYLIGHT,PARKED MOTOR VEHICLE,DIVIDED - W/MEDIAN BARRIER,STRAIGHT AND LEVEL,DRY,UNKNOWN,NOT ON SCENE (DESK REPORT),NO INJURY / DRIVE AWAY,"OVER $1,500",2025-03-03T15:22:00.000,UNABLE TO DETERMINE,NOT APPLICABLE,514,E,95TH ST,633,2,NO INDICATION OF INJURY,0,0,0,0,0,1,0,15,1,3,41.7220544,-87.61103284,POINT (-87.611032844103 41.722054395877),30
047cd73774377c4ddc9ba4421d3470422e9fb34b31910dfa53c46ec3d9548df1250e297a766a09e8f78f5359fa88e842869520af2b0612cb749c849cb159df37,2025/3/2 15:15,30,TRAFFIC SIGNAL,FUNCTIONING PROPERLY,CLEAR,DAYLIGHT,SIDESWIPE SAME DIRECTION,T-INTERSECTION,STRAIGHT AND LEVEL,DRY,NO DEFECTS,NOT ON SCENE (DESK REPORT),NO INJURY / DRIVE AWAY,$500 OR LESS,2025-03-02T17:22:00.000,FOLLOWING TOO CLOSELY,NOT APPLICABLE,9100,S,HALSTED ST,2223,2,NO INDICATION OF INJURY,0,0,0,0,0,2,0,15,1,3,41.72867428,-87.64355805,POINT (-87.643558046563 41.728674283825),30
bd59448f5f77e312f9cefe463a28d59733b27b153e27c6ba13a64ff7f617cd34910dc0b82da72bf6b12c3e93aafe98f3ca063d098002efd2a15be5b138d03603,2025/3/2 15:15,30,STOP SIGN/FLASHER,FUNCTIONING PROPERLY,CLEAR,DAYLIGHT,REAR END,T-INTERSECTION,STRAIGHT AND LEVEL,DRY,UNKNOWN,NOT ON SCENE (DESK REPORT),INJURY AND / OR TOW DUE TO CRASH,"OVER $1,500",2025-03-02T15:30:00.000,UNABLE TO DETERMINE,NOT APPLICABLE,6900,S,COTTAGE GROVE AVE,321,2,"REPORTED, NOT EVIDENT",4,0,0,0,4,1,0,15,1,3,41.76945117,-87.60583022,POINT (-87.605830216477 41.769451171337),30
753a6641dddf9677162d802f1935f6f5ff45474d1b623b4465fddf9e7e56d7b48d0886ac5b4bc50149911db14f688ae4f47d70f66b324641b6eb901b7d14c680,2025/3/2 15:10,15,NO CONTROLS,NO CONTROLS,CLEAR,DAYLIGHT,REAR TO FRONT,ONE-WAY,STRAIGHT AND LEVEL,DRY,UNKNOWN,NOT ON SCENE (DESK REPORT),NO INJURY / DRIVE AWAY,"OVER $1,500",2025-03-02T15:40:00.000,IMPROPER BACKING,NOT APPLICABLE,6301,N,CAMPBELL AVE,2413,2,NO INDICATION OF INJURY,0,0,0,0,0,3,0,15,1,3,41.99596875,-87.69212195,POINT (-87.692121946984 41.995968752321),15
918a633c242b35bf03c34b600a616af0a49d3620d5d14e92ae1480d2879ed8160f9dbbdc0377878ab7279253b78e73c3bfc3f8eaa491741af465d9521f20b798,2025/3/2 15:10,30,TRAFFIC SIGNAL,FUNCTIONING PROPERLY,CLEAR,DAYLIGHT,TURNING,NOT DIVIDED,STRAIGHT AND LEVEL,DRY,NO DEFECTS,NOT ON SCENE (DESK REPORT),NO INJURY / DRIVE AWAY,"OVER $1,500",2025-03-02T17:07:00.000,FAILING TO YIELD RIGHT-OF-WAY,IMPROPER TURNING/NO SIGNAL,849,W,87TH ST,2222,2,NO INDICATION OF INJURY,0,0,0,0,0,2,0,15,1,3,41.73593761,-87.64545108,POINT (-87.64545107881 41.735937614506),30
c41ff2a0bacb2f8b07fcff7b7594de86d89a953e3f0375b1c4754109bc6ae5bcface553aa055c35a49725e4a5f970d26a776653eac53f6b265a57e826c7a1e3b,2025/3/2 15:04,30,NO CONTROLS,NO CONTROLS,CLEAR,DAYLIGHT,REAR END,DIVIDED - W/MEDIAN (NOT RAISED),STRAIGHT AND LEVEL,DRY,NO DEFECTS,NOT ON SCENE (DESK REPORT),NO INJURY / DRIVE AWAY,"OVER $1,500",2025-03-02T15:40:00.000,FOLLOWING TOO CLOSELY,FAILING TO REDUCE SPEED TO AVOID CRASH,2124,W,DIVISION ST,1424,2,NO INDICATION OF INJURY,0,0,0,0,0,2,0,15,1,3,41.90323943,-87.68073391,POINT (-87.680733914835 41.903239433515),30
057fc3a75683314148741e05dc0a118b3f886a7db48ceaa354a46df5682b89ccbe6d9d8cd070fb291de5fbf3ff1518074cbd35f0bf8b7abc491644981e2484f0,2025/3/2 15:00,30,NO CONTROLS,NO CONTROLS,CLEAR,DAYLIGHT,REAR END,DIVIDED - W/MEDIAN (NOT RAISED),STRAIGHT AND LEVEL,DRY,NO DEFECTS,ON SCENE,INJURY AND / OR TOW DUE TO CRASH,"OVER $1,500",2025-03-02T15:49:00.000,FOLLOWING TOO CLOSELY,UNABLE TO DETERMINE,5150,W,NORTH AVE,2533,2,NONINCAPACITATING INJURY,2,0,0,2,0,2,0,15,1,3,41.90962672,-87.75458546,POINT (-87.754585456461 41.909626715031),30
8566945bd27381af0bf319052751a1bc53a1a5091868e8493cc4fe156217398a93e5d515866ca2b1ad69293185d886c070830b37947a65936054927d7c08e568,2025/3/2 15:00,25,NO CONTROLS,NO CONTROLS,CLEAR,DAYLIGHT,ANGLE,ONE-WAY,STRAIGHT AND LEVEL,DRY,NO DEFECTS,NOT ON SCENE (DESK REPORT),NO INJURY / DRIVE AWAY,"OVER $1,500",2025-03-02T15:40:00.000,NOT APPLICABLE,NOT APPLICABLE,6303,N,CAMPBELL AVE,2413,2,NO INDICATION OF INJURY,0,0,0,0,0,2,0,15,1,3,41.99602502,-87.69212371,POINT (-87.692123714267 41.996025024497),25
cda76adcf59c3cf86b93034892e96614e41fe74c7b5fa666b6457c6964fe2645af428f2db61098a6b67e9559f5840ac0b32fda24f16dd4c2db53df8eac6e0dc7,2025/3/2 15:00,35,UNKNOWN,UNKNOWN,UNKNOWN,UNKNOWN,SIDESWIPE OPPOSITE DIRECTION,UNKNOWN,STRAIGHT AND LEVEL,UNKNOWN,UNKNOWN,NOT ON SCENE (DESK REPORT),NO INJURY / DRIVE AWAY,"OVER $1,500",2025-03-02T15:30:00.000,UNABLE TO DETERMINE,UNABLE TO DETERMINE,5319,S,ARCHER AVE,815,2,NO INDICATION OF INJURY,0,0,0,0,0,2,0,15,1,3,41.79898591,-87.7402742,POINT (-87.740274196753 41.798985912817),35
d602c2f4fb715b97cb5b7859c9f41e1e538c8fcfad16c2ac5f9eecada2d260c81e547870af076888d736610821164ce670908f84b880162b86ee30348e3078a7,2025/3/2 15:00,30,TRAFFIC SIGNAL,FUNCTIONING PROPERLY,CLEAR,DAYLIGHT,SIDESWIPE OPPOSITE DIRECTION,CENTER TURN LANE,STRAIGHT AND LEVEL,DRY,NO DEFECTS,NOT ON SCENE (DESK REPORT),NO INJURY / DRIVE AWAY,"OVER $1,500",2025-03-02T15:15:00.000,DRIVING ON WRONG SIDE/WRONG WAY,NOT APPLICABLE,7100,S,COTTAGE GROVE AVE,323,2,NO INDICATION OF INJURY,0,0,0,0,0,2,0,15,1,3,41.76580035,-87.60572913,POINT (-87.60572912699 41.765800351319),30
49819d06f2a74bcf824328da18e6209ca703f49d0ab1ea1936c9796d0acaf0b294da38e7997d35eebca7c2380d779772bf1dd0e8868408daabf1a94fc3a913d0,2025/3/2 14:43,30,TRAFFIC SIGNAL,FUNCTIONING PROPERLY,CLEAR,DAYLIGHT,SIDESWIPE SAME DIRECTION,NOT DIVIDED,STRAIGHT AND LEVEL,DRY,NO DEFECTS,ON SCENE,NO INJURY / DRIVE AWAY,$500 OR LESS,2025-03-02T15:54:00.000,IMPROPER OVERTAKING/PASSING,NOT APPLICABLE,632,E,75TH ST,323,2,NO INDICATION OF INJURY,0,0,0,0,0,2,0,14,1,3,41.7586285,-87.60899188,POINT (-87.608991881146 41.758628496059),30
7146584cef0b12e5ed8beab2b0b7baae71eda1787f6dd4bb3f1389efc4cb095f74dcf96b52bb7062c4821372b0ce3c4f50c0f53e0a1ab31afda022ee905c04d6,2025/3/2 14:40,55,NO CONTROLS,NO CONTROLS,CLEAR,DAYLIGHT,SIDESWIPE SAME DIRECTION,DIVIDED - W/MEDIAN BARRIER,STRAIGHT AND LEVEL,DRY,NO DEFECTS,ON SCENE,INJURY AND / OR TOW DUE TO CRASH,"OVER $1,500",2025-03-02T14:44:00.000,IMPROPER LANE USAGE,NOT APPLICABLE,10000,W,OHARE ST,1651,2,NO INDICATION OF INJURY,0,0,0,0,0,4,0,14,1,3,41.97620114,-87.90530913,POINT (-87.905309125103 41.976201139024),55
dff03054a60187130e7d19b5a6c2d79bdae6b2f5ef73b768fe7d1ebc8cae55264bcffe7e0d512a2a8920a82787848c9b984345625640cf7e7316c614c50d62a0,2025/3/2 14:33,30,STOP SIGN/FLASHER,FUNCTIONING PROPERLY,CLEAR,DAYLIGHT,REAR END,FOUR WAY,STRAIGHT AND LEVEL,DRY,UNKNOWN,ON SCENE,NO INJURY / DRIVE AWAY,"OVER $1,500",2025-03-02T15:00:00.000,FOLLOWING TOO CLOSELY,FOLLOWING TOO CLOSELY,4103,W,27TH ST,1031,2,NO INDICATION OF INJURY,0,0,0,0,0,2,0,14,1,3,41.8422675,-87.72708095,POINT (-87.727080947735 41.84226750343),30
55540dcd84f7c11a075e427494d11f586c835f9efea391a07850acf155eaefcfe810ef208c0036806ebda9c20938c97dbf703a0e2560cb255270943fd1150799,2025/3/2 14:30,30,NO CONTROLS,NO CONTROLS,CLEAR,DAYLIGHT,SIDESWIPE SAME DIRECTION,NOT DIVIDED,STRAIGHT AND LEVEL,DRY,UNKNOWN,NOT ON SCENE (DESK REPORT),NO INJURY / DRIVE AWAY,"OVER $1,500",2025-03-02T18:00:00.000,UNABLE TO DETERMINE,NOT APPLICABLE,2622,N,PULASKI RD,2524,2,NO INDICATION OF INJURY,0,0,0,0,0,2,0,14,1,3,41.92883128,-87.72704146,POINT (-87.727041456748 41.928831284906),30
d68b9cb46fa3d170c2da10f4b56a72ea4bbdb459aa8189a42e48be8fab04978def8b4bd090ee3a2ebacfcda7c2bdde26bb47d386eff3fe65c2562b0613900348,2025/3/2 14:30,25,TRAFFIC SIGNAL,FUNCTIONING PROPERLY,CLEAR,DAYLIGHT,REAR END,NOT DIVIDED,STRAIGHT AND LEVEL,DRY,NO DEFECTS,NOT ON SCENE (DESK REPORT),INJURY AND / OR TOW DUE TO CRASH,"OVER $1,500",2025-03-02T15:08:00.000,UNABLE TO DETERMINE,UNABLE TO DETERMINE,2400,W,OGDEN AVE,1023,2,"REPORTED, NOT EVIDENT",1,0,0,0,1,2,0,14,1,3,41.86483171,-87.68616067,POINT (-87.686160672742 41.864831710222),25
4007acf31ed6d474dca193970564edaf831bb00aa4014e0f7818f4918a45c612aea6ba9d2e533a96f92a61cd927b6e1d9bcbb5179c0cec96fe2886077d8d3485,2025/3/2 14:19,25,TRAFFIC SIGNAL,FUNCTIONING PROPERLY,CLEAR,DAYLIGHT,REAR END,FOUR WAY,STRAIGHT AND LEVEL,DRY,SHOULDER DEFECT,ON SCENE,INJURY AND / OR TOW DUE TO CRASH,"OVER $1,500",2025-03-02T14:30:00.000,FAILING TO REDUCE SPEED TO AVOID CRASH,UNABLE TO DETERMINE,3401,N,WESTERN AVE,1921,2,NO INDICATION OF INJURY,0,0,0,0,0,2,0,14,1,3,41.94319014,-87.688008,POINT (-87.688007995585 41.943190141817),25
2dbd19be9dad393bb389cedead04d6fbb89a5bb6ab1b41e8fc1f7e1aedae9a33c07fb434f48b8fe58c8c4e0a3009a8968e6a63d5dfc6b9aa72d875c643c58f27,2025/3/2 14:01,30,NO CONTROLS,NO CONTROLS,CLEAR,DAYLIGHT,PARKED MOTOR VEHICLE,ONE-WAY,STRAIGHT AND LEVEL,DRY,NO DEFECTS,ON SCENE,NO INJURY / DRIVE AWAY,"OVER $1,500",2025-03-02T14:01:00.000,UNABLE TO DETERMINE,NOT APPLICABLE,7846,S,EUCLID AVE,414,2,NO INDICATION OF INJURY,0,0,0,0,0,1,0,14,1,3,41.75201882,-87.57736193,POINT (-87.577361929064 41.752018817067),30
4952786f04a894053c85a2d5f1eb4d4c09e9b0eee98d28fceec02ac9e5575e6db0819ee3fd2361a16759d25e3fba2f9ba0bf9b53b97bb72a6001de3138884f42,2025/3/2 14:00,30,NO CONTROLS,NO CONTROLS,CLEAR,DAYLIGHT,SIDESWIPE SAME DIRECTION,NOT DIVIDED,STRAIGHT AND LEVEL,DRY,UNKNOWN,NOT ON SCENE (DESK REPORT),NO INJURY / DRIVE AWAY,"OVER $1,500",2025-03-02T14:29:00.000,IMPROPER LANE USAGE,IMPROPER LANE USAGE,9500,S,VINCENNES AVE,2213,2,NO INDICATION OF INJURY,0,0,0,0,0,2,0,14,1,3,41.72134589,-87.65079633,POINT (-87.650796333578 41.721345885031),30
760142195d4a22cda929ccf5bae37588e656e4a88f4b5412752b4e251613b85849c5fe53cc32c149184e1c4ffd65a65e37d08c81f0812446aaf1afba9d4a670f,2025/3/2 13:46,25,NO CONTROLS,NO CONTROLS,CLEAR,DAYLIGHT,SIDESWIPE SAME DIRECTION,DIVIDED - W/MEDIAN BARRIER,STRAIGHT AND LEVEL,DRY,WORN SURFACE,ON SCENE,NO INJURY / DRIVE AWAY,"OVER $1,500",2025-03-02T13:47:00.000,UNABLE TO DETERMINE,IMPROPER OVERTAKING/PASSING,4516,N,CICERO AVE,1623,2,NO INDICATION OF INJURY,0,0,0,0,0,2,0,13,1,3,41.96271216,-87.74727629,POINT (-87.747276289982 41.962712158261),25
8e2e566ed413c10b4e31bd1991bd78f26cd711301d14e836b112f4c2664c7daa54537902efeed39bcee13038b204581fd8f8eb77fd88bc794b8d95cf57489274,2025/3/2 13:45,30,NO CONTROLS,NO CONTROLS,CLEAR,DAYLIGHT,TURNING,T-INTERSECTION,STRAIGHT AND LEVEL,DRY,NO DEFECTS,NOT ON SCENE (DESK REPORT),NO INJURY / DRIVE AWAY,"OVER $1,500",2025-03-02T15:30:00.000,FAILING TO YIELD RIGHT-OF-WAY,FAILING TO YIELD RIGHT-OF-WAY,218,W,LAKE ST,122,2,NO INDICATION OF INJURY,0,0,0,0,0,3,0,13,1,3,41.8858412,-87.63465132,POINT (-87.634651317566 41.885841199831),30
639ff256caca942bb4d1c5a41942515a218b0bbf4337bb8c1984229b2f8cd3f9ae36de86d9d16cfce076ed30f1047346d0223312d7b72f432066fb85dc9db6c2,2025/3/2 13:32,30,NO CONTROLS,NO CONTROLS,CLEAR,DAYLIGHT,ANGLE,ONE-WAY,STRAIGHT AND LEVEL,DRY,NO DEFECTS,NOT ON SCENE (DESK REPORT),INJURY AND / OR TOW DUE TO CRASH,"$501 - $1,500",2025-03-02T15:00:00.000,FAILING TO YIELD RIGHT-OF-WAY,NOT APPLICABLE,5567,W,54TH ST,814,2,NONINCAPACITATING INJURY,1,0,0,1,0,1,0,13,1,3,41.79443151,-87.76229902,POINT (-87.76229901851 41.794431514393),30
8ed19091df17e226dd87ee7f145d8b02dc498e71f662364e580fe2f5682645f5ee2a16bc6139a631705e00296fc9ea4cc76986a35de474f4a3f2d2d846e34ba6,2025/3/2 13:30,25,NO CONTROLS,NO CONTROLS,CLEAR,DAYLIGHT,PARKED MOTOR VEHICLE,DIVIDED - W/MEDIAN (NOT RAISED),STRAIGHT AND LEVEL,UNKNOWN,UNKNOWN,NOT ON SCENE (DESK REPORT),NO INJURY / DRIVE AWAY,"OVER $1,500",2025-03-03T10:04:00.000,UNABLE TO DETERMINE,UNABLE TO DETERMINE,1469,W,FARRAGUT AVE,2013,2,NO INDICATION OF INJURY,0,0,0,0,0,1,0,13,1,3,41.9770105,-87.66741035,POINT (-87.667410354279 41.977010501462),25
8fb496e497be3e1e474ce5c99aed3d748635194644eea55fbba591fa2bb4b184b6a69d71cf9fb61a7ef3d27c88bc0b552946052d1a952c495b18ce6064b31041,2025/3/2 13:30,30,NO CONTROLS,NO CONTROLS,CLEAR,DAYLIGHT,TURNING,DIVIDED - W/MEDIAN (NOT RAISED),STRAIGHT AND LEVEL,DRY,NO DEFECTS,NOT ON SCENE (DESK REPORT),NO INJURY / DRIVE AWAY,"OVER $1,500",2025-03-02T13:50:00.000,UNABLE TO DETERMINE,UNABLE TO DETERMINE,4110,W,MADISON ST,1115,2,NO INDICATION OF INJURY,0,0,0,0,0,3,0,13,1,3,41.88080009,-87.72861239,POINT (-87.728612390078 41.880800087915),30
92a7ea14aae1f39336528510e3b214c99fc8e853d1f07f00490ce673194c4d0fe63ddd9b59958569469cb4ec3d5d4bdb857acb0301cd6bb006115dc96f359697,2025/3/2 13:30,30,UNKNOWN,UNKNOWN,UNKNOWN,UNKNOWN,ANGLE,UNKNOWN INTERSECTION TYPE,STRAIGHT AND LEVEL,UNKNOWN,UNKNOWN,NOT ON SCENE (DESK REPORT),NO INJURY / DRIVE AWAY,"OVER $1,500",2025-03-05T17:45:00.000,UNABLE TO DETERMINE,UNABLE TO DETERMINE,100,S,HAMLIN BLVD,1122,2,NO INDICATION OF INJURY,0,0,0,0,0,2,0,13,1,3,41.87980451,-87.72085757,POINT (-87.720857574723 41.879804506802),30
65d3b0ebf57d465b656f4dd870baf6e75c623b66f7d6952dcb627028281875d1fa6611a3fb6921c7b5b28d875132b3ee4ec7376dada9fd6533632198d2e4bf86,2025/3/2 13:28,15,NO CONTROLS,NO CONTROLS,CLEAR,DAYLIGHT,PARKED MOTOR VEHICLE,PARKING LOT,STRAIGHT AND LEVEL,DRY,NO DEFECTS,ON SCENE,NO INJURY / DRIVE AWAY,$500 OR LESS,2025-03-02T13:28:00.000,IMPROPER BACKING,UNABLE TO DETERMINE,1411,W,87TH ST,2222,2,NO INDICATION OF INJURY,0,0,0,0,0,3,0,13,1,3,41.73574485,-87.65871771,POINT (-87.658717705659 41.735744851366),15
a2c68fc64ab3ad88659a545e46a06dd88d78f92ecf0eecef6f2ee90f5d891af00f1e73014d5f57f2f78ef813ea0f37cec740aabdb720973ffc91ea30ac9e981a,2025/3/2 13:12,35,NO CONTROLS,NO CONTROLS,RAIN,DAYLIGHT,TURNING,NOT DIVIDED,STRAIGHT AND LEVEL,DRY,UNKNOWN,NOT ON SCENE (DESK REPORT),NO INJURY / DRIVE AWAY,"OVER $1,500",2025-03-02T13:12:00.000,UNABLE TO DETERMINE,UNABLE TO DETERMINE,4400,W,GRAND AVE,2533,2,NO INDICATION OF INJURY,0,0,0,0,0,4,0,13,1,3,41.91018141,-87.73624887,POINT (-87.736248870407 41.910181409597),35
9ae9fd1760c0116ec4853b99f26f7eb6d362b62147ebdf90382fb824eef13ddcf4e883b5e9d56c9f6b13163037e4036f3348f732bc7ef9f0b2853b7964462826,2025/3/2 13:05,30,TRAFFIC SIGNAL,FUNCTIONING PROPERLY,CLEAR,DAYLIGHT,SIDESWIPE SAME DIRECTION,NOT DIVIDED,STRAIGHT AND LEVEL,DRY,NO DEFECTS,NOT ON SCENE (DESK REPORT),NO INJURY / DRIVE AWAY,"OVER $1,500",2025-03-05T09:00:00.000,IMPROPER OVERTAKING/PASSING,FAILING TO YIELD RIGHT-OF-WAY,600,N,CICERO AVE,1532,2,NO INDICATION OF INJURY,0,0,0,0,0,3,0,13,1,3,41.89142316,-87.74582767,POINT (-87.745827674668 41.891423156311),30
a90100d83aec455b900251c0df5c8ffd112911e3561dddeaa3fac596ed923ee561cb65aa7900ea590ac06ef380083bc55ad0c07445fc05840a2539c1477e7013,2025/3/2 13:04,30,UNKNOWN,UNKNOWN,UNKNOWN,UNKNOWN,SIDESWIPE SAME DIRECTION,DIVIDED - W/MEDIAN BARRIER,STRAIGHT AND LEVEL,UNKNOWN,UNKNOWN,ON SCENE,NO INJURY / DRIVE AWAY,"$501 - $1,500",2025-03-02T14:20:00.000,DRIVING SKILLS/KNOWLEDGE/EXPERIENCE,UNABLE TO DETERMINE,809,S,DAMEN AVE,1231,2,NO INDICATION OF INJURY,0,0,0,0,0,4,0,13,1,3,41.87120785,-87.67622885,POINT (-87.676228847973 41.871207853017),30
0bed165041349e56499302a07b61629aa1097d5b05e21ae4d17c291fba605d772a679862792b95f2cb673ae9d9ac35068fbd3bfcb4ed334cf1f073eb261591de,2025/3/2 13:00,25,NO CONTROLS,NO CONTROLS,UNKNOWN,UNKNOWN,PARKED MOTOR VEHICLE,ONE-WAY,STRAIGHT AND LEVEL,UNKNOWN,UNKNOWN,NOT ON SCENE (DESK REPORT),NO INJURY / DRIVE AWAY,"OVER $1,500",2025-03-06T15:10:00.000,UNABLE TO DETERMINE,UNABLE TO DETERMINE,8234,S,INGLESIDE AVE,631,2,NO INDICATION OF INJURY,0,0,0,0,0,1,0,13,1,3,41.74478384,-87.6015134,POINT (-87.601513396153 41.744783839569),25
118a9466d93c965761dfc37a9563b8527ed54bc9447fcbce9835fb476d9f564d9b0552a007a2283c52e6cc4e00420f7137674e35d8c89437933b33d470cb3888,2025/3/2 13:00,35,NO CONTROLS,NO CONTROLS,CLEAR,DAYLIGHT,TURNING,NOT DIVIDED,STRAIGHT AND LEVEL,DRY,UNKNOWN,NOT ON SCENE (DESK REPORT),NO INJURY / DRIVE AWAY,"OVER $1,500",2025-03-02T19:40:00.000,UNABLE TO DETERMINE,UNABLE TO DETERMINE,3833,W,GRAND AVE,2535,2,NO INDICATION OF INJURY,0,0,0,0,0,2,0,13,1,3,41.90456671,-87.72271681,POINT (-87.722716808837 41.90456670674),35
53ef706a2a1b0b35d762f234a243ba0df1ae3b2cb7237f0f61ef045409133107ac0465a21ba30ee521ff042d89b13aa2ae6eca313c93af0d9750cde11166d281,2025/3/2 13:00,30,NO CONTROLS,NO CONTROLS,CLEAR,DAYLIGHT,SIDESWIPE SAME DIRECTION,NOT DIVIDED,STRAIGHT AND LEVEL,DRY,NO DEFECTS,NOT ON SCENE (DESK REPORT),NO INJURY / DRIVE AWAY,"OVER $1,500",2025-03-05T19:30:00.000,UNABLE TO DETERMINE,UNABLE TO DETERMINE,225,N,HALSTED ST,1214,2,NO INDICATION OF INJURY,0,0,0,0,0,2,0,13,1,3,41.88651038,-87.64735049,POINT (-87.647350492452 41.886510379661),30
ac2bed3ba91456456393af9f8738a58baf1c5b41ffa7071dd7a2b8b2877620ac6c36639900329dfbfb0778ce956280614c21c21d930bd04e0b35956894d9a1ea,2025/3/2 13:00,30,NO CONTROLS,NO CONTROLS,CLEAR,DAYLIGHT,TURNING,NOT DIVIDED,STRAIGHT AND LEVEL,DRY,UNKNOWN,NOT ON SCENE (DESK REPORT),NO INJURY / DRIVE AWAY,"OVER $1,500",2025-03-02T19:23:00.000,FAILING TO REDUCE SPEED TO AVOID CRASH,NOT APPLICABLE,6236,N,WESTERN AVE,2413,2,NO INDICATION OF INJURY,0,0,0,0,0,2,0,13,1,3,41.99519703,-87.68994741,POINT (-87.689947407317 41.995197026668),30
aeaa8bf9634394b2698a515da15ff090da5fb40e7d0b946df026a4b3e7e97ac70375d083ed6ea45b8bbfaaf7a322272cbffeb22ca6d2c8a4b5fcf57bc9948a5e,2025/3/2 12:59,30,STOP SIGN/FLASHER,FUNCTIONING PROPERLY,CLEAR,DAYLIGHT,TURNING,OTHER,STRAIGHT AND LEVEL,UNKNOWN,UNKNOWN,NOT ON SCENE (DESK REPORT),INJURY AND / OR TOW DUE TO CRASH,"OVER $1,500",2025-03-02T13:39:00.000,UNABLE TO DETERMINE,NOT APPLICABLE,2800,W,ARDMORE AVE,2011,2,"REPORTED, NOT EVIDENT",1,0,0,0,1,3,0,12,1,3,41.98686691,-87.69934286,POINT (-87.699342864554 41.986866911416),30
8a27205e6d2585753b27dd321faa614d517d25477c919adc25a1a686f929ecd7739f16bfe521bf4ac0f110d6f77dbfb99c51d00a614fa5e7952b69ad52fc3cea,2025/3/2 12:57,30,NO CONTROLS,NO CONTROLS,CLEAR,DAYLIGHT,OTHER OBJECT,NOT DIVIDED,STRAIGHT AND LEVEL,DRY,UNKNOWN,ON SCENE,INJURY AND / OR TOW DUE TO CRASH,"OVER $1,500",2025-03-02T12:59:00.000,PHYSICAL CONDITION OF DRIVER,NOT APPLICABLE,331,S,SACRAMENTO BLVD,1124,1,NONINCAPACITATING INJURY,1,0,0,1,0,0,0,12,1,3,41.87641786,-87.70093308,POINT (-87.700933079227 41.876417857512),30
f8d709cc0d76364dfab15d745a4183efc03b370e5485897b33cd7a00d97fae3dbdb05e29435fe8499c7ecbb4bb474a32e6dc9ed6fb9c68ed9885e652ef895b48,2025/3/2 12:57,30,NO CONTROLS,NO CONTROLS,UNKNOWN,UNKNOWN,REAR END,DIVIDED - W/MEDIAN (NOT RAISED),STRAIGHT AND LEVEL,UNKNOWN,UNKNOWN,NOT ON SCENE (DESK REPORT),NO INJURY / DRIVE AWAY,"$501 - $1,500",2025-03-02T13:57:00.000,FOLLOWING TOO CLOSELY,FOLLOWING TOO CLOSELY,5299,S,CICERO AVE,815,2,NO INDICATION OF INJURY,0,0,0,0,0,2,0,12,1,3,41.79677719,-87.74271809,POINT (-87.742718089897 41.796777192444),30
bd17153905741c11b1836ba9e6c2c47b657ced56b3bd93e0476bf4819de544aaf7902803f7c10fe37187a2a96e63d86b3b5ee3207be5f1bd3873418d034bf83b,2025/3/2 12:56,30,TRAFFIC SIGNAL,UNKNOWN,CLEAR,DAYLIGHT,TURNING,UNKNOWN INTERSECTION TYPE,STRAIGHT AND LEVEL,DRY,UNKNOWN,ON SCENE,INJURY AND / OR TOW DUE TO CRASH,"OVER $1,500",2025-03-02T13:00:00.000,IMPROPER LANE USAGE,IMPROPER OVERTAKING/PASSING,2157,N,CICERO AVE,2522,2,NONINCAPACITATING INJURY,1,0,0,1,0,1,0,12,1,3,41.92048169,-87.74606089,POINT (-87.746060889741 41.920481687782),30