crash_record_id,crash_date,posted_speed_limit,traffic_control_device,device_condition,weather_condition,lighting_condition,first_crash_type,trafficway_type,alignment,roadway_surface_cond,road_defect,report_type,crash_type,damage,date_police_notified,prim_contributory_cause,sec_contributory_cause,street_no,street_direction,street_name,beat_of_occurrence,num_units,most_severe_injury,injuries_total,injuries_fatal,injuries_incapacitating,injuries_non_incapacitating,injuries_reported_not_evident,injuries_no_indication,injuries_unknown,crash_hour,crash_day_of_week,crash_month,latitude,longitude,location,speed_limit
d05d0667aebfaf1e6261aee67703278c2da4c2abe9833f1c7807ba20ccd95986b810c114926aea965f2304418a496d1b71c2cfc9ac9e6aeabbd786d2bbcd3a9e,2025/3/2 12:53,30,NO CONTROLS,NO CONTROLS,CLEAR,DAYLIGHT,TURNING,NOT DIVIDED,STRAIGHT AND LEVEL,DRY,NO DEFECTS,NOT ON SCENE (DESK REPORT),NO INJURY / DRIVE AWAY,"OVER $1,500",2025-03-02T14:25:00.000,FAILING TO YIELD RIGHT-OF-WAY,IMPROPER TURNING/NO SIGNAL,6236,N,WESTERN AVE,2413,2,NO INDICATION OF INJURY,0,0,0,0,0,2,0,12,1,3,41.99519703,-87.68994741,POINT (-87.689947407317 41.995197026668),30
000a4a691f5bf1063eaa79366163ba50de0ca53a8c263c034f043851e7e723dd76effecffb014cf42b6887388237539fb824b042bbd957d6393e28513d34deda,2025/3/2 12:50,30,UNKNOWN,UNKNOWN,UNKNOWN,UNKNOWN,PARKED MOTOR VEHICLE,UNKNOWN,STRAIGHT AND LEVEL,UNKNOWN,UNKNOWN,NOT ON SCENE (DESK REPORT),NO INJURY / DRIVE AWAY,"OVER $1,500",2025-03-02T14:25:00.000,UNABLE TO DETERMINE,NOT APPLICABLE,1137,N,LAMON AVE,1531,2,NO INDICATION OF INJURY,0,0,0,0,0,1,0,12,1,3,41.9015262,-87.74825545,POINT (-87.748255447656 41.901526199922),30
9fb31efa5f2ea9a8abece5cf331ab8f1ecf8dc80d2009f1dc72af8deb555c483a505792139e340d2f59e988233c1a05fd70e1d8fd64e0755dc642ee20a726f99,2025/3/2 12:49,30,UNKNOWN,UNKNOWN,CLEAR,DAYLIGHT,PEDESTRIAN,NOT DIVIDED,STRAIGHT AND LEVEL,DRY,NO DEFECTS,ON SCENE,INJURY AND / OR TOW DUE TO CRASH,"OVER $1,500",2025-03-02T12:50:00.000,"OPERATING VEHICLE IN ERRATIC, RECKLESS, CARELESS, NEGLIGENT OR AGGRESSIVE MANNER",UNABLE TO DETERMINE,5102,W,DIVISION ST,2533,2,NONINCAPACITATING INJURY,1,0,0,1,0,1,0,12,1,3,41.90238265,-87.75346202,POINT (-87.75346202399 41.902382648839),30
3039ad4f647745dbb03002b1af105e740d191b16f031270889cd1eaad94fabe93e9544f1ad3c03d0d98f95660bf30b28380ff60c668bbb8c8fbbca6f38d5f70e,2025/3/2 12:47,30,NO CONTROLS,NO CONTROLS,CLEAR,DAYLIGHT,ANGLE,ONE-WAY,STRAIGHT AND LEVEL,DRY,NO DEFECTS,NOT ON SCENE (DESK REPORT),NO INJURY / DRIVE AWAY,"OVER $1,500",2025-03-02T14:15:00.000,FAILING TO YIELD RIGHT-OF-WAY,NOT APPLICABLE,3216,N,CENTRAL PARK AVE,1732,2,NO INDICATION OF INJURY,0,0,0,0,0,3,0,12,1,3,41.93974212,-87.71756633,POINT (-87.71756632887 41.939742123799),30
32bc301ee60f05e2e5710f2b8b440eb93e12b86a5aa191c737079dcf385b844ea8453ea0851ddd8a9004ed2be144fe4c0c6f29830de153873084c90640f306e5,2025/3/2 12:40,30,NO CONTROLS,NO CONTROLS,UNKNOWN,UNKNOWN,PARKED MOTOR VEHICLE,ONE-WAY,STRAIGHT AND LEVEL,UNKNOWN,UNKNOWN,ON SCENE,INJURY AND / OR TOW DUE TO CRASH,"OVER $1,500",2025-03-02T12:40:00.000,UNABLE TO DETERMINE,NOT APPLICABLE,3943,W,THOMAS ST,1112,2,NO INDICATION OF INJURY,0,0,0,0,0,1,0,12,1,3,41.90074511,-87.72545193,POINT (-87.725451933078 41.900745111186),30
59ed77c23031baebcfc076fea5ff27f3190d9d101d9cd077791943a24a6195bcf276038dba5a80692b14bebebb452579153c9d06379b192fc89a0c04b93c3945,2025/3/2 12:35,30,NO CONTROLS,NO CONTROLS,CLEAR,DAYLIGHT,TURNING,DIVIDED - W/MEDIAN (NOT RAISED),"CURVE, LEVEL",DRY,NO DEFECTS,ON SCENE,INJURY AND / OR TOW DUE TO CRASH,"OVER $1,500",2025-03-02T12:39:00.000,DRIVING SKILLS/KNOWLEDGE/EXPERIENCE,DRIVING SKILLS/KNOWLEDGE/EXPERIENCE,7526,N,RIDGE BLVD,2411,2,"REPORTED, NOT EVIDENT",2,0,0,0,2,1,0,12,1,3,42.01853293,-87.68467767,POINT (-87.68467766657 42.0185329274),30
9ce4c133036a7b8ae87f92e1d70ab196eadd66ab94c30f27cf30307478ca4ca455e7e2e8010fa6333601a511e8fa9548d59ceadfa2208d8a5ad8dd1937eeb6e1,2025/3/2 12:33,30,UNKNOWN,UNKNOWN,CLEAR,DAYLIGHT,REAR END,PARKING LOT,STRAIGHT AND LEVEL,UNKNOWN,UNKNOWN,NOT ON SCENE (DESK REPORT),NO INJURY / DRIVE AWAY,"OVER $1,500",2025-03-02T14:00:00.000,UNABLE TO DETERMINE,UNABLE TO DETERMINE,721,S,SEELEY AVE,1225,2,NO INDICATION OF INJURY,0,0,0,0,0,2,0,12,1,3,41.87252753,-87.6774417,POINT (-87.677441696207 41.872527531396),30
09be734ade0436f942d09a3caca1b57ee18cf3350b1cd06a08869c68abf7c02a2c60b0890b37f4c245604094c9bf27f30a59021651deac36ae1f729fd3617f7b,2025/3/2 12:30,5,NO CONTROLS,NO CONTROLS,CLEAR,DAYLIGHT,PARKED MOTOR VEHICLE,PARKING LOT,STRAIGHT AND LEVEL,DRY,NO DEFECTS,NOT ON SCENE (DESK REPORT),NO INJURY / DRIVE AWAY,"$501 - $1,500",2025-03-03T20:20:00.000,FOLLOWING TOO CLOSELY,NOT APPLICABLE,4821,W,NORTH AVE,2533,2,NO INDICATION OF INJURY,0,0,0,0,0,1,0,12,1,3,41.90950515,-87.74695994,POINT (-87.746959936272 41.909505147743),5
1a748e937b80a030265977e056bb1008a0faf098253eee409457ee3cf81d6cfdfa88ab5ae11fc4914a544567e33ffc7f0cfb80dc98731af8fc66b620dc836f67,2025/3/2 12:30,20,STOP SIGN/FLASHER,FUNCTIONING PROPERLY,CLEAR,DAYLIGHT,PARKED MOTOR VEHICLE,ONE-WAY,STRAIGHT AND LEVEL,DRY,NO DEFECTS,NOT ON SCENE (DESK REPORT),NO INJURY / DRIVE AWAY,"$501 - $1,500",2025-03-02T14:00:00.000,UNABLE TO DETERMINE,NOT APPLICABLE,8021,S,CARPENTER ST,612,2,NO INDICATION OF INJURY,0,0,0,0,0,1,0,12,1,3,41.7480756,-87.6498867,POINT (-87.649886698831 41.748075602726),20
8b00ebe3f83f9a6bcedae16441b3f27b2241988dde322654f05f57e8e479657d76ddc43b87cb145986c70fde783cfe05a76b14f23b17e1bb3654990041fa349b,2025/3/2 12:30,30,NO CONTROLS,NO CONTROLS,CLEAR,DAYLIGHT,SIDESWIPE SAME DIRECTION,ONE-WAY,STRAIGHT AND LEVEL,DRY,UNKNOWN,NOT ON SCENE (DESK REPORT),NO INJURY / DRIVE AWAY,"OVER $1,500",2025-03-02T13:20:00.000,UNABLE TO DETERMINE,NOT APPLICABLE,3151,N,MARMORA AVE,2514,2,NO INDICATION OF INJURY,0,0,0,0,0,3,0,12,1,3,41.93816456,-87.77362754,POINT (-87.773627536104 41.938164560699),30
8cd4b8041b38b854213499d9b37404cb7efa1036e2c38bcbb2022495b815035f94e09e43a5e6e32084f46a7433aab7a41019f6e449a59bc084b8d8d7269c724d,2025/3/2 12:30,25,NO CONTROLS,NO CONTROLS,CLEAR,DAYLIGHT,SIDESWIPE SAME DIRECTION,NOT DIVIDED,STRAIGHT AND LEVEL,DRY,NO DEFECTS,NOT ON SCENE (DESK REPORT),NO INJURY / DRIVE AWAY,"OVER $1,500",2025-03-02T13:00:00.000,NOT APPLICABLE,NOT APPLICABLE,3600,N,GREENVIEW AVE,1922,2,NO INDICATION OF INJURY,0,0,0,0,0,2,0,12,1,3,41.94711834,-87.66658837,POINT (-87.666588365887 41.947118337254),25
4d08546ff49901dc7b70fd5846dc928cdaaeaddf550517dbf52cea85db9d49326c64c77c669a9d54db19da81db40395fe426d732ca30b11ef2da9d80289f3669,2025/3/2 12:25,30,NO CONTROLS,NO CONTROLS,CLEAR,DAYLIGHT,REAR END,NOT DIVIDED,STRAIGHT AND LEVEL,DRY,NO DEFECTS,NOT ON SCENE (DESK REPORT),NO INJURY / DRIVE AWAY,"$501 - $1,500",2025-03-02T17:43:00.000,FOLLOWING TOO CLOSELY,FOLLOWING TOO CLOSELY,2557,N,CICERO AVE,2521,2,NO INDICATION OF INJURY,0,0,0,0,0,2,0,12,1,3,41.92776516,-87.74629205,POINT (-87.746292054255 41.927765162734),30
ede8803aa4a11df75d1827110c00fb4b2b24eb8925f652d2981c489cb09932e70d4fa595fede8f160084f49d553365404a34cf502960c90db8ed2a81dd94ce09,2025/3/2 12:05,30,OTHER,OTHER,OTHER,UNKNOWN,SIDESWIPE SAME DIRECTION,OTHER,STRAIGHT AND LEVEL,OTHER,OTHER,NOT ON SCENE (DESK REPORT),NO INJURY / DRIVE AWAY,"OVER $1,500",2025-03-03T22:50:00.000,UNABLE TO DETERMINE,UNABLE TO DETERMINE,11879,S,PARNELL AVE,524,2,NO INDICATION OF INJURY,0,0,0,0,0,2,0,12,1,3,41.67797165,-87.63574357,POINT (-87.635743572953 41.677971649599),30
256a30dee528fdeea3e90834c1c6c461997992001ad4b7275f4c3e89916a5080363e8d09f13dbdd821747ed22e4b28e573d4f4dab33bf4e7b1618881a142740d,2025/3/2 12:00,15,NO CONTROLS,NO CONTROLS,CLEAR,DAYLIGHT,ANGLE,PARKING LOT,STRAIGHT AND LEVEL,DRY,NO DEFECTS,NOT ON SCENE (DESK REPORT),NO INJURY / DRIVE AWAY,$500 OR LESS,2025-03-02T14:10:00.000,"VISION OBSCURED (SIGNS, TREE LIMBS, BUILDINGS, ETC.)",UNABLE TO DETERMINE,3250,W,87TH ST,834,2,NO INDICATION OF INJURY,0,0,0,0,0,2,0,12,1,3,41.73527409,-87.70351128,POINT (-87.703511283506 41.735274089541),15
9ea878d38ed9116a7c8d9fbb6031e465c1cb3507e3d3cd345ef0b0755acae53b9ecd989953658b039bdb19d2b23be59e23bc8de33cc201f34247bde6acbad9dd,2025/3/2 12:00,35,TRAFFIC SIGNAL,UNKNOWN,CLEAR,DAYLIGHT,SIDESWIPE SAME DIRECTION,NOT DIVIDED,STRAIGHT AND LEVEL,DRY,UNKNOWN,ON SCENE,NO INJURY / DRIVE AWAY,"OVER $1,500",2025-03-02T12:49:00.000,UNABLE TO DETERMINE,UNABLE TO DETERMINE,2822,W,87TH ST,835,2,NO INDICATION OF INJURY,0,0,0,0,0,2,0,12,1,3,41.73545739,-87.69316532,POINT (-87.69316531709 41.735457393245),35
1a30112ee7e5027a4565fe2450f51ace4464653d15d10344ac7bec251eb9fd844853aaae98a0f56440d2ec33182b6431c8cf74039853046a6d99274ec4636cd7,2025/3/2 11:50,30,TRAFFIC SIGNAL,FUNCTIONING PROPERLY,CLEAR,DAYLIGHT,REAR END,DIVIDED - W/MEDIAN (NOT RAISED),STRAIGHT AND LEVEL,DRY,NO DEFECTS,NOT ON SCENE (DESK REPORT),INJURY AND / OR TOW DUE TO CRASH,"OVER $1,500",2025-03-02T13:15:00.000,DRIVING SKILLS/KNOWLEDGE/EXPERIENCE,UNABLE TO DETERMINE,7600,S,ASHLAND AVE,611,2,"REPORTED, NOT EVIDENT",1,0,0,0,1,2,0,11,1,3,41.75571944,-87.66371778,POINT (-87.663717784195 41.755719440847),30
151f9ffc88a88b80f78a1d525c59f4d3259af42f294b1b85d7a37079d4f76b6cfac302073cacc9090fcfb20601a8c295a8c5326940bc1c8be0e04909e4d3f2c9,2025/3/2 11:45,25,NO CONTROLS,NO CONTROLS,CLEAR,DAYLIGHT,TURNING,ONE-WAY,STRAIGHT ON GRADE,DRY,NO DEFECTS,NOT ON SCENE (DESK REPORT),NO INJURY / DRIVE AWAY,"OVER $1,500",2025-03-02T12:10:00.000,FAILING TO YIELD RIGHT-OF-WAY,NOT APPLICABLE,721,W,GRACE ST,1925,2,NO INDICATION OF INJURY,0,0,0,0,0,2,0,11,1,3,41.95133374,-87.64861508,POINT (-87.648615079217 41.951333737797),25
6c44ab11e423911b2bcd5cb08e936e21b32547dc4a0f23f2afc75b7383eef6a44f6cb4d3feee182b472cced437af782fbe6a01785b46fbb5b09eb2eeedf651e8,2025/3/2 11:45,30,NO CONTROLS,NO CONTROLS,CLEAR,DAYLIGHT,REAR END,OTHER,STRAIGHT AND LEVEL,DRY,NO DEFECTS,NOT ON SCENE (DESK REPORT),NO INJURY / DRIVE AWAY,"$501 - $1,500",2025-03-02T12:00:00.000,NOT APPLICABLE,NOT APPLICABLE,5949,N,RIDGE AVE,2012,3,NO INDICATION OF INJURY,0,0,0,0,0,4,0,11,1,3,41.98990057,-87.6701266,POINT (-87.670126604708 41.989900564957),30
ef343cac2fd3641246c2479566d3629d99b7e2a0bc814962c4a76a3dba8c77fbdf679131da3dfb5c04d27011afa08312ed93e85db5dee10fc853c8b86013558d,2025/3/2 11:42,30,UNKNOWN,UNKNOWN,CLEAR,DAYLIGHT,REAR END,NOT DIVIDED,STRAIGHT AND LEVEL,UNKNOWN,UNKNOWN,NOT ON SCENE (DESK REPORT),NO INJURY / DRIVE AWAY,"$501 - $1,500",2025-03-02T12:00:00.000,UNABLE TO DETERMINE,NOT APPLICABLE,6350,S,CICERO AVE,813,2,NO INDICATION OF INJURY,0,0,0,0,0,3,0,11,1,3,41.77692054,-87.74238401,POINT (-87.742384006174 41.77692054208),30
b060f66bbe19424b551c9a5cb88d666df8a159402dcc4bab4ad6410edd3b39ae8c5e54f5457a0a3cea6c1eac47dbacf1c528ea37a2e7432bed231d75c764aa80,2025/3/2 11:33,30,NO CONTROLS,NO CONTROLS,CLEAR,DAYLIGHT,SIDESWIPE SAME DIRECTION,OTHER,STRAIGHT AND LEVEL,DRY,NO DEFECTS,ON SCENE,NO INJURY / DRIVE AWAY,"$501 - $1,500",2025-03-02T11:36:00.000,UNABLE TO DETERMINE,UNABLE TO DETERMINE,10000,W,OHARE ST,1651,2,NO INDICATION OF INJURY,0,0,0,0,0,2,0,11,1,3,41.97620114,-87.90530913,POINT (-87.905309125103 41.976201139024),30
158cabc3a1c6c649ca8337cf25912472d9a274017f711e7d4b44d2a1ccab3c9a2e8a752edb923a1cec6cb6345f4a31395306906c07996d1a1d9c2c417d1498ed,2025/3/2 11:30,30,STOP SIGN/FLASHER,FUNCTIONING PROPERLY,CLEAR,DAYLIGHT,REAR END,NOT DIVIDED,STRAIGHT AND LEVEL,DRY,NO DEFECTS,ON SCENE,NO INJURY / DRIVE AWAY,$500 OR LESS,2025-03-02T11:35:00.000,FOLLOWING TOO CLOSELY,UNABLE TO DETERMINE,5523,N,CLARK ST,2013,2,NO INDICATION OF INJURY,0,0,0,0,0,2,0,11,1,3,41.98239881,-87.66838868,POINT (-87.668388681096 41.982398805335),30
50ffa29f7347692cd0acb6e8d4cfac04fcc1291fd4d6c6b22afe3a9a0c28cdfa7f788cd1359ae5d25130da8f8c6bf2dd80b0526f9ab6b32714226e1df67726f8,2025/3/2 11:30,30,UNKNOWN,UNKNOWN,UNKNOWN,UNKNOWN,REAR END,NOT DIVIDED,STRAIGHT AND LEVEL,UNKNOWN,UNKNOWN,NOT ON SCENE (DESK REPORT),NO INJURY / DRIVE AWAY,$500 OR LESS,2025-03-02T15:06:00.000,UNABLE TO DETERMINE,UNABLE TO DETERMINE,6400,N,WESTERN AVE,2412,2,NO INDICATION OF INJURY,0,0,0,0,0,2,0,11,1,3,41.99781781,-87.69003303,POINT (-87.690033034693 41.997817807026),30
0a8e962ed00947fed1fcc1ecfd3bbcb79e0fbb9d5d46b6be62de9158e46491c7e4deb978dd7858f21851f93aa91160300d2784eaa752c8c02669d16152655f31,2025/3/2 11:15,30,NO CONTROLS,NO CONTROLS,CLEAR,DAYLIGHT,TURNING,NOT DIVIDED,STRAIGHT AND LEVEL,DRY,NO DEFECTS,NOT ON SCENE (DESK REPORT),NO INJURY / DRIVE AWAY,"$501 - $1,500",2025-03-02T12:00:00.000,FAILING TO YIELD RIGHT-OF-WAY,NOT APPLICABLE,6750,N,RIDGE BLVD,2412,2,NO INDICATION OF INJURY,0,0,0,0,0,2,0,11,1,3,42.00482468,-87.68015121,POINT (-87.680151209767 42.004824681622),30
19c98750757360415e99f8a740ff978e38abaa6eae88bd64c326c1f0f0d3a285274600bd42c873339d880f9e971a1852fac77d1b6afaefd08d471ec841643e06,2025/3/2 11:15,30,NO CONTROLS,NO CONTROLS,CLEAR,DAYLIGHT,HEAD ON,NOT DIVIDED,STRAIGHT AND LEVEL,DRY,NO DEFECTS,ON SCENE,INJURY AND / OR TOW DUE TO CRASH,"OVER $1,500",2025-03-02T11:40:00.000,IMPROPER OVERTAKING/PASSING,DRIVING SKILLS/KNOWLEDGE/EXPERIENCE,2711,W,PERSHING RD,921,2,NONINCAPACITATING INJURY,4,0,0,4,0,1,0,11,1,3,41.82271692,-87.69265945,POINT (-87.692659452303 41.822716918408),30
31cb0d6310b4ee29b703d2635e46cf7d3200610956fc62fb4ec86ccb9385373c26de9de1ed0e9ce7a9b6606a13ef3f8e5d710a7223f106f02d57adbc2e0412dd,2025/3/2 11:10,30,TRAFFIC SIGNAL,FUNCTIONING PROPERLY,CLEAR,DAYLIGHT,REAR END,DIVIDED - W/MEDIAN (NOT RAISED),STRAIGHT AND LEVEL,DRY,NO DEFECTS,NOT ON SCENE (DESK REPORT),NO INJURY / DRIVE AWAY,"OVER $1,500",2025-03-02T12:50:00.000,NOT APPLICABLE,NOT APPLICABLE,2000,N,CENTRAL PARK AVE,2525,2,NO INDICATION OF INJURY,0,0,0,0,0,2,0,11,1,3,41.91732537,-87.71692093,POINT (-87.7169209281 41.91732537342),30
d65f5d4aeca16728ab0045f1fa6f2e544f45aa2b317d0173aeae23e6ae7b63d2bc9d8192010351b31b0e1c441b324e3d152c1413550a8c3d1db38b852f133718,2025/3/2 11:00,30,NO CONTROLS,NO CONTROLS,CLEAR,DAYLIGHT,ANGLE,NOT DIVIDED,STRAIGHT AND LEVEL,DRY,NO DEFECTS,NOT ON SCENE (DESK REPORT),NO INJURY / DRIVE AWAY,"$501 - $1,500",2025-03-02T11:20:00.000,IMPROPER BACKING,NOT APPLICABLE,7235,N,ASHLAND BLVD,2423,2,NO INDICATION OF INJURY,0,0,0,0,0,2,0,11,1,3,42.0137867,-87.67008874,POINT (-87.670088743148 42.013786700886),30
1d4c73b7ce34f176b0a7ec5c02d4dc223695d84c8cecaac3b89e7559b35925544c86bd023152edc8d389c7660a8c2ca69c1b1e276dd2025e2b290764f7d007aa,2025/3/2 10:55,20,STOP SIGN/FLASHER,FUNCTIONING PROPERLY,CLEAR,DAYLIGHT,ANGLE,FOUR WAY,STRAIGHT AND LEVEL,DRY,NO DEFECTS,ON SCENE,INJURY AND / OR TOW DUE TO CRASH,"OVER $1,500",2025-03-02T10:58:00.000,DISREGARDING STOP SIGN,NOT APPLICABLE,2498,W,66TH ST,832,2,"REPORTED, NOT EVIDENT",2,0,0,0,2,1,0,10,1,3,41.77387168,-87.6858737,POINT (-87.685873702915 41.773871675493),20
78e44697def0e6b858a15297f58bd422506a493fdcf2d79919ab8c479fd01c094c62aa2ad81b5600858ee4481de45936ac3702964748bd3dea71a9607ef36e75,2025/3/2 10:53,30,STOP SIGN/FLASHER,FUNCTIONING PROPERLY,CLEAR,DAYLIGHT,SIDESWIPE OPPOSITE DIRECTION,ONE-WAY,STRAIGHT AND LEVEL,DRY,NO DEFECTS,ON SCENE,INJURY AND / OR TOW DUE TO CRASH,"OVER $1,500",2025-03-02T10:53:00.000,"OPERATING VEHICLE IN ERRATIC, RECKLESS, CARELESS, NEGLIGENT OR AGGRESSIVE MANNER",DRIVING ON WRONG SIDE/WRONG WAY,5802,W,WRIGHTWOOD AVE,2514,3,NO INDICATION OF INJURY,0,0,0,0,0,2,0,10,1,3,41.92766383,-87.77113522,POINT (-87.771135220232 41.927663826168),30
969a77e7e9da7f7b9537a356bb6935b59cbff736fba83f0fa19caca70760b4f0906a9a34edd14961656fa10374c41560a08d9e6d8cfd2b8cae2d7ec17551069f,2025/3/2 10:51,30,NO CONTROLS,NO CONTROLS,CLEAR,DAYLIGHT,REAR END,NOT DIVIDED,STRAIGHT AND LEVEL,DRY,NO DEFECTS,ON SCENE,INJURY AND / OR TOW DUE TO CRASH,"OVER $1,500",2025-03-02T10:52:00.000,UNABLE TO DETERMINE,UNABLE TO DETERMINE,6251,S,HOMAN AVE,823,2,NONINCAPACITATING INJURY,1,0,0,1,0,3,0,10,1,3,41.7792191,-87.7078511,POINT (-87.707851102907 41.779219103849),30
6538f18118146d943e79f1ef8a2f50834ea7077a0de458d31a24714a3c84468e07042877c080652ea062e63f3ec68f632dc80bcd51ca38aaee734e7c741acde9,2025/3/2 10:47,30,NO CONTROLS,NO CONTROLS,CLEAR,DAYLIGHT,ANGLE,DIVIDED - W/MEDIAN (NOT RAISED),STRAIGHT AND LEVEL,DRY,NO DEFECTS,ON SCENE,INJURY AND / OR TOW DUE TO CRASH,"OVER $1,500",2025-03-02T11:04:00.000,IMPROPER TURNING/NO SIGNAL,FAILING TO REDUCE SPEED TO AVOID CRASH,4809,S,ASHLAND AVE,933,2,NONINCAPACITATING INJURY,2,0,0,1,1,3,0,10,1,3,41.80646751,-87.66476603,POINT (-87.66476603122 41.806467512931),30
e2fe9ac350b25586c944ede97f64779c2809bbd6c8496cdd2dde8a0ce6621cf8f35873ff94e880aea687a7e682c813be66289ca2da2e82ccd09d14a05c6b1195,2025/3/2 10:35,30,NO CONTROLS,NO CONTROLS,CLEAR,DAYLIGHT,SIDESWIPE SAME DIRECTION,NOT DIVIDED,STRAIGHT AND LEVEL,DRY,NO DEFECTS,ON SCENE,NO INJURY / DRIVE AWAY,"OVER $1,500",2025-03-02T10:35:00.000,NOT APPLICABLE,NOT APPLICABLE,5030,W,NORTH AVE,2533,2,NO INDICATION OF INJURY,0,0,0,0,0,2,0,10,1,3,41.90965559,-87.75228257,POINT (-87.752282570308 41.90965559098),30
307fa3308d2b07ad362361135a7aa99aeaebe97486b682a6a8107241a497725c885d0aa18e8bbfada99ca48f4d4fd5138bf11efc2c2bf0cf5e6b41ad7e044a80,2025/3/2 10:30,30,NO CONTROLS,NO CONTROLS,CLEAR,DAYLIGHT,PARKED MOTOR VEHICLE,PARKING LOT,STRAIGHT AND LEVEL,DRY,UNKNOWN,ON SCENE,NO INJURY / DRIVE AWAY,"$501 - $1,500",2025-03-02T10:40:00.000,IMPROPER BACKING,FOLLOWING TOO CLOSELY,6349,S,COTTAGE GROVE AVE,312,2,NO INDICATION OF INJURY,0,0,0,0,0,1,0,10,1,3,41.77896886,-87.60575208,POINT (-87.605752077236 41.778968861667),30
96c0a64d310fa13d6d55d0a10ac7c4efb8c6827b205a21c3f81520dff4c2f9342d945331e7f4152209f851e6ecbddee0ac730b863df119a6055be4e2a14218cc,2025/3/2 10:30,35,UNKNOWN,UNKNOWN,UNKNOWN,UNKNOWN,PARKED MOTOR VEHICLE,UNKNOWN,STRAIGHT AND LEVEL,UNKNOWN,UNKNOWN,NOT ON SCENE (DESK REPORT),NO INJURY / DRIVE AWAY,"OVER $1,500",2025-03-02T14:00:00.000,UNABLE TO DETERMINE,UNABLE TO DETERMINE,2838,W,55TH ST,923,2,NO INDICATION OF INJURY,0,0,0,0,0,1,0,10,1,3,41.7937741,-87.69533621,POINT (-87.695336205302 41.79377410389),35
3cdfdf96b01137107c40e87f69942a118f373346752775330b2da1af8fe0396191eacc9154ea9843e958afb212fe04a1eee7e9b33f60fd1e02cae070359f4f80,2025/3/2 10:20,30,TRAFFIC SIGNAL,UNKNOWN,CLEAR,DAYLIGHT,REAR END,NOT DIVIDED,STRAIGHT AND LEVEL,UNKNOWN,UNKNOWN,NOT ON SCENE (DESK REPORT),NO INJURY / DRIVE AWAY,"OVER $1,500",2025-03-02T10:55:00.000,UNABLE TO DETERMINE,UNABLE TO DETERMINE,5218,N,ELSTON AVE,1623,2,NO INDICATION OF INJURY,0,0,0,0,0,2,0,10,1,3,41.97559093,-87.75253094,POINT (-87.752530938943 41.975590926282),30
389ee5f90d3e44974c72bb3e948461f8428a114d78fe484fb9467f193315474a85910d02458ff6907ee8c42c679399afe5ce66808733104f691afc34116e8a4f,2025/3/2 10:04,20,TRAFFIC SIGNAL,FUNCTIONING PROPERLY,CLEAR,DAYLIGHT,ANGLE,NOT DIVIDED,STRAIGHT AND LEVEL,DRY,NO DEFECTS,ON SCENE,INJURY AND / OR TOW DUE TO CRASH,"OVER $1,500",2025-03-02T10:05:00.000,DISREGARDING TRAFFIC SIGNALS,UNABLE TO DETERMINE,6700,S,DAMEN AVE,726,2,NO INDICATION OF INJURY,0,0,0,0,0,2,0,10,1,3,41.77203092,-87.67385954,POINT (-87.673859538093 41.772030915088),20
50ad075a0f18bd8eab5cfc6523594c2efefb1d165cd39fa267e5a585023c959f67d91d99a6d2df8e8cf9b6531d386c11047fd53186cd93c2c6a887d12ef104a8,2025/3/2 10:02,25,STOP SIGN/FLASHER,OTHER,CLEAR,DAYLIGHT,ANGLE,NOT DIVIDED,STRAIGHT AND LEVEL,DRY,NO DEFECTS,ON SCENE,INJURY AND / OR TOW DUE TO CRASH,"OVER $1,500",2025-03-02T10:02:00.000,FAILING TO YIELD RIGHT-OF-WAY,FAILING TO REDUCE SPEED TO AVOID CRASH,958,N,MASSASOIT AVE,1511,2,NO INDICATION OF INJURY,0,0,0,0,0,2,0,10,1,3,41.89835108,-87.76931209,POINT (-87.76931208623 41.898351078058),25
919fbdc09371173730cfdbd0aaf2f8498c175e7c704653f601afbe767bba419632696b913b929d3cd9ea114259621863b56b4f2b90ab45832eb6c8c49cbd79c0,2025/3/2 10:00,25,NO CONTROLS,NO CONTROLS,CLEAR,DAYLIGHT,SIDESWIPE SAME DIRECTION,NOT DIVIDED,STRAIGHT AND LEVEL,DRY,NO DEFECTS,NOT ON SCENE (DESK REPORT),NO INJURY / DRIVE AWAY,"OVER $1,500",2025-03-02T11:45:00.000,NOT APPLICABLE,NOT APPLICABLE,1222,W,TOUHY AVE,2423,2,NO INDICATION OF INJURY,0,0,0,0,0,2,0,10,1,3,42.0129458,-87.66306048,POINT (-87.66306048094 42.012945801648),25
3c143079dd21a8ffbcd47ad64076533d80d801796644a98c98ba9fa442d353ec8f17e9389f39e90b3b4d33d791fb1bb90db2c017cb30477186ef3ff13617ad84,2025/3/2 9:49,30,TRAFFIC SIGNAL,FUNCTIONING PROPERLY,CLEAR,DAYLIGHT,ANGLE,DIVIDED - W/MEDIAN (NOT RAISED),STRAIGHT AND LEVEL,DRY,NO DEFECTS,ON SCENE,NO INJURY / DRIVE AWAY,"OVER $1,500",2025-03-02T09:52:00.000,DISREGARDING TRAFFIC SIGNALS,NOT APPLICABLE,7601,W,DEVON AVE,1612,3,NO INDICATION OF INJURY,0,0,0,0,0,3,0,9,1,3,41.99686424,-87.8168047,POINT (-87.816804702586 41.996864240621),30