crash_record_id,crash_date,posted_speed_limit,traffic_control_device,device_condition,weather_condition,lighting_condition,first_crash_type,trafficway_type,alignment,roadway_surface_cond,road_defect,report_type,crash_type,damage,date_police_notified,prim_contributory_cause,sec_contributory_cause,street_no,street_direction,street_name,beat_of_occurrence,num_units,most_severe_injury,injuries_total,injuries_fatal,injuries_incapacitating,injuries_non_incapacitating,injuries_reported_not_evident,injuries_no_indication,injuries_unknown,crash_hour,crash_day_of_week,crash_month,latitude,longitude,location,speed_limit
335089e765982cabbde57961a49e3a7f6cfb0bb8f75f51434eab7e1547ba29f5bd08f20fd7c06f17222f6f8a079c85d4492462b01caef2bb5f2a92732a970a13,2025/3/2 9:46,30,TRAFFIC SIGNAL,FUNCTIONING PROPERLY,CLEAR,DAYLIGHT,TURNING,FOUR WAY,STRAIGHT AND LEVEL,DRY,NO DEFECTS,NOT ON SCENE (DESK REPORT),NO INJURY / DRIVE AWAY,$500 OR LESS,2025-03-02T10:10:00.000,NOT APPLICABLE,NOT APPLICABLE,803,W,DIVISION ST,1822,2,NO INDICATION OF INJURY,0,0,0,0,0,2,0,9,1,3,41.90352466,-87.64823762,POINT (-87.648237619488 41.903524661527),30
9c59fe31cbf1ea797b3b04dd16227e56f21423c43fd409915fcab9ec7661adddba996ed11defcae5fe42f5b32bfcaa35aeb3b6b91844f98ff9dc672138b9e0ff,2025/3/2 9:30,30,NO CONTROLS,NO CONTROLS,CLEAR,DAYLIGHT,REAR END,NOT DIVIDED,STRAIGHT AND LEVEL,DRY,NO DEFECTS,NOT ON SCENE (DESK REPORT),NO INJURY / DRIVE AWAY,$500 OR LESS,2025-03-02T10:00:00.000,FOLLOWING TOO CLOSELY,NOT APPLICABLE,7036,N,CLARK ST,2424,2,NO INDICATION OF INJURY,0,0,0,0,0,2,0,9,1,3,42.01012437,-87.6743699,POINT (-87.674369898981 42.01012437485),30
bc5b4751d6f39ab3a345299c192bd2ee896fdb678d67eb7a917c33c8fa80c7bae65f998bfd8514655cee0ad23556e44b2c99a296dc18889d168a4df8bd0dc026,2025/3/2 9:18,30,STOP SIGN/FLASHER,FUNCTIONING PROPERLY,CLEAR,DAYLIGHT,REAR END,NOT DIVIDED,STRAIGHT AND LEVEL,DRY,NO DEFECTS,ON SCENE,INJURY AND / OR TOW DUE TO CRASH,"OVER $1,500",2025-03-02T10:22:00.000,FOLLOWING TOO CLOSELY,FAILING TO REDUCE SPEED TO AVOID CRASH,428,W,115TH ST,2233,2,"REPORTED, NOT EVIDENT",1,0,0,0,1,3,0,9,1,3,41.68529985,-87.63362755,POINT (-87.633627553684 41.685299853335),30
4cc6bdf4cd05d821b3afadfa46b8115393f87e3aa22c33a72b81e4f129948b6439698ccb7ea4b56b5a461b168136e19b8106d210eba5da1e37629e06c03f113d,2025/3/2 9:15,30,STOP SIGN/FLASHER,FUNCTIONING PROPERLY,CLEAR,DAYLIGHT,TURNING,NOT DIVIDED,STRAIGHT AND LEVEL,DRY,NO DEFECTS,NOT ON SCENE (DESK REPORT),NO INJURY / DRIVE AWAY,"$501 - $1,500",2025-03-02T10:00:00.000,FAILING TO YIELD RIGHT-OF-WAY,NOT APPLICABLE,1533,W,99TH ST,2213,2,NO INDICATION OF INJURY,0,0,0,0,0,3,0,9,1,3,41.71387384,-87.66152455,POINT (-87.661524551956 41.713873844174),30
09940e50e8a1c3beac66d93601eace3d5232770ba688a19481d089cc2b01e0cce5ab51076140c1dd91fe100876f44ce4a78d2e79b15b9e3530dcf402818a433c,2025/3/2 9:00,30,STOP SIGN/FLASHER,FUNCTIONING PROPERLY,CLEAR,DAYLIGHT,ANGLE,NOT DIVIDED,STRAIGHT AND LEVEL,DRY,UNKNOWN,ON SCENE,INJURY AND / OR TOW DUE TO CRASH,"OVER $1,500",2025-03-02T09:10:00.000,FAILING TO YIELD RIGHT-OF-WAY,FAILING TO YIELD RIGHT-OF-WAY,4401,N,MOODY AVE,1622,2,NO INDICATION OF INJURY,0,0,0,0,0,2,0,9,1,3,41.96039251,-87.78053953,POINT (-87.780539530475 41.960392507891),30
0fec3dd078c3b4de57212d86b287a8248a38903f5545bd203538048b0eb97c52b49068886f025c143574007cb4931fc11c5dcec4d30971d3b18fb7683d866dae,2025/3/2 9:00,10,NO CONTROLS,NO CONTROLS,CLEAR,DAYLIGHT,PARKED MOTOR VEHICLE,PARKING LOT,STRAIGHT AND LEVEL,DRY,NO DEFECTS,NOT ON SCENE (DESK REPORT),NO INJURY / DRIVE AWAY,"OVER $1,500",2025-03-03T16:15:00.000,IMPROPER OVERTAKING/PASSING,UNABLE TO DETERMINE,500,N,KINGSBURY ST,1831,2,NO INDICATION OF INJURY,0,0,0,0,0,1,0,9,1,3,41.8906843,-87.63939528,POINT (-87.63939528337 41.890684302388),10
69cf3eecb9a4906d3ca8bd32357ea48ce1c6ead6a642ad80ffe707acc5cc8be138e536c646c42317d62cd783617d687143d9b791391290687848ef981a6bd9fe,2025/3/2 9:00,30,UNKNOWN,UNKNOWN,UNKNOWN,DAYLIGHT,TURNING,NOT DIVIDED,STRAIGHT AND LEVEL,UNKNOWN,UNKNOWN,NOT ON SCENE (DESK REPORT),NO INJURY / DRIVE AWAY,"OVER $1,500",2025-03-02T22:06:00.000,UNABLE TO DETERMINE,NOT APPLICABLE,4532,W,56TH ST,813,2,NO INDICATION OF INJURY,0,0,0,0,0,2,0,9,1,3,41.79137663,-87.73661779,POINT (-87.736617788116 41.791376631048),30
7c36ecc6c6d43fd63400d8b47a09768bc10f3bb2ed697678b92c4f85b1a94c0127244894506212f13ed441e7f2e32f2d521d2028e9b74b972cabd05cbf283269,2025/3/2 8:57,30,NO CONTROLS,NO CONTROLS,CLEAR,DAYLIGHT,TURNING,ONE-WAY,STRAIGHT AND LEVEL,WET,UNKNOWN,NOT ON SCENE (DESK REPORT),NO INJURY / DRIVE AWAY,"OVER $1,500",2025-03-02T10:05:00.000,UNABLE TO DETERMINE,UNABLE TO DETERMINE,5601,S,KOLMAR AVE,813,2,NO INDICATION OF INJURY,0,0,0,0,0,2,0,8,1,3,41.79117838,-87.73643641,POINT (-87.7364364082 41.791178378691),30
831c45b2d9011e0b58250ac44599889bd7e28966b1ef24325ffa9d67d743d250b82ae677ea98a0a4928d87a154d487e6e65871c77c9e49be3146745510e12a28,2025/3/2 8:47,30,TRAFFIC SIGNAL,FUNCTIONING PROPERLY,CLEAR,DAYLIGHT,ANGLE,FOUR WAY,STRAIGHT AND LEVEL,DRY,NO DEFECTS,ON SCENE,INJURY AND / OR TOW DUE TO CRASH,"OVER $1,500",2025-03-02T08:51:00.000,DISREGARDING TRAFFIC SIGNALS,FAILING TO REDUCE SPEED TO AVOID CRASH,1149,S,KOSTNER AVE,1131,2,NONINCAPACITATING INJURY,2,0,0,1,1,1,0,8,1,3,41.86682883,-87.73484706,POINT (-87.734847061066 41.866828825013),30
68ed9cc5945cc2827642606a4929ffe16027f35e2baff0dc46961e45cbc8719d7f25c22903bc7adfd07dd0df0eea37062a251cd752a47693db6939859fa98bc7,2025/3/2 8:10,35,NO CONTROLS,NO CONTROLS,CLEAR,DAYLIGHT,SIDESWIPE SAME DIRECTION,NOT DIVIDED,STRAIGHT AND LEVEL,DRY,NO DEFECTS,ON SCENE,NO INJURY / DRIVE AWAY,$500 OR LESS,2025-03-02T08:15:00.000,FAILING TO YIELD RIGHT-OF-WAY,UNABLE TO DETERMINE,1450,N,SEDGWICK ST,1821,2,NO INDICATION OF INJURY,0,0,0,0,0,2,0,8,1,3,41.90904783,-87.63867506,POINT (-87.63867505634 41.909047834269),35
c65e8c25b4c59b2e62e9851ea657c4d49bbc7871a5b1e2ca166442da076259b04741fb1286aefb1f070e82e6eaade0bbc1a78efa41cd93b9b4376c615958ef8d,2025/3/2 8:00,30,STOP SIGN/FLASHER,FUNCTIONING PROPERLY,CLEAR,DAYLIGHT,REAR END,NOT DIVIDED,STRAIGHT AND LEVEL,DRY,NO DEFECTS,NOT ON SCENE (DESK REPORT),NO INJURY / DRIVE AWAY,"OVER $1,500",2025-03-02T08:20:00.000,FOLLOWING TOO CLOSELY,FOLLOWING TOO CLOSELY,4200,S,PULASKI RD,815,2,NO INDICATION OF INJURY,0,0,0,0,0,2,0,8,1,3,41.81690171,-87.72405154,POINT (-87.724051536308 41.816901707548),30
d3bc8cbbfa1f04c85a7f5f2a10ce3dad18dada6c38d10b87166e56a01c6071cf5bdd8d19f330111c2ce1776e4fb6ef8eb632f5ffc6c46dec901e15bd4ba0446a,2025/3/2 8:00,20,NO CONTROLS,NO CONTROLS,CLEAR,DAYLIGHT,PARKED MOTOR VEHICLE,ONE-WAY,STRAIGHT AND LEVEL,DRY,UNKNOWN,NOT ON SCENE (DESK REPORT),NO INJURY / DRIVE AWAY,"OVER $1,500",2025-03-02T08:35:00.000,UNABLE TO DETERMINE,UNABLE TO DETERMINE,2324,W,22ND PL,1034,2,NO INDICATION OF INJURY,0,0,0,0,0,1,0,8,1,3,41.85124914,-87.68420328,POINT (-87.684203282464 41.851249141867),20
a7dc59bc11976be06f69f020c244ccebaa58595085b63a1ee0d86d3072da624ad866a76c85bd6c24f5d6c8df809865451f193a1fd73b944874542162be7ee54b,2025/3/2 7:56,30,TRAFFIC SIGNAL,FUNCTIONING PROPERLY,CLEAR,DAYLIGHT,ANGLE,FOUR WAY,STRAIGHT AND LEVEL,DRY,NO DEFECTS,ON SCENE,INJURY AND / OR TOW DUE TO CRASH,"OVER $1,500",2025-03-02T07:59:00.000,DISREGARDING TRAFFIC SIGNALS,NOT APPLICABLE,1959,N,DAMEN AVE,1434,3,NO INDICATION OF INJURY,0,0,0,0,0,3,0,7,1,3,41.91765966,-87.67747099,POINT (-87.677470991421 41.917659662073),30
7705273cfb48d5db69e48a31de3f8fd1401dea4f905863a8cb3c0d191a1d7da8a982295a0531106b277517b807bbecce5c1bad5df122cef2e237304a4687c440,2025/3/2 7:51,10,NO CONTROLS,NO CONTROLS,CLEAR,DAYLIGHT,REAR END,OTHER,STRAIGHT AND LEVEL,DRY,NO DEFECTS,ON SCENE,NO INJURY / DRIVE AWAY,"OVER $1,500",2025-03-02T07:53:00.000,DISTRACTION - FROM INSIDE VEHICLE,DISTRACTION - FROM INSIDE VEHICLE,3401,W,PETERSON AVE,1711,2,NO INDICATION OF INJURY,0,0,0,0,0,2,0,7,1,3,41.99021233,-87.71404362,POINT (-87.714043615307 41.990212325566),10
bcfe75a8a40bbe29349a2b79898de9e523cf779a1bed108bb9946bc46f959c6dbf6686475826561fb2a8863a7e2942a134c379f6050ea1719f62eca54e717a0b,2025/3/2 7:45,30,TRAFFIC SIGNAL,UNKNOWN,CLEAR,DAYLIGHT,SIDESWIPE SAME DIRECTION,FOUR WAY,STRAIGHT AND LEVEL,DRY,UNKNOWN,NOT ON SCENE (DESK REPORT),NO INJURY / DRIVE AWAY,"OVER $1,500",2025-03-02T08:52:00.000,DRIVING SKILLS/KNOWLEDGE/EXPERIENCE,IMPROPER OVERTAKING/PASSING,3500,S,WENTWORTH AVE,915,2,NO INDICATION OF INJURY,0,0,0,0,0,4,0,7,1,3,41.83092244,-87.63165052,POINT (-87.631650518377 41.830922441769),30
5159c5e102632d9b2ba84d9fe675094f168bb6140718f25826911f80c2b86ed1b4e205e3d50c15898d87243cb029168837c4765e3502d1a3ccc9cac170959d33,2025/3/2 7:00,30,NO CONTROLS,NO CONTROLS,UNKNOWN,UNKNOWN,PARKED MOTOR VEHICLE,DIVIDED - W/MEDIAN (NOT RAISED),STRAIGHT AND LEVEL,UNKNOWN,UNKNOWN,NOT ON SCENE (DESK REPORT),NO INJURY / DRIVE AWAY,"OVER $1,500",2025-03-05T20:30:00.000,FAILING TO REDUCE SPEED TO AVOID CRASH,UNABLE TO DETERMINE,2147,N,LINCOLN PARK WEST,1814,2,NO INDICATION OF INJURY,0,0,0,0,0,1,0,7,1,3,41.92156644,-87.63629758,POINT (-87.63629758068 41.921566437877),30
8e73ea9bbec07070f003b9cc25995d9310f97550d537ad541dc78c99c2a007580f756eef3f50a3d49f1adafd039dacf44bdf465a3f2fbf80267688b624617e43,2025/3/2 7:00,30,NO CONTROLS,NO CONTROLS,CLEAR,DAYLIGHT,FIXED OBJECT,NOT DIVIDED,STRAIGHT AND LEVEL,DRY,NO DEFECTS,ON SCENE,INJURY AND / OR TOW DUE TO CRASH,"OVER $1,500",2025-03-02T07:05:00.000,UNABLE TO DETERMINE,UNABLE TO DETERMINE,830,W,DIVISION ST,1822,1,NO INDICATION OF INJURY,0,0,0,0,0,1,0,7,1,3,41.90372961,-87.64925488,POINT (-87.649254877305 41.903729609672),30
dd068387ff1b9b6645d3612efa14ec9a1c1329663d8bd02d9700440fbd8f34ae2e6d3b50774acffbbe5b12e4d3256bcef9e0ee342e36caa534a2d8888668a9d5,2025/3/2 7:00,35,NO CONTROLS,NO CONTROLS,CLEAR,DAYLIGHT,PARKED MOTOR VEHICLE,NOT DIVIDED,STRAIGHT AND LEVEL,DRY,NO DEFECTS,ON SCENE,INJURY AND / OR TOW DUE TO CRASH,"OVER $1,500",2025-03-02T12:00:00.000,IMPROPER LANE USAGE,DRIVING SKILLS/KNOWLEDGE/EXPERIENCE,2928,W,59TH ST,824,2,NO INDICATION OF INJURY,0,0,0,0,0,1,0,7,1,3,41.78645793,-87.69719607,POINT (-87.697196069548 41.786457933815),35
64886e3c64d67a15a0bba91ac890ad6bb57f67c89713b87873e7c92bb1c093ddefa66b0f6dd6c7761afaee64ad0e229420d24ff5ed1986d9ad08ad4b5d59815f,2025/3/2 6:30,30,NO CONTROLS,NO CONTROLS,CLEAR,"DARKNESS, LIGHTED ROAD",PARKED MOTOR VEHICLE,DIVIDED - W/MEDIAN (NOT RAISED),STRAIGHT AND LEVEL,DRY,NO DEFECTS,ON SCENE,INJURY AND / OR TOW DUE TO CRASH,"OVER $1,500",2025-03-02T07:17:00.000,UNABLE TO DETERMINE,UNABLE TO DETERMINE,4920,N,LINCOLN AVE,2031,4,NO INDICATION OF INJURY,0,0,0,0,0,1,0,6,1,3,41.97132424,-87.69044843,POINT (-87.690448427513 41.971324238846),30
c89362948d1e0fdfec0c378c2a0e952eec76a76838c0e42061079e7473668a915864981ca67e1be99b3ad399f534feae890f2048e21bca5477244b599a1dafac,2025/3/2 6:30,35,NO CONTROLS,NO CONTROLS,CLEAR,DAWN,PARKED MOTOR VEHICLE,NOT DIVIDED,STRAIGHT AND LEVEL,DRY,NO DEFECTS,ON SCENE,NO INJURY / DRIVE AWAY,"OVER $1,500",2025-03-02T10:48:00.000,UNABLE TO DETERMINE,NOT APPLICABLE,5924,S,MICHIGAN AVE,232,2,NO INDICATION OF INJURY,0,0,0,0,0,1,0,6,1,3,41.78664118,-87.62240475,POINT (-87.622404753693 41.786641179348),35
07b39a737d8cd5d43655d27306400a111679fb8f7db83e5e8f1de875af5ffa4c000d7de6bd9b09e5c34386731abdcbfb8f6180fb3e35ea5e7596c7c3525aaf6a,2025/3/2 6:00,30,TRAFFIC SIGNAL,FUNCTIONING PROPERLY,CLEAR,DAYLIGHT,PARKED MOTOR VEHICLE,DIVIDED - W/MEDIAN BARRIER,STRAIGHT AND LEVEL,DRY,NO DEFECTS,ON SCENE,NO INJURY / DRIVE AWAY,"$501 - $1,500",2025-03-02T10:42:00.000,FAILING TO REDUCE SPEED TO AVOID CRASH,UNABLE TO DETERMINE,1957,E,71ST ST,333,2,NO INDICATION OF INJURY,0,0,0,0,0,1,0,6,1,3,41.76595769,-87.57651152,POINT (-87.576511515767 41.765957689561),30
ee118d728d15e1572181e7655a7a998aa86b700a7c4ce53acc0cef94c6639a638a81c91bd3525c81aa12e8c464777f894b76cf42911e954786ea77ee3b668c4f,2025/3/2 6:00,35,UNKNOWN,UNKNOWN,UNKNOWN,DAWN,PARKED MOTOR VEHICLE,ONE-WAY,STRAIGHT AND LEVEL,UNKNOWN,NO DEFECTS,ON SCENE,INJURY AND / OR TOW DUE TO CRASH,"OVER $1,500",2025-03-02T13:11:00.000,UNABLE TO DETERMINE,UNABLE TO DETERMINE,5872,S,RICHMOND ST,824,2,NO INDICATION OF INJURY,0,0,0,0,0,1,0,6,1,3,41.78643567,-87.69740355,POINT (-87.697403547214 41.786435670362),35
b8e04d33d324bf28f371d25998ddd819c31286764a980aab21aad8dcb305e6dd346d91b131364e87197e5c3147b882eb197d0c46d4eedda291b498dd3cec0345,2025/3/2 5:50,30,NO CONTROLS,NO CONTROLS,CLEAR,DUSK,PARKED MOTOR VEHICLE,NOT DIVIDED,STRAIGHT AND LEVEL,UNKNOWN,UNKNOWN,NOT ON SCENE (DESK REPORT),NO INJURY / DRIVE AWAY,"OVER $1,500",2025-03-02T07:25:00.000,UNABLE TO DETERMINE,UNABLE TO DETERMINE,3050,W,ADDISON ST,1733,2,NO INDICATION OF INJURY,0,0,0,0,0,1,0,5,1,3,41.94675687,-87.7049953,POINT (-87.704995303052 41.946756865513),30
de634cdae4e3e3433f7aee6106600bd257d8787a842ed9ad791eee85c5115eb96728900e35ab1c3f9cc32f326d7d5f8f20a53a3330c3f49b00ce98efefd7cb4a,2025/3/2 5:50,35,TRAFFIC SIGNAL,UNKNOWN,CLEAR,DAYLIGHT,REAR END,NOT DIVIDED,STRAIGHT AND LEVEL,DRY,NO DEFECTS,ON SCENE,INJURY AND / OR TOW DUE TO CRASH,"OVER $1,500",2025-03-02T05:53:00.000,FAILING TO REDUCE SPEED TO AVOID CRASH,FOLLOWING TOO CLOSELY,6300,S,STEWART AVE,722,2,"REPORTED, NOT EVIDENT",1,0,0,0,1,1,0,5,1,3,41.77981675,-87.6351942,POINT (-87.635194202493 41.779816752642),35
2db5337cf65023a42e558dcf3bd82fda149f23b666d89b874277c20c31d032c37f44ea4c3ff6a2ed95e5e52efb4a4e84150dad1b10efce666eabdd62c95e961d,2025/3/2 5:34,30,NO CONTROLS,NO CONTROLS,CLEAR,DAYLIGHT,PARKED MOTOR VEHICLE,ONE-WAY,STRAIGHT AND LEVEL,DRY,NO DEFECTS,ON SCENE,INJURY AND / OR TOW DUE TO CRASH,"OVER $1,500",2025-03-02T05:34:00.000,UNDER THE INFLUENCE OF ALCOHOL/DRUGS (USE WHEN ARREST IS EFFECTED),UNDER THE INFLUENCE OF ALCOHOL/DRUGS (USE WHEN ARREST IS EFFECTED),958,N,MASSASOIT AVE,1511,2,NO INDICATION OF INJURY,0,0,0,0,0,1,0,5,1,3,41.89835108,-87.76931209,POINT (-87.76931208623 41.898351078058),30
ab2716f88de9fe49ded4ebb035467fe74cfa9831ef53f0f4f714c6b54a6059ab1bef5641fdf0d0c42fec254e6edb88d58d5d74b886d8619c73e93f3e8bd23a0b,2025/3/2 5:25,30,UNKNOWN,UNKNOWN,UNKNOWN,UNKNOWN,PARKED MOTOR VEHICLE,NOT DIVIDED,STRAIGHT AND LEVEL,UNKNOWN,UNKNOWN,NOT ON SCENE (DESK REPORT),NO INJURY / DRIVE AWAY,"OVER $1,500",2025-03-02T06:42:00.000,UNABLE TO DETERMINE,UNABLE TO DETERMINE,9725,S,AVENUE L,432,3,NO INDICATION OF INJURY,0,0,0,0,0,1,0,5,1,3,41.71876742,-87.53634597,POINT (-87.536345968973 41.718767419637),30
8b938a8fc6a9b9e7d1fb80f52a2acebe235853dc1709021f83c534295f83de7d7d2bf10e0bcba8b2e3f239ca59efad08cb7614b6283e49227c48075e41f7c736,2025/3/2 5:09,30,NO CONTROLS,UNKNOWN,CLEAR,"DARKNESS, LIGHTED ROAD",PARKED MOTOR VEHICLE,T-INTERSECTION,STRAIGHT AND LEVEL,DRY,UNKNOWN,ON SCENE,INJURY AND / OR TOW DUE TO CRASH,"OVER $1,500",2025-03-02T05:35:00.000,UNABLE TO DETERMINE,NOT APPLICABLE,6920,W,HIGGINS AVE,1613,2,NO INDICATION OF INJURY,0,0,0,0,0,1,0,5,1,3,41.97989994,-87.80082684,POINT (-87.800826835558 41.979899938256),30
5317888dba8df556384ebe3895a8453bc2c828e4da550fc036d1eb1b5f55741d41f94b9615470d3b88fe19b6ab7bb5d859b50f84c374457668beb717dab66fe1,2025/3/2 5:07,30,NO CONTROLS,NO CONTROLS,CLEAR,"DARKNESS, LIGHTED ROAD",FIXED OBJECT,DIVIDED - W/MEDIAN (NOT RAISED),STRAIGHT AND LEVEL,DRY,NO DEFECTS,ON SCENE,INJURY AND / OR TOW DUE TO CRASH,"OVER $1,500",2025-03-02T05:32:00.000,UNABLE TO DETERMINE,UNABLE TO DETERMINE,4108,W,DIVISION ST,2534,1,"REPORTED, NOT EVIDENT",1,0,0,0,1,0,0,5,1,3,41.90273548,-87.72916824,POINT (-87.72916824106 41.902735483141),30
6d1ce05cb68d687c3f9658a1506f4dbad4df20cfb18524d78102bb7c4727daf7611177659ff6859fd6674e3bcc71116ddcd7d5252fb9b40b29e5f01a7b70c76a,2025/3/2 5:00,30,NO CONTROLS,NO CONTROLS,CLEAR,DAYLIGHT,PARKED MOTOR VEHICLE,NOT DIVIDED,STRAIGHT AND LEVEL,DRY,NO DEFECTS,NOT ON SCENE (DESK REPORT),NO INJURY / DRIVE AWAY,"OVER $1,500",2025-03-02T08:15:00.000,UNABLE TO DETERMINE,NOT APPLICABLE,846,N,KEDVALE AVE,1111,2,NO INDICATION OF INJURY,0,0,0,0,0,1,0,5,1,3,41.8967526,-87.72996782,POINT (-87.729967815765 41.896752597007),30
8e8e99181e5382d1c3dadc6ead315868748d49f2e15b575b296fc5ece8d64906ff43ae62533cc6d66bbb56b1a79d9470428c6e14867621d57233e3e2f7227e57,2025/3/2 5:00,25,NO CONTROLS,NO CONTROLS,CLEAR,DAWN,PARKED MOTOR VEHICLE,ONE-WAY,STRAIGHT AND LEVEL,DRY,NO DEFECTS,ON SCENE,INJURY AND / OR TOW DUE TO CRASH,"OVER $1,500",2025-03-02T08:05:00.000,UNABLE TO DETERMINE,UNABLE TO DETERMINE,3927,W,28TH ST,1031,4,NO INDICATION OF INJURY,0,0,0,0,0,1,0,5,1,3,41.84047673,-87.72316519,POINT (-87.723165188076 41.840476734185),25
5b1feb2993ac3ee60d4c84f52638d0d7739852708d33cb7d994f1f88892829d2f8e8b983b99eebedef5fa97ef3800c84ecf308c3f1a49f7df761a82fcbfcbd8a,2025/3/2 4:15,35,NO CONTROLS,NO CONTROLS,CLEAR,"DARKNESS, LIGHTED ROAD",PARKED MOTOR VEHICLE,NOT DIVIDED,STRAIGHT AND LEVEL,DRY,NO DEFECTS,NOT ON SCENE (DESK REPORT),NO INJURY / DRIVE AWAY,"OVER $1,500",2025-03-02T04:18:00.000,UNABLE TO DETERMINE,UNABLE TO DETERMINE,850,W,76TH ST,621,3,NO INDICATION OF INJURY,0,0,0,0,0,1,0,4,1,3,41.7561827,-87.64621407,POINT (-87.646214068463 41.756182695423),35
6f2b9bf6b3b735278dd9ef42bb577e314b267d437417d572439fcc206d0f0a87ebfb96506591e6d1d0660dee1185a67f0c54baffad0abb2b01d59b0fa8d56766,2025/3/2 4:10,30,NO CONTROLS,NO CONTROLS,CLEAR,DARKNESS,PARKED MOTOR VEHICLE,DIVIDED - W/MEDIAN (NOT RAISED),STRAIGHT AND LEVEL,DRY,NO DEFECTS,ON SCENE,INJURY AND / OR TOW DUE TO CRASH,"OVER $1,500",2025-03-02T04:15:00.000,DISTRACTION - FROM INSIDE VEHICLE,UNABLE TO DETERMINE,1010,W,MONROE ST,1232,2,NO INDICATION OF INJURY,0,0,0,0,0,1,0,4,1,3,41.88051136,-87.65250206,POINT (-87.652502063636 41.880511364449),30
758aff537c503c90f8e4b14cec936356b10bc086441ae5901a82cd56922b5e344480509167332d9d303af501b71cc0168e2ab0ed725df738d3005d60491c1921,2025/3/2 4:04,30,NO CONTROLS,NO CONTROLS,CLEAR,"DARKNESS, LIGHTED ROAD",PARKED MOTOR VEHICLE,NOT DIVIDED,STRAIGHT AND LEVEL,DRY,NO DEFECTS,ON SCENE,INJURY AND / OR TOW DUE TO CRASH,"OVER $1,500",2025-03-02T04:05:00.000,PHYSICAL CONDITION OF DRIVER,UNABLE TO DETERMINE,5848,S,AUSTIN AVE,811,2,INCAPACITATING INJURY,1,0,1,0,0,0,0,4,1,3,41.78557706,-87.77194125,POINT (-87.771941247801 41.785577062802),30
37efab7096e0395b615cf80542eaca5a7936491e2e4f978649fac034f068f4ebad716151126fa70bb4475699ae54e08ad2e26bd22826ec3c68818225ca511a2a,2025/3/2 4:00,30,NO CONTROLS,NO CONTROLS,UNKNOWN,UNKNOWN,PARKED MOTOR VEHICLE,ONE-WAY,STRAIGHT AND LEVEL,UNKNOWN,UNKNOWN,ON SCENE,NO INJURY / DRIVE AWAY,"OVER $1,500",2025-03-02T07:09:00.000,UNABLE TO DETERMINE,UNABLE TO DETERMINE,5922,S,MICHIGAN AVE,232,2,NO INDICATION OF INJURY,0,0,0,0,0,1,0,4,1,3,41.78669817,-87.62240638,POINT (-87.622406384492 41.786698172932),30
552a431033b923eadb3504c45db2d3847a84198a450f05ea8a07e0c5ae93ff0649f86d79d0923c9d60fbfff2a5ba7d8fcf670bac344a33d2f2ddad3802472c76,2025/3/2 4:00,30,STOP SIGN/FLASHER,FUNCTIONING PROPERLY,CLEAR,DAYLIGHT,ANGLE,FOUR WAY,STRAIGHT AND LEVEL,DRY,NO DEFECTS,NOT ON SCENE (DESK REPORT),INJURY AND / OR TOW DUE TO CRASH,"$501 - $1,500",2025-03-05T20:36:00.000,UNABLE TO DETERMINE,UNABLE TO DETERMINE,10000,S,STATE ST,511,2,NONINCAPACITATING INJURY,2,0,0,2,0,1,0,4,1,3,41.71257884,-87.62377683,POINT (-87.623776831423 41.712578838415),30
d99c14c092004b70a6720b573cafd008c08d8aa02106bcc38afc12aa9c998272bc7afae1329c15bf3f4db3cf2281bc307d55ad1e7bc8a49b5c5ff5b632e01af7,2025/3/2 3:36,30,TRAFFIC SIGNAL,FUNCTIONING PROPERLY,CLEAR,"DARKNESS, LIGHTED ROAD",TURNING,NOT DIVIDED,STRAIGHT AND LEVEL,DRY,NO DEFECTS,NOT ON SCENE (DESK REPORT),NO INJURY / DRIVE AWAY,"OVER $1,500",2025-03-02T09:00:00.000,UNABLE TO DETERMINE,UNABLE TO DETERMINE,6000,S,MICHIGAN AVE,311,2,NO INDICATION OF INJURY,0,0,0,0,0,3,0,3,1,3,41.78549043,-87.62237512,POINT (-87.622375121725 41.785490431567),30
be7807b27a056ae9780ed5c49f352a910c48580c8de18f00d640c66ffee22b6a2e801fea718676771acd3465765e2252806df5806b2ffc8bd7addfa404dfb3e8,2025/3/2 3:30,30,NO CONTROLS,NO CONTROLS,CLEAR,DAYLIGHT,REAR END,NOT DIVIDED,STRAIGHT AND LEVEL,DRY,NO DEFECTS,NOT ON SCENE (DESK REPORT),NO INJURY / DRIVE AWAY,"OVER $1,500",2025-03-02T15:09:00.000,FOLLOWING TOO CLOSELY,FOLLOWING TOO CLOSELY,102,N,HAMLIN BLVD,1122,2,NO INDICATION OF INJURY,0,0,0,0,0,2,0,3,1,3,41.88201156,-87.72097075,POINT (-87.720970747972 41.882011561834),30