crash_record_id,crash_date,posted_speed_limit,traffic_control_device,device_condition,weather_condition,lighting_condition,first_crash_type,trafficway_type,alignment,roadway_surface_cond,road_defect,report_type,crash_type,damage,date_police_notified,prim_contributory_cause,sec_contributory_cause,street_no,street_direction,street_name,beat_of_occurrence,num_units,most_severe_injury,injuries_total,injuries_fatal,injuries_incapacitating,injuries_non_incapacitating,injuries_reported_not_evident,injuries_no_indication,injuries_unknown,crash_hour,crash_day_of_week,crash_month,latitude,longitude,location,speed_limit
0fb91ecbe6c6a54e695a10db9d94886eddfaca7904ea5be19d225960261f2f51ef9d194561583ace35f0cfe302f5723b2b90d64f3feac59214f0f5b3f02a044b,2025/3/2 3:20,30,TRAFFIC SIGNAL,FUNCTIONING PROPERLY,CLEAR,"DARKNESS, LIGHTED ROAD",SIDESWIPE SAME DIRECTION,T-INTERSECTION,STRAIGHT AND LEVEL,DRY,NO DEFECTS,ON SCENE,NO INJURY / DRIVE AWAY,"OVER $1,500",2025-03-02T03:22:00.000,IMPROPER LANE USAGE,UNABLE TO DETERMINE,501,S,COLUMBUS DR,114,2,NO INDICATION OF INJURY,0,0,0,0,0,3,0,3,1,3,41.87570882,-87.62044304,POINT (-87.62044304114 41.87570882172),30
e56d0fdf888ac6c9959a2ea3fd17fc1b2507a1d4f3c94f06bddb1ff654f509f6d7e0081e3a07bbdc66ad4079e39de7a80d789e4540173cc9309392c68453d458,2025/3/2 3:15,30,NO CONTROLS,NO CONTROLS,CLEAR,"DARKNESS, LIGHTED ROAD",PARKED MOTOR VEHICLE,NOT DIVIDED,STRAIGHT AND LEVEL,DRY,NO DEFECTS,ON SCENE,INJURY AND / OR TOW DUE TO CRASH,"OVER $1,500",2025-03-02T03:23:00.000,UNABLE TO DETERMINE,UNABLE TO DETERMINE,3823,N,HARLEM AVE,1632,2,NO INDICATION OF INJURY,0,0,0,0,0,1,0,3,1,3,41.94961638,-87.80701056,POINT (-87.80701055996 41.949616379776),30
84c498ed16f62ebc0d5b1755005f1cded75012e9565e25a0a076c1ce4ca69dd76a92caa999dc5166777b8b1155759801b350f7bba5265e6f4f78b597825b60d1,2025/3/2 3:02,30,UNKNOWN,UNKNOWN,UNKNOWN,UNKNOWN,TURNING,NOT DIVIDED,STRAIGHT AND LEVEL,UNKNOWN,UNKNOWN,NOT ON SCENE (DESK REPORT),NO INJURY / DRIVE AWAY,"OVER $1,500",2025-03-04T20:40:00.000,UNABLE TO DETERMINE,UNABLE TO DETERMINE,1250,W,DIVISION ST,1433,2,NO INDICATION OF INJURY,0,0,0,0,0,2,0,3,1,3,41.90359031,-87.65921321,POINT (-87.659213209195 41.903590314092),30
9f9d520608c8eff2295580b4b5b0fb5d9b1dfe11778aae971792caecddf9c31882f39901ad760a7fe521d9e40b5752f3dafe4dc529d61d1ce511546dc291938a,2025/3/2 3:00,30,NO CONTROLS,NO CONTROLS,CLEAR,DARKNESS,PARKED MOTOR VEHICLE,ONE-WAY,STRAIGHT AND LEVEL,DRY,NO DEFECTS,NOT ON SCENE (DESK REPORT),NO INJURY / DRIVE AWAY,"OVER $1,500",2025-03-04T06:35:00.000,UNABLE TO DETERMINE,NOT APPLICABLE,357,E,73RD ST,323,2,NO INDICATION OF INJURY,0,0,0,0,0,1,0,3,1,3,41.7619315,-87.6161506,POINT (-87.616150602467 41.761931498358),30
6cdd611865ac23eaf145b8fd543fa6cac9229e4d5ec23c1c4d3e7f72ab948938631899cb95fa792d951ce1710d8f8e282f049d149fcf3ba1a862d13dbe2ac903,2025/3/2 2:32,25,TRAFFIC SIGNAL,FUNCTIONING PROPERLY,CLEAR,"DARKNESS, LIGHTED ROAD",ANGLE,FOUR WAY,STRAIGHT AND LEVEL,DRY,UNKNOWN,ON SCENE,INJURY AND / OR TOW DUE TO CRASH,"OVER $1,500",2025-03-02T02:55:00.000,FAILING TO YIELD RIGHT-OF-WAY,NOT APPLICABLE,4400,W,JACKSON BLVD,1113,2,NO INDICATION OF INJURY,0,0,0,0,0,2,0,2,1,3,41.87707459,-87.73547397,POINT (-87.735473968311 41.877074587616),25
671432a875f9fd0df4e70c8a679eb1e28fee35252c8f9678f2c45375032d98496b04b01cc011fd0d96ef06b11409b1efc525728ec6a28fcf9d84be7d28d46099,2025/3/2 2:30,30,TRAFFIC SIGNAL,FUNCTIONING PROPERLY,CLEAR,DARKNESS,SIDESWIPE SAME DIRECTION,NOT DIVIDED,STRAIGHT AND LEVEL,DRY,NO DEFECTS,NOT ON SCENE (DESK REPORT),NO INJURY / DRIVE AWAY,"OVER $1,500",2025-03-03T15:20:00.000,UNABLE TO DETERMINE,NOT APPLICABLE,801,W,79TH ST,621,2,NO INDICATION OF INJURY,0,0,0,0,0,2,0,2,1,3,41.75053168,-87.64410092,POINT (-87.644100919891 41.750531680457),30
a7aa9c7993ce2163fb4e554f1b13a5b8941ebb336b6ba44fb73d0149419ecec98f91d59beede9844ec667c8bedf28e7ab29561da6eee0df93483553cdda0ea6b,2025/3/2 2:24,25,NO CONTROLS,NO CONTROLS,CLEAR,"DARKNESS, LIGHTED ROAD",REAR END,NOT DIVIDED,STRAIGHT AND LEVEL,DRY,NO DEFECTS,NOT ON SCENE (DESK REPORT),NO INJURY / DRIVE AWAY,"OVER $1,500",2025-03-02T02:55:00.000,UNABLE TO DETERMINE,UNABLE TO DETERMINE,3539,N,CLARK ST,1924,2,NO INDICATION OF INJURY,0,0,0,0,0,2,0,2,1,3,41.94668936,-87.65593495,POINT (-87.655934949973 41.94668936093),25
7e57b29e941c062dcfcbcc18d89d12c22a7f9b50a6daaf9413457c3590bb028d4aed53fc5b7510e21354e255e958b5445bad371efaa81ea16e1aaf99f831a668,2025/3/2 2:02,35,NO CONTROLS,FUNCTIONING PROPERLY,CLEAR,"DARKNESS, LIGHTED ROAD",REAR END,NOT DIVIDED,STRAIGHT AND LEVEL,DRY,NO DEFECTS,ON SCENE,INJURY AND / OR TOW DUE TO CRASH,"OVER $1,500",2025-03-02T02:05:00.000,FOLLOWING TOO CLOSELY,FAILING TO REDUCE SPEED TO AVOID CRASH,339,W,MARQUETTE RD,722,2,NO INDICATION OF INJURY,0,0,0,0,0,2,0,2,1,3,41.77253831,-87.63391587,POINT (-87.633915865998 41.77253831377),35
263be46eebcabde6a7944944e866fd595ff9393c12193b366d8cfd3076cb7cc7567efaab8038232def50aed3a77e7fc5cfd6f6f16af8f8830e37f5d01fc37935,2025/3/2 2:00,35,NO CONTROLS,NO CONTROLS,CLEAR,DARKNESS,PARKED MOTOR VEHICLE,ONE-WAY,STRAIGHT AND LEVEL,DRY,NO DEFECTS,NOT ON SCENE (DESK REPORT),NO INJURY / DRIVE AWAY,"OVER $1,500",2025-03-02T19:30:00.000,UNABLE TO DETERMINE,NOT APPLICABLE,11335,S,PRAIRIE AVE,531,2,NO INDICATION OF INJURY,0,0,0,0,0,1,0,2,1,3,41.68804198,-87.61673913,POINT (-87.616739127812 41.68804197736),35
e4ac39f4c4f743952d265df0995b414b8b806cf351d15687aae2aa01332cbe69f2cc20a6925b9c4e5b96dd98b256f03d5549405675ab25b1495dd283163e4635,2025/3/2 1:50,30,NO CONTROLS,NO CONTROLS,CLEAR,"DARKNESS, LIGHTED ROAD",PARKED MOTOR VEHICLE,DIVIDED - W/MEDIAN BARRIER,STRAIGHT AND LEVEL,DRY,NO DEFECTS,ON SCENE,INJURY AND / OR TOW DUE TO CRASH,"OVER $1,500",2025-03-02T01:55:00.000,DRIVING SKILLS/KNOWLEDGE/EXPERIENCE,NOT APPLICABLE,11013,S,HALSTED ST,2233,2,NONINCAPACITATING INJURY,1,0,0,1,0,1,0,1,1,3,41.69374987,-87.64227564,POINT (-87.642275637547 41.693749867936),30
f8daec629f789de466482ee627e6814961148b167f9009c8f37cfa730844da7ba44854fed272704346cc9eeb1e2038f4e49b7092c4448a357e70081058d85966,2025/3/2 1:47,30,NO CONTROLS,NO CONTROLS,CLEAR,"DARKNESS, LIGHTED ROAD",PARKED MOTOR VEHICLE,NOT DIVIDED,STRAIGHT AND LEVEL,DRY,NO DEFECTS,ON SCENE,INJURY AND / OR TOW DUE TO CRASH,"OVER $1,500",2025-03-02T01:49:00.000,FAILING TO REDUCE SPEED TO AVOID CRASH,UNABLE TO DETERMINE,3733,N,SOUTHPORT AVE,1923,2,NO INDICATION OF INJURY,0,0,0,0,0,1,0,1,1,3,41.94985726,-87.66394689,POINT (-87.663946891299 41.949857258763),30
cee92b0c75ac946c3ea840ca65ba410b6a054365b63731d7249607bdd2055df7fa8d35628f11686f0a867fd0b7f5aa0e82a366114b547416b3431ebfaf9d0fbd,2025/3/2 1:40,35,NO CONTROLS,NO CONTROLS,CLEAR,DARKNESS,SIDESWIPE SAME DIRECTION,ONE-WAY,STRAIGHT AND LEVEL,DRY,WORN SURFACE,ON SCENE,INJURY AND / OR TOW DUE TO CRASH,"OVER $1,500",2025-03-02T01:45:00.000,UNABLE TO DETERMINE,UNABLE TO DETERMINE,2910,S,WENTWORTH AVE,914,2,NO INDICATION OF INJURY,0,0,0,0,0,3,0,1,1,3,41.84081526,-87.63188381,POINT (-87.631883806651 41.840815262061),35
5784d5619fa5492d79e0cf333d4d590c58704e57cd1291d4e1532f1cd92e30077d45cce358b5b6b6e93aa09678449c183f431718fc2d9816c34ea3ef76ed9d7a,2025/3/2 1:30,30,NO CONTROLS,NO CONTROLS,CLEAR,"DARKNESS, LIGHTED ROAD",ANGLE,NOT DIVIDED,STRAIGHT AND LEVEL,DRY,NO DEFECTS,ON SCENE,NO INJURY / DRIVE AWAY,"OVER $1,500",2025-03-02T01:37:00.000,FAILING TO YIELD RIGHT-OF-WAY,NOT APPLICABLE,2201,N,SEDGWICK ST,1814,2,NO INDICATION OF INJURY,0,0,0,0,0,2,0,1,1,3,41.92200764,-87.63879089,POINT (-87.638790891825 41.9220076371),30
b6ca44e1ca57c1fbb50c0f81e9c7b46bce6f09793597a3baffd82c4014eda19502d3cbcbd8059a58de03012cff25a8e9831a4ad4d7dfbdcb36ab30e8880eaee5,2025/3/2 1:30,30,TRAFFIC SIGNAL,FUNCTIONING PROPERLY,CLEAR,DARKNESS,REAR END,NOT DIVIDED,STRAIGHT AND LEVEL,DRY,NO DEFECTS,NOT ON SCENE (DESK REPORT),NO INJURY / DRIVE AWAY,"OVER $1,500",2025-03-03T18:00:00.000,UNABLE TO DETERMINE,NOT APPLICABLE,8300,S,ELLIS AVE,632,2,NO INDICATION OF INJURY,0,0,0,0,0,2,0,1,1,3,41.74393877,-87.60031469,POINT (-87.600314689637 41.743938765517),30
9925f8e098fa3fb6745dd0ad85a1ca53eb4dc59ef244ff31021314602ade8f5370d87b3ec9ebf168fc50868202a91341e6d5afdf898ce566067686468c449dcd,2025/3/2 1:22,30,NO CONTROLS,NO CONTROLS,CLEAR,"DARKNESS, LIGHTED ROAD",PARKED MOTOR VEHICLE,DIVIDED - W/MEDIAN BARRIER,STRAIGHT AND LEVEL,DRY,NO DEFECTS,ON SCENE,INJURY AND / OR TOW DUE TO CRASH,"OVER $1,500",2025-03-02T01:47:00.000,UNABLE TO DETERMINE,NOT APPLICABLE,715,W,GARFIELD BLVD,711,2,NO INDICATION OF INJURY,0,0,0,0,0,1,0,1,1,3,41.79386617,-87.64341411,POINT (-87.643414113378 41.793866165537),30
51d885e3b81ecd7beeb8ff93c26dace8eebea2aca962985b7c0868053bb28fecac0cbf545d40886d3d4fc4fa93e1678ec220dc0867e05d6a0af85a151e8286de,2025/3/2 1:16,30,OTHER REG. SIGN,FUNCTIONING PROPERLY,CLEAR,"DARKNESS, LIGHTED ROAD",PARKED MOTOR VEHICLE,NOT DIVIDED,STRAIGHT AND LEVEL,DRY,NO DEFECTS,ON SCENE,INJURY AND / OR TOW DUE TO CRASH,"OVER $1,500",2025-03-02T01:17:00.000,DRIVING SKILLS/KNOWLEDGE/EXPERIENCE,FAILING TO REDUCE SPEED TO AVOID CRASH,6432,W,BARRY AVE,2511,2,NO INDICATION OF INJURY,0,0,0,0,0,1,0,1,1,3,41.93658112,-87.78723565,POINT (-87.7872356475 41.936581115714),30
33778b52981614bc4a63c5ae24c78a6505ec05e6d6a6692b6e709e676d116f6e78ad97e6b018e08c33b598182f7bdeef3363279a89d40fd3153951c07c7ec1fa,2025/3/2 1:05,30,TRAFFIC SIGNAL,FUNCTIONING PROPERLY,CLEAR,"DARKNESS, LIGHTED ROAD",REAR END,NOT DIVIDED,STRAIGHT AND LEVEL,DRY,NO DEFECTS,ON SCENE,INJURY AND / OR TOW DUE TO CRASH,"OVER $1,500",2025-03-02T01:08:00.000,FAILING TO REDUCE SPEED TO AVOID CRASH,NOT APPLICABLE,3054,W,PETERSON AVE,2413,2,NONINCAPACITATING INJURY,1,0,0,1,0,1,0,1,1,3,41.99051026,-87.70645423,POINT (-87.706454232217 41.990510258156),30
7396b65f7166fb6733bc99e4958e6199272d7016425a6aa029e89a63c9c296babdcade35c0607401fcc1fe9640a266af7dd0d8a0e4563c36f1b714e5d2952615,2025/3/2 1:05,35,TRAFFIC SIGNAL,FUNCTIONING PROPERLY,CLEAR,"DARKNESS, LIGHTED ROAD",FIXED OBJECT,FOUR WAY,STRAIGHT AND LEVEL,DRY,NO DEFECTS,ON SCENE,INJURY AND / OR TOW DUE TO CRASH,"OVER $1,500",2025-03-02T01:11:00.000,FAILING TO REDUCE SPEED TO AVOID CRASH,UNABLE TO DETERMINE,1385,W,FULTON ST,1215,1,NO INDICATION OF INJURY,0,0,0,0,0,1,0,1,1,3,41.88648494,-87.66198736,POINT (-87.661987355107 41.886484936789),35
240519fecdc44ea849bbbd655166b6cb2fddd10eb7ca5f65020d3873794a4aa14fd9db81806a55cf1ea179e190f2a73ce759acc5685f346ed248be94355cf77d,2025/3/2 1:00,30,TRAFFIC SIGNAL,FUNCTIONING PROPERLY,CLEAR,"DARKNESS, LIGHTED ROAD",REAR TO FRONT,NOT DIVIDED,STRAIGHT AND LEVEL,DRY,NO DEFECTS,ON SCENE,NO INJURY / DRIVE AWAY,$500 OR LESS,2025-03-02T01:00:00.000,IMPROPER BACKING,UNABLE TO DETERMINE,1758,N,LARAMIE AVE,2532,2,NO INDICATION OF INJURY,0,0,0,0,0,5,0,1,1,3,41.9131081,-87.75594124,POINT (-87.755941235908 41.913108100967),30
fa2008649dbf301edbf6a86b756ce19ef0dd6ac2196c45349e6c35a2ad279980c3d06edc78773e5c7a962daf5f6d3098ca7cd1af810fb55bd7b2ecbabb612c79,2025/3/2 1:00,15,NO CONTROLS,NO CONTROLS,CLEAR,UNKNOWN,FIXED OBJECT,ALLEY,STRAIGHT AND LEVEL,DRY,NO DEFECTS,ON SCENE,NO INJURY / DRIVE AWAY,"OVER $1,500",2025-03-02T14:46:00.000,UNABLE TO DETERMINE,UNABLE TO DETERMINE,421,N,DRAKE AVE,1123,1,NO INDICATION OF INJURY,0,0,0,0,0,1,0,1,1,3,41.88891706,-87.71475534,POINT (-87.714755343952 41.88891705924),15
9dcd6e33e14a6a2c22fa7d38d999855dab232a2a43f53312db4b6f53de2a39c9671f0cebf186749817a7d79c61b825f551688e6ace012ce5b91169142d8255d0,2025/3/2 0:26,30,NO CONTROLS,NO CONTROLS,CLEAR,"DARKNESS, LIGHTED ROAD",SIDESWIPE OPPOSITE DIRECTION,NOT DIVIDED,STRAIGHT AND LEVEL,DRY,NO DEFECTS,NOT ON SCENE (DESK REPORT),NO INJURY / DRIVE AWAY,$500 OR LESS,2025-03-02T00:40:00.000,UNABLE TO DETERMINE,NOT APPLICABLE,499,W,ARLINGTON PL,1935,2,NO INDICATION OF INJURY,0,0,0,0,0,2,0,0,1,3,41.92674437,-87.64105843,POINT (-87.641058432558 41.926744370695),30
ff17aa3957b12260c1830241704e3573ba1db0f0701c9784f1009ef7c9ef98306ec4a567a3820abc221bfdd87cf2e0aefbbd9eb7558119947cd3bbafe8262740,2025/3/2 0:25,30,NO CONTROLS,NO CONTROLS,CLEAR,"DARKNESS, LIGHTED ROAD",REAR TO FRONT,NOT DIVIDED,STRAIGHT AND LEVEL,DRY,NO DEFECTS,NOT ON SCENE (DESK REPORT),NO INJURY / DRIVE AWAY,$500 OR LESS,2025-03-02T00:25:00.000,IMPROPER BACKING,IMPROPER TURNING/NO SIGNAL,1525,W,FULTON ST,1215,2,NO INDICATION OF INJURY,0,0,0,0,0,3,0,0,1,3,41.88642181,-87.66541141,POINT (-87.665411410742 41.886421812515),30
b44578673751824f93c137222a1fb7f511d2ed9b75fab1be8fe1fe4fb0966335174a38e33316402df775bda20208f9049c2f8cceb1a0309bbc62e81ff9dfa85a,2025/3/2 0:24,30,POLICE/FLAGMAN,FUNCTIONING PROPERLY,CLEAR,"DARKNESS, LIGHTED ROAD",REAR END,NOT DIVIDED,STRAIGHT AND LEVEL,DRY,DEBRIS ON ROADWAY,ON SCENE,NO INJURY / DRIVE AWAY,$500 OR LESS,2025-03-02T00:24:00.000,UNABLE TO DETERMINE,UNABLE TO DETERMINE,5458,S,HALSTED ST,934,2,NO INDICATION OF INJURY,0,0,0,0,0,3,0,0,1,3,41.79439796,-87.64530953,POINT (-87.645309525468 41.794397960891),30
9bbea5eeca672d41cf43bec53e377e2283a8e353f6995c9dc06df03d7f8a46b1bf68b1aad7e3bb369026a3baa22ae1a83b7c24d21e69945de41b56c577dca31d,2025/3/2 0:13,25,NO CONTROLS,NO CONTROLS,CLEAR,"DARKNESS, LIGHTED ROAD",PARKED MOTOR VEHICLE,DIVIDED - W/MEDIAN (NOT RAISED),STRAIGHT AND LEVEL,DRY,UNKNOWN,ON SCENE,INJURY AND / OR TOW DUE TO CRASH,"OVER $1,500",2025-03-02T00:20:00.000,UNABLE TO DETERMINE,NOT APPLICABLE,319,S,KOSTNER AVE,1131,2,"REPORTED, NOT EVIDENT",2,0,0,0,2,0,0,0,1,3,41.87630999,-87.73517857,POINT (-87.735178569998 41.876309988239),25
1d67a4b28c77dde88fe89e6d7d983d91e6d29936d8d34ff93b1bae56b87c63c9705e8cf34795b567f0c17dbe04a3d04793d1c97ef03b057de4d7393cebb35e3a,2025/3/2 0:05,30,STOP SIGN/FLASHER,FUNCTIONING PROPERLY,CLEAR,"DARKNESS, LIGHTED ROAD",ANGLE,FOUR WAY,STRAIGHT AND LEVEL,DRY,NO DEFECTS,ON SCENE,INJURY AND / OR TOW DUE TO CRASH,"OVER $1,500",2025-03-02T00:15:00.000,FAILING TO YIELD RIGHT-OF-WAY,FAILING TO YIELD RIGHT-OF-WAY,5000,S,MICHIGAN AVE,224,2,NONINCAPACITATING INJURY,1,0,0,1,0,2,0,0,1,3,41.8037268,-87.62283843,POINT (-87.622838428379 41.803726801644),30
a2efd7b49c19b07b1660620faf374a203b121aafd30a2c7fdd2e0d7aed0f0a71d4b9da0a9256f3e385154ead5486c21d6e55f898a40caefcd6f6d93fb9a34cbb,2025/3/2 0:00,30,TRAFFIC SIGNAL,FUNCTIONING PROPERLY,CLEAR,"DARKNESS, LIGHTED ROAD",REAR END,DIVIDED - W/MEDIAN (NOT RAISED),STRAIGHT AND LEVEL,DRY,NO DEFECTS,NOT ON SCENE (DESK REPORT),INJURY AND / OR TOW DUE TO CRASH,"OVER $1,500",2025-03-03T13:25:00.000,FAILING TO REDUCE SPEED TO AVOID CRASH,UNABLE TO DETERMINE,7900,S,LA SALLE ST,623,2,"REPORTED, NOT EVIDENT",1,0,0,0,1,1,0,0,1,3,41.75079331,-87.62838938,POINT (-87.628389382906 41.750793312355),30
33c1cf956e4b79a4b6d0bd4420c50ff5f5a001e20f859dd31ab9d923c6609922c50d34103b8e95b43ea93d7ae86aee00885e9ad3c98c8fb8fa090cd6b4f3613a,2025/3/1 23:55,30,NO CONTROLS,NO CONTROLS,CLEAR,"DARKNESS, LIGHTED ROAD",FIXED OBJECT,DIVIDED - W/MEDIAN (NOT RAISED),STRAIGHT AND LEVEL,DRY,NO DEFECTS,ON SCENE,INJURY AND / OR TOW DUE TO CRASH,"OVER $1,500",2025-03-01T23:55:00.000,UNABLE TO DETERMINE,UNABLE TO DETERMINE,235,E,GARFIELD BLVD,231,1,NO INDICATION OF INJURY,0,0,0,0,0,2,0,23,7,3,41.7943091,-87.61937493,POINT (-87.619374929217 41.794309101885),30
22af17052ef88d82b0ba55f23d0bb20527129d27f650a362d36eb0d856107f2f621bffbf3e6372bd55c0c13838052db2b2ffd6beaed2c2888b07b0e6098fa066,2025/3/1 23:50,30,TRAFFIC SIGNAL,FUNCTIONING PROPERLY,CLEAR,"DARKNESS, LIGHTED ROAD",REAR END,NOT DIVIDED,STRAIGHT AND LEVEL,DRY,UNKNOWN,NOT ON SCENE (DESK REPORT),INJURY AND / OR TOW DUE TO CRASH,"OVER $1,500",2025-03-02T00:15:00.000,UNABLE TO DETERMINE,UNABLE TO DETERMINE,3801,N,PULASKI RD,1732,2,"REPORTED, NOT EVIDENT",1,0,0,0,1,2,0,23,7,3,41.9500784,-87.72736252,POINT (-87.727362518716 41.95007839604),30
6a6af279cae1d7b7c937b9264148204a1a6b48e8b28560fe043c7c5237aac92a93b06e4f71287a8cac6985e94c6abb1f1cce1653d9d0143ad53bbd6aabee3793,2025/3/1 23:50,30,NO CONTROLS,NO CONTROLS,UNKNOWN,"DARKNESS, LIGHTED ROAD",SIDESWIPE SAME DIRECTION,NOT DIVIDED,STRAIGHT AND LEVEL,UNKNOWN,NO DEFECTS,NOT ON SCENE (DESK REPORT),NO INJURY / DRIVE AWAY,"OVER $1,500",2025-03-02T18:40:00.000,FAILING TO YIELD RIGHT-OF-WAY,IMPROPER OVERTAKING/PASSING,7042,S,JEFFERY BLVD,332,2,NO INDICATION OF INJURY,0,0,0,0,0,3,0,23,7,3,41.76675986,-87.5764626,POINT (-87.576462602489 41.766759863243),30
914429a24dc05e3bfacdbd9cb94b30e373109a53fe847080a781d4ce69663f0747013108e621c00d7c65a1809879e0b94819420a025933e141f71117555cc47b,2025/3/1 23:49,30,TRAFFIC SIGNAL,FUNCTIONING PROPERLY,CLEAR,DARKNESS,ANGLE,NOT DIVIDED,STRAIGHT AND LEVEL,DRY,NO DEFECTS,ON SCENE,INJURY AND / OR TOW DUE TO CRASH,"OVER $1,500",2025-03-02T00:06:00.000,IMPROPER LANE USAGE,NOT APPLICABLE,628,N,ORLEANS ST,1831,2,NONINCAPACITATING INJURY,3,0,0,1,2,2,0,23,7,3,41.89318392,-87.6372274,POINT (-87.637227397038 41.893183922173),30
7a69e03ecee51d10c990a598901da112a090cd709ea2b3278920db9f92c2b19115dbcff0f0d3c8f71d5f9a96b9bf663909dad4b76daa7b4f1e1dee04137ab27c,2025/3/1 23:46,30,TRAFFIC SIGNAL,FUNCTIONING PROPERLY,CLEAR,"DARKNESS, LIGHTED ROAD",TURNING,T-INTERSECTION,STRAIGHT AND LEVEL,DRY,NO DEFECTS,ON SCENE,NO INJURY / DRIVE AWAY,"$501 - $1,500",2025-03-02T00:20:00.000,IMPROPER LANE USAGE,IMPROPER TURNING/NO SIGNAL,5500,S,INDIANA AVE,231,2,NO INDICATION OF INJURY,0,0,0,0,0,2,0,23,7,3,41.79436896,-87.62098331,POINT (-87.620983312554 41.794368962316),30
b8abba3ce3fff9a974b3ddc877c43cb8a6cdafe04e0b11bc20d8ad291253f652e49720f8dc3572f79f1c54423253651ef7c363513647fbb95a3f647341c219e2,2025/3/1 23:30,30,NO CONTROLS,NO CONTROLS,CLEAR,"DARKNESS, LIGHTED ROAD",SIDESWIPE SAME DIRECTION,NOT DIVIDED,STRAIGHT AND LEVEL,DRY,NO DEFECTS,ON SCENE,INJURY AND / OR TOW DUE TO CRASH,"OVER $1,500",2025-03-01T23:31:00.000,UNABLE TO DETERMINE,NOT APPLICABLE,2938,N,DAMEN AVE,1931,2,NONINCAPACITATING INJURY,1,0,0,1,0,1,0,23,7,3,41.9352953,-87.6783638,POINT (-87.678363802327 41.935295299509),30
b02c7a31a5467b22b7c2074613e459ccd184c9022c4afc4ed97eb5b5c665cf8638a2855f00231a47426c19d1341e926add9d7dee8ef3d3d4f203cbf85077f133,2025/3/1 23:17,30,TRAFFIC SIGNAL,FUNCTIONING PROPERLY,CLEAR,"DARKNESS, LIGHTED ROAD",ANGLE,NOT REPORTED,STRAIGHT AND LEVEL,DRY,NO DEFECTS,ON SCENE,INJURY AND / OR TOW DUE TO CRASH,"OVER $1,500",2025-03-01T23:19:00.000,DISREGARDING TRAFFIC SIGNALS,DRIVING SKILLS/KNOWLEDGE/EXPERIENCE,5499,S,HALSTED ST,935,3,NONINCAPACITATING INJURY,2,0,0,1,1,2,0,23,7,3,41.79396481,-87.64500432,POINT (-87.645004320016 41.793964805186),30
1ff67db68badf155561ace7aa6f0ff2ddb039ae4568114e0388e8dbd55f5d6009ed803f23ae2834bedeb5394666311db1e3e353ecf0a4caf51059c78c2dfc4f5,2025/3/1 23:10,30,TRAFFIC SIGNAL,FUNCTIONING PROPERLY,CLEAR,"DARKNESS, LIGHTED ROAD",TURNING,NOT DIVIDED,STRAIGHT AND LEVEL,DRY,UNKNOWN,NOT ON SCENE (DESK REPORT),NO INJURY / DRIVE AWAY,"$501 - $1,500",2025-03-01T23:30:00.000,IMPROPER TURNING/NO SIGNAL,IMPROPER TURNING/NO SIGNAL,1425,W,WEBSTER AVE,1811,2,NO INDICATION OF INJURY,0,0,0,0,0,2,0,23,7,3,41.92150351,-87.66437183,POINT (-87.664371834268 41.92150351301),30
bb47a27d287b90d2d46713e5174c76d36d72bdf2368ff832abb411c8e05da9e24ac09283dc13af683a48faa0ae3357689486fe290fe87079b457c8bf7df334fe,2025/3/1 22:56,35,NO CONTROLS,NO CONTROLS,CLEAR,DARKNESS,FIXED OBJECT,NOT DIVIDED,STRAIGHT AND LEVEL,DRY,NO DEFECTS,ON SCENE,INJURY AND / OR TOW DUE TO CRASH,"OVER $1,500",2025-03-01T22:57:00.000,IMPROPER LANE USAGE,IMPROPER LANE USAGE,5420,W,ROOSEVELT RD,1522,1,NO INDICATION OF INJURY,0,0,0,0,0,1,0,22,7,3,41.86577745,-87.76011977,POINT (-87.760119772238 41.865777448438),35
de6fab3fe60faec5a047de9a6e00c4599ad00efa40bfe2a09140d637e477ddcfb0115a5bbcce41e555af38dd4f729840bc8e77effaf723a614f2a0d0aa325541,2025/3/1 22:51,30,NO CONTROLS,NO CONTROLS,CLEAR,"DARKNESS, LIGHTED ROAD",SIDESWIPE SAME DIRECTION,DIVIDED - W/MEDIAN BARRIER,STRAIGHT AND LEVEL,DRY,NO DEFECTS,NOT ON SCENE (DESK REPORT),NO INJURY / DRIVE AWAY,"$501 - $1,500",2025-03-01T23:40:00.000,IMPROPER LANE USAGE,DISREGARDING ROAD MARKINGS,170,N,MICHIGAN AVE,111,2,NO INDICATION OF INJURY,0,0,0,0,0,2,0,22,7,3,41.88501331,-87.62462595,POINT (-87.624625953963 41.88501331469),30
eb43b6acb5201fa8fe41a539746b7ff5e26cfb5858fa1eb3987c0465ba666730ffb8c764d2d739cfbaa194ecf7f80c50a84fd4f7b153eeca13532cf65e60426f,2025/3/1 22:50,30,NO CONTROLS,NO CONTROLS,CLEAR,"DARKNESS, LIGHTED ROAD",REAR END,ONE-WAY,STRAIGHT AND LEVEL,DRY,NO DEFECTS,NOT ON SCENE (DESK REPORT),NO INJURY / DRIVE AWAY,"$501 - $1,500",2025-03-02T09:30:00.000,FOLLOWING TOO CLOSELY,NOT APPLICABLE,1215,W,SCHOOL ST,1924,2,NO INDICATION OF INJURY,0,0,0,0,0,3,0,22,7,3,41.94153653,-87.65966693,POINT (-87.659666925416 41.941536528168),30