crash_record_id,crash_date,posted_speed_limit,traffic_control_device,device_condition,weather_condition,lighting_condition,first_crash_type,trafficway_type,alignment,roadway_surface_cond,road_defect,report_type,crash_type,damage,date_police_notified,prim_contributory_cause,sec_contributory_cause,street_no,street_direction,street_name,beat_of_occurrence,num_units,most_severe_injury,injuries_total,injuries_fatal,injuries_incapacitating,injuries_non_incapacitating,injuries_reported_not_evident,injuries_no_indication,injuries_unknown,crash_hour,crash_day_of_week,crash_month,latitude,longitude,location,speed_limit
cd6d9a8bd317d4ddd7c34e55c43dfa20f76bd276bc2d35d37799aa05602eb91685f3edb3dbef728457fd39b62fbf591eb84fcc2398799f914c7b43f155a0c270,2025/3/1 22:37,30,TRAFFIC SIGNAL,FUNCTIONING PROPERLY,CLEAR,"DARKNESS, LIGHTED ROAD",REAR END,DIVIDED - W/MEDIAN (NOT RAISED),STRAIGHT AND LEVEL,DRY,NO DEFECTS,NOT ON SCENE (DESK REPORT),NO INJURY / DRIVE AWAY,$500 OR LESS,2025-03-02T11:00:00.000,FOLLOWING TOO CLOSELY,DISTRACTION - FROM INSIDE VEHICLE,2,E,63RD ST,311,2,NO INDICATION OF INJURY,0,0,0,0,0,4,0,22,7,3,41.78016863,-87.62529227,POINT (-87.625292267357 41.780168630918),30
4cccd49d2f3a90389f783fce03794ef1ac7bfe06c58e8d6b40159144f8817994745f4fc566168b758867bc9b140b2ac290f7f812ab9daf325cfd2fbec212f9f5,2025/3/1 22:27,30,NO CONTROLS,NO CONTROLS,CLEAR,"DARKNESS, LIGHTED ROAD",REAR TO FRONT,DIVIDED - W/MEDIAN (NOT RAISED),STRAIGHT AND LEVEL,DRY,NO DEFECTS,ON SCENE,NO INJURY / DRIVE AWAY,"OVER $1,500",2025-03-01T22:29:00.000,FAILING TO REDUCE SPEED TO AVOID CRASH,NOT APPLICABLE,3240,W,LEXINGTON ST,1134,3,NO INDICATION OF INJURY,0,0,0,0,0,7,0,22,7,3,41.8719668,-87.70748826,POINT (-87.707488256928 41.87196680041),30
853964a84157429c874fde3f09b49aa308a7718e4ab523f933238209bd7b2e91241c6cccd726c7d986c8b84b06ee2d2e9eacbeede77de8eb3e932559b71b2d2d,2025/3/1 22:23,30,TRAFFIC SIGNAL,FUNCTIONING PROPERLY,CLEAR,"DARKNESS, LIGHTED ROAD",REAR END,FOUR WAY,STRAIGHT AND LEVEL,DRY,NO DEFECTS,NOT ON SCENE (DESK REPORT),INJURY AND / OR TOW DUE TO CRASH,"OVER $1,500",2025-03-02T01:30:00.000,UNABLE TO DETERMINE,NOT APPLICABLE,7900,S,RACINE AVE,612,2,NONINCAPACITATING INJURY,2,0,0,2,0,1,0,22,7,3,41.75047493,-87.65388333,POINT (-87.653883334391 41.750474929778),30
2a80174f384fd0e39affedfa032b2730f3ad5ae4f16af6af2a54e1c8113904f2683972a8a07ccb7957c9274c99fdde711f654313055d4b2bd4d8415d8f2037ec,2025/3/1 22:00,25,TRAFFIC SIGNAL,FUNCTIONING PROPERLY,CLEAR,"DARKNESS, LIGHTED ROAD",TURNING,FOUR WAY,STRAIGHT AND LEVEL,DRY,WORN SURFACE,ON SCENE,INJURY AND / OR TOW DUE TO CRASH,"OVER $1,500",2025-03-01T22:01:00.000,IMPROPER OVERTAKING/PASSING,DRIVING SKILLS/KNOWLEDGE/EXPERIENCE,1202,N,WELLS ST,1821,2,NO INDICATION OF INJURY,0,0,0,0,0,3,0,22,7,3,41.90396761,-87.63462793,POINT (-87.634627927166 41.90396760736),25
a97c0be5d413cf7c918f738edb1f832c7c245067044b0cee94222ae9685ec20fe59c3166253d3602d18f550a8ff56d153f8408783fa74e863168436260c49c10,2025/3/1 21:35,30,STOP SIGN/FLASHER,FUNCTIONING PROPERLY,CLEAR,"DARKNESS, LIGHTED ROAD",ANGLE,FOUR WAY,STRAIGHT AND LEVEL,UNKNOWN,UNKNOWN,NOT ON SCENE (DESK REPORT),INJURY AND / OR TOW DUE TO CRASH,"OVER $1,500",2025-03-01T21:45:00.000,UNABLE TO DETERMINE,UNABLE TO DETERMINE,6259,W,GRAND AVE,2512,2,"REPORTED, NOT EVIDENT",1,0,0,0,1,5,0,21,7,3,41.92177926,-87.7828508,POINT (-87.782850804694 41.921779262456),30
c8de619f5ab39ec7617f7f8ba8762295a2a36e53a2214b789ddf04803453c70d27c698d3783740b6b431b431e60f658c26222531d9495ae860956a29565f58e0,2025/3/1 21:30,25,NO CONTROLS,NO CONTROLS,CLEAR,"DARKNESS, LIGHTED ROAD",TURNING,ONE-WAY,STRAIGHT AND LEVEL,DRY,NO DEFECTS,NOT ON SCENE (DESK REPORT),INJURY AND / OR TOW DUE TO CRASH,"OVER $1,500",2025-03-01T22:00:00.000,UNABLE TO DETERMINE,FAILING TO REDUCE SPEED TO AVOID CRASH,2227,N,MELVINA AVE,2512,2,"REPORTED, NOT EVIDENT",1,0,0,0,1,1,0,21,7,3,41.92094962,-87.7803409,POINT (-87.780340901389 41.920949618947),25
75c5b578202f0e2be8e7335ea713f029f341f1f2dc24749fd22347241c2ab014e0d1c0d14a07c0232afc456ccbfd99e890152b850d96bb8bde674d8b1502b55c,2025/3/1 21:29,30,TRAFFIC SIGNAL,FUNCTIONING PROPERLY,CLEAR,"DARKNESS, LIGHTED ROAD",SIDESWIPE SAME DIRECTION,FOUR WAY,STRAIGHT AND LEVEL,DRY,NO DEFECTS,NOT ON SCENE (DESK REPORT),NO INJURY / DRIVE AWAY,"OVER $1,500",2025-03-01T22:05:00.000,IMPROPER TURNING/NO SIGNAL,IMPROPER LANE USAGE,50,E,ADAMS ST,112,2,NO INDICATION OF INJURY,0,0,0,0,0,2,0,21,7,3,41.8796405,-87.62583248,POINT (-87.625832483096 41.879640500465),30
1c2ce4fdb8826dfa13d45ecc611bc6cc5dbc1e0299ba1c6635bbd4eb3ba61473a0e652cd760d09eb904bf0a823b47bb860bcfe485978e132517b617442add919,2025/3/1 21:16,30,STOP SIGN/FLASHER,FUNCTIONING PROPERLY,CLEAR,"DARKNESS, LIGHTED ROAD",ANGLE,FOUR WAY,STRAIGHT AND LEVEL,DRY,NO DEFECTS,ON SCENE,INJURY AND / OR TOW DUE TO CRASH,"OVER $1,500",2025-03-01T21:37:00.000,DISREGARDING STOP SIGN,NOT APPLICABLE,1098,W,76TH ST,612,2,NO INDICATION OF INJURY,0,0,0,0,0,2,0,21,7,3,41.75610425,-87.65139613,POINT (-87.65139613094 41.756104252992),30
ba77e0ddc5cb8e4208115ef9c9669cc9741ca6dc9172cb2c724148c120d11e7034d32ca0aef8e1246a2c526977506ba8478133b4afc2933b116c6b8c27413d4d,2025/3/1 21:16,30,TRAFFIC SIGNAL,FUNCTIONING PROPERLY,CLEAR,"DARKNESS, LIGHTED ROAD",TURNING,NOT DIVIDED,STRAIGHT AND LEVEL,DRY,UNKNOWN,ON SCENE,INJURY AND / OR TOW DUE TO CRASH,"OVER $1,500",2025-03-01T21:17:00.000,FAILING TO YIELD RIGHT-OF-WAY,NOT APPLICABLE,3200,W,63RD ST,823,2,"REPORTED, NOT EVIDENT",5,0,0,0,5,3,0,21,7,3,41.7790815,-87.70326037,POINT (-87.703260365447 41.779081504883),30
5a554fc9e0451845bc72d3f73a7808d674c7fdfe9721d9f39fa7537e4612d51c20a4a857cfa497ae232f919270d55e3aa68e6146cfeb05c4c3660666ab5792a1,2025/3/1 21:15,10,OTHER,FUNCTIONING PROPERLY,CLEAR,"DARKNESS, LIGHTED ROAD",REAR TO FRONT,PARKING LOT,STRAIGHT AND LEVEL,DRY,NO DEFECTS,NOT ON SCENE (DESK REPORT),INJURY AND / OR TOW DUE TO CRASH,"OVER $1,500",2025-03-01T22:10:00.000,IMPROPER BACKING,IMPROPER BACKING,611,N,WABASH AVE,1834,2,"REPORTED, NOT EVIDENT",1,0,0,0,1,2,0,21,7,3,41.8928934,-87.62659995,POINT (-87.62659995265 41.892893400241),10
70ac5885208343e12846398968fa3aba6e697b9e4ab095fe8a06c3bc0a4b71593f5f20defd3eae6878cf994bae836fd057042944769c8e321687ea800d2bdd08,2025/3/1 21:05,30,NO CONTROLS,NO CONTROLS,CLEAR,"DARKNESS, LIGHTED ROAD",SIDESWIPE SAME DIRECTION,NOT DIVIDED,STRAIGHT AND LEVEL,DRY,UNKNOWN,NOT ON SCENE (DESK REPORT),NO INJURY / DRIVE AWAY,"$501 - $1,500",2025-03-01T21:50:00.000,FAILING TO YIELD RIGHT-OF-WAY,FAILING TO YIELD RIGHT-OF-WAY,116,N,JEFFERSON ST,121,2,NO INDICATION OF INJURY,0,0,0,0,0,2,0,21,7,3,41.8837372,-87.64286161,POINT (-87.642861607632 41.88373719654),30
2dc3ebf27246527ba4209cc36c39a23feac7ebdde61fb6a222bd15e73bf7c0b75b4f4aadce96d59e1acc62182a6c5a1c07a617573af8654d94d22eec8105a1a7,2025/3/1 21:00,30,NO CONTROLS,NO CONTROLS,CLEAR,"DARKNESS, LIGHTED ROAD",PARKED MOTOR VEHICLE,NOT DIVIDED,STRAIGHT AND LEVEL,DRY,UNKNOWN,NOT ON SCENE (DESK REPORT),NO INJURY / DRIVE AWAY,"OVER $1,500",2025-03-02T15:15:00.000,UNABLE TO DETERMINE,NOT APPLICABLE,5764,W,BELDEN AVE,2515,2,NO INDICATION OF INJURY,0,0,0,0,0,1,0,21,7,3,41.92219189,-87.77073046,POINT (-87.770730457457 41.922191888052),30
0ad123f0d06a873b1c5633981d279f75f73679dbc0b941d7d5ed7f7e20814c9e08a890cbdc76fbf8c3220aff6659cd764565e333f3ad276f03ca3ffe47e59ead,2025/3/1 20:30,30,NO CONTROLS,NO CONTROLS,CLEAR,DAYLIGHT,TURNING,NOT DIVIDED,STRAIGHT AND LEVEL,DRY,UNKNOWN,NOT ON SCENE (DESK REPORT),NO INJURY / DRIVE AWAY,"OVER $1,500",2025-03-02T18:19:00.000,UNABLE TO DETERMINE,NOT APPLICABLE,3547,W,ARMITAGE AVE,1422,2,NO INDICATION OF INJURY,0,0,0,0,0,2,0,20,7,3,41.91718687,-87.71544968,POINT (-87.71544967676 41.917186871585),30
7c49ef07b0473eb63ff84b45e354c147d1751815c22cad0e42f3c7b5aa9b53cfc811d5ab1d5ee72cec707350380058769ec75471620281e3ee49f9bfcf1e7df8,2025/3/1 20:20,45,TRAFFIC SIGNAL,FUNCTIONING PROPERLY,CLEAR,"DARKNESS, LIGHTED ROAD",REAR END,T-INTERSECTION,STRAIGHT AND LEVEL,DRY,WORN SURFACE,ON SCENE,NO INJURY / DRIVE AWAY,"OVER $1,500",2025-03-01T20:21:00.000,FAILING TO REDUCE SPEED TO AVOID CRASH,UNABLE TO DETERMINE,759,N,LAKE SHORE DR NB,1833,2,NO INDICATION OF INJURY,0,0,0,0,0,2,0,20,7,3,41.89671265,-87.61642633,POINT (-87.616426331343 41.896712653355),45
da16017a23ac5491bb653cea58f4b8d2e19266b8d1e757713228d6692150ee35bea460bb055ea22ade78818e4fa8f6d2ba2b9ddb4555028bfd81db25566feb70,2025/3/1 20:20,30,UNKNOWN,UNKNOWN,UNKNOWN,UNKNOWN,TURNING,UNKNOWN INTERSECTION TYPE,STRAIGHT AND LEVEL,UNKNOWN,UNKNOWN,NOT ON SCENE (DESK REPORT),NO INJURY / DRIVE AWAY,"OVER $1,500",2025-03-01T21:00:00.000,IMPROPER LANE USAGE,UNABLE TO DETERMINE,16,W,IDA B WELLS DR,113,2,NO INDICATION OF INJURY,0,0,0,0,0,2,0,20,7,3,41.87574365,-87.62819943,POINT (-87.628199427191 41.875743651125),30
ef5397c0b03c22f6f9ee8d4fd3252cb0d09704dc3d26899ef252140f28c600aea3d8b2530b4680368303dd24e985fed2dc9539ca3382ebbaed232b8a1141efd2,2025/3/1 20:13,30,NO CONTROLS,NO CONTROLS,CLEAR,"DARKNESS, LIGHTED ROAD",TURNING,NOT DIVIDED,STRAIGHT AND LEVEL,DRY,NO DEFECTS,ON SCENE,INJURY AND / OR TOW DUE TO CRASH,"OVER $1,500",2025-03-01T20:15:00.000,IMPROPER TURNING/NO SIGNAL,UNABLE TO DETERMINE,1215,W,GRAND AVE,1215,2,NONINCAPACITATING INJURY,1,0,0,1,0,2,0,20,7,3,41.8909641,-87.65807466,POINT (-87.65807466072 41.890964097246),30
1ab1d598df875fd0b5b0cc0c8ced6cd38951149f3a99675d0580b2da07a860fa89399491cc28c8f534b434fd94a24cc8cc56a6b1aed6311266be975ee41fbb4a,2025/3/1 20:08,30,TRAFFIC SIGNAL,FUNCTIONING PROPERLY,CLEAR,"DARKNESS, LIGHTED ROAD",PEDESTRIAN,FOUR WAY,STRAIGHT AND LEVEL,DRY,NO DEFECTS,NOT ON SCENE (DESK REPORT),INJURY AND / OR TOW DUE TO CRASH,$500 OR LESS,2025-03-01T20:12:00.000,DISREGARDING TRAFFIC SIGNALS,FAILING TO YIELD RIGHT-OF-WAY,3160,N,CICERO AVE,2521,2,NONINCAPACITATING INJURY,1,0,0,1,0,1,0,20,7,3,41.93877935,-87.74701983,POINT (-87.747019834651 41.938779353481),30
de0cda7fba3d44ea7237f336034603d6c7e3a611f653f7094b2322efcee233e30f48b4006a45218faf98c6cc1358c3d61553010b5a08376ccf74499fd1e983d0,2025/3/1 19:55,30,NO CONTROLS,NO CONTROLS,CLEAR,"DARKNESS, LIGHTED ROAD",PARKED MOTOR VEHICLE,NOT DIVIDED,STRAIGHT AND LEVEL,DRY,NO DEFECTS,NOT ON SCENE (DESK REPORT),INJURY AND / OR TOW DUE TO CRASH,"OVER $1,500",2025-03-01T20:10:00.000,UNABLE TO DETERMINE,NOT APPLICABLE,311,E,75TH ST,623,2,NONINCAPACITATING INJURY,1,0,0,1,0,1,0,19,7,3,41.75825081,-87.61779767,POINT (-87.61779767256 41.758250806572),30
7e362e1558035312d5e27baa9c0b8f1607875269357594e761f781410c6685bb7ddac799c302a58563ed6e26e013c174cfb2136e1f47d1c74ff5e9260e01eb51,2025/3/1 19:48,30,NO CONTROLS,NO CONTROLS,CLEAR,"DARKNESS, LIGHTED ROAD",REAR END,NOT DIVIDED,STRAIGHT AND LEVEL,DRY,NO DEFECTS,ON SCENE,NO INJURY / DRIVE AWAY,"OVER $1,500",2025-03-01T20:08:00.000,FAILING TO REDUCE SPEED TO AVOID CRASH,FOLLOWING TOO CLOSELY,6035,S,KEDZIE AVE,823,2,NO INDICATION OF INJURY,0,0,0,0,0,2,0,19,7,3,41.7833779,-87.70311416,POINT (-87.703114156756 41.78337790151),30
549d309006c54464cd7d7dd06390cea58d09f5eb2f4ab31cab7eb5e4c5940da0fdac1b65d83a2617bfa6f7b4b8f24c4de00eef6a41329cbda781afd6495c8b94,2025/3/1 19:45,10,NO CONTROLS,NO CONTROLS,CLEAR,DARKNESS,PARKED MOTOR VEHICLE,PARKING LOT,STRAIGHT AND LEVEL,DRY,UNKNOWN,NOT ON SCENE (DESK REPORT),NO INJURY / DRIVE AWAY,"OVER $1,500",2025-03-01T20:00:00.000,UNABLE TO DETERMINE,NOT APPLICABLE,3843,N,CALIFORNIA AVE,1733,2,NO INDICATION OF INJURY,0,0,0,0,0,1,0,19,7,3,41.95161045,-87.69802624,POINT (-87.698026240087 41.95161044859),10
960df4ab95e29829f0fc5a3af8b26ce2b60d9cadfea2264da2425fd08a5e1e1b99ff3e39fcad615a2b94d2f15ba467517d6fcb6e544911de782ac86ca6c7fc80,2025/3/1 19:45,30,NO CONTROLS,NO CONTROLS,CLEAR,"DARKNESS, LIGHTED ROAD",ANGLE,DIVIDED - W/MEDIAN BARRIER,STRAIGHT AND LEVEL,DRY,NO DEFECTS,ON SCENE,INJURY AND / OR TOW DUE TO CRASH,"OVER $1,500",2025-03-01T19:45:00.000,UNABLE TO DETERMINE,NOT APPLICABLE,2057,W,IRVING PARK RD,1921,2,NO INDICATION OF INJURY,0,0,0,0,0,2,0,19,7,3,41.95401322,-87.68103509,POINT (-87.681035088529 41.954013218832),30
d8df81e2fe7fe3b3fc6b4cc62467345e70199aa531329a04f214d18d4375dc92069414de77c1a8bbf60e453f769bab9416cf39a05d7d822b67b70f2e54b7b351,2025/3/1 19:45,30,TRAFFIC SIGNAL,FUNCTIONING PROPERLY,CLEAR,"DARKNESS, LIGHTED ROAD",SIDESWIPE SAME DIRECTION,ONE-WAY,STRAIGHT AND LEVEL,DRY,UNKNOWN,NOT ON SCENE (DESK REPORT),NO INJURY / DRIVE AWAY,"$501 - $1,500",2025-03-01T21:10:00.000,IMPROPER LANE USAGE,IMPROPER LANE USAGE,337,W,ONTARIO ST,1831,2,NO INDICATION OF INJURY,0,0,0,0,0,3,0,19,7,3,41.8930372,-87.63700422,POINT (-87.637004223232 41.893037195577),30
13a8e39e3410b549af510ddc6d5b44c757a2564cbf1ebc3c3cf208c350a29ccb3dd80c1652611686ca22780e14a1ceb13c29550134d549950ffc290dd3901d11,2025/3/1 19:33,30,TRAFFIC SIGNAL,FUNCTIONING PROPERLY,CLEAR,"DARKNESS, LIGHTED ROAD",PEDALCYCLIST,FOUR WAY,STRAIGHT AND LEVEL,DRY,NO DEFECTS,ON SCENE,INJURY AND / OR TOW DUE TO CRASH,"$501 - $1,500",2025-03-01T19:55:00.000,UNABLE TO DETERMINE,NOT APPLICABLE,4400,W,MADISON ST,1113,2,"REPORTED, NOT EVIDENT",1,0,0,0,1,1,0,19,7,3,41.88071896,-87.73560061,POINT (-87.735600609006 41.880718957876),30
b9788fe80a5ac2394476bd428171b124e6105a1ab9ad57af040fcd348d6d42da8a77e774487765a7ed21439ebdc7a3155d8e5b27beb612cfb0a3098bfd509568,2025/3/1 19:32,35,TRAFFIC SIGNAL,FUNCTIONING PROPERLY,UNKNOWN,UNKNOWN,REAR END,FOUR WAY,STRAIGHT AND LEVEL,UNKNOWN,UNKNOWN,NOT ON SCENE (DESK REPORT),INJURY AND / OR TOW DUE TO CRASH,"OVER $1,500",2025-03-01T19:55:00.000,FAILING TO REDUCE SPEED TO AVOID CRASH,UNABLE TO DETERMINE,2399,W,63RD ST,825,2,"REPORTED, NOT EVIDENT",1,0,0,0,1,3,0,19,7,3,41.77909958,-87.68359808,POINT (-87.683598077269 41.779099579177),35
05fd27f14aa0c5d58a567eafae6a7f2e9a6ab17d54ef409a3af0671f5b04e5758ef1351a5598fb562cd7310afbabb81adc0cdeae8693e4abc44c729960ba32f8,2025/3/1 19:30,30,NO CONTROLS,NO CONTROLS,CLEAR,"DARKNESS, LIGHTED ROAD",REAR END,NOT DIVIDED,STRAIGHT AND LEVEL,DRY,UNKNOWN,ON SCENE,NO INJURY / DRIVE AWAY,"OVER $1,500",2025-03-01T21:40:00.000,UNABLE TO DETERMINE,UNABLE TO DETERMINE,4301,N,PULASKI RD,1723,2,NO INDICATION OF INJURY,0,0,0,0,0,2,0,19,7,3,41.95915102,-87.72762881,POINT (-87.727628812162 41.959151016193),30
0bee53df68b3804fe0af5d99a254801317b73e70a3809b4e1e08b5651be00fd787d60de33c1b535beb61b6edfab59573484d7dea36dba19aa847d16dcc645e88,2025/3/1 19:30,30,TRAFFIC SIGNAL,FUNCTIONING PROPERLY,CLEAR,"DARKNESS, LIGHTED ROAD",SIDESWIPE SAME DIRECTION,NOT DIVIDED,STRAIGHT AND LEVEL,DRY,NO DEFECTS,NOT ON SCENE (DESK REPORT),NO INJURY / DRIVE AWAY,"OVER $1,500",2025-03-02T14:42:00.000,IMPROPER OVERTAKING/PASSING,NOT APPLICABLE,2522,W,LOGAN BLVD,1411,2,NO INDICATION OF INJURY,0,0,0,0,0,2,0,19,7,3,41.92862936,-87.69117679,POINT (-87.69117678743 41.928629362654),30
2b4dc94316cee1b58a5750e43aa77e3c03d54414ef99351b80996c689566c03624a64d575dc5df90ca27761f64510b898e3a4bf2b546879a3aebd2a7c4e71171,2025/3/1 19:30,15,NO CONTROLS,NO CONTROLS,CLEAR,"DARKNESS, LIGHTED ROAD",PARKED MOTOR VEHICLE,PARKING LOT,STRAIGHT AND LEVEL,DRY,NO DEFECTS,NOT ON SCENE (DESK REPORT),NO INJURY / DRIVE AWAY,"OVER $1,500",2025-03-01T19:30:00.000,UNABLE TO DETERMINE,UNABLE TO DETERMINE,3400,W,LAWRENCE AVE,1712,2,NO INDICATION OF INJURY,0,0,0,0,0,1,0,19,7,3,41.96851014,-87.71342578,POINT (-87.713425775248 41.968510142288),15
fbb126ddb92b638dad14b11813e9cbb7ae044ccea31f43f583f8948d292ea88d464e0fee57de5e23c81354abd369bae3922b98fc73b2890ffbb9f63c8424f5e0,2025/3/1 19:19,30,NO CONTROLS,NO CONTROLS,CLEAR,"DARKNESS, LIGHTED ROAD",ANGLE,NOT DIVIDED,STRAIGHT AND LEVEL,DRY,NO DEFECTS,ON SCENE,NO INJURY / DRIVE AWAY,"OVER $1,500",2025-03-01T19:20:00.000,DRIVING SKILLS/KNOWLEDGE/EXPERIENCE,DRIVING SKILLS/KNOWLEDGE/EXPERIENCE,7139,S,RICHMOND ST,831,2,NO INDICATION OF INJURY,0,0,0,0,0,2,0,19,7,3,41.76331374,-87.69651698,POINT (-87.696516975859 41.763313736971),30
c9fbcd5aae5b285ca99e83c506502dc11c1e48be2a3702d2932858e5a4d1b28298ea73548fa446049cfdc32a7e264d9244f62487c6663194da34f26e72af2454,2025/3/1 19:04,30,NO CONTROLS,NO CONTROLS,CLEAR,"DARKNESS, LIGHTED ROAD",SIDESWIPE OPPOSITE DIRECTION,NOT DIVIDED,STRAIGHT AND LEVEL,DRY,NO DEFECTS,ON SCENE,INJURY AND / OR TOW DUE TO CRASH,"$501 - $1,500",2025-03-01T20:00:00.000,DRIVING SKILLS/KNOWLEDGE/EXPERIENCE,UNABLE TO DETERMINE,26,S,HALSTED ST,1232,2,NO INDICATION OF INJURY,0,0,0,0,0,2,0,19,7,3,41.88098055,-87.64748217,POINT (-87.647482166227 41.880980554878),30
34e44cbbbaa36b99d4a0dcde6be804da114abf02fedfedf172e3a6305fe1b3ba18310a317eb44cf6baabfc8370216ed84883e32bbc14e760303d8112a0d7148c,2025/3/1 18:30,25,NO CONTROLS,NO CONTROLS,CLEAR,DUSK,PARKED MOTOR VEHICLE,ONE-WAY,STRAIGHT AND LEVEL,DRY,NO DEFECTS,NOT ON SCENE (DESK REPORT),NO INJURY / DRIVE AWAY,"$501 - $1,500",2025-03-03T11:00:00.000,IMPROPER BACKING,NOT APPLICABLE,1703,N,WASHTENAW AVE,1421,2,NO INDICATION OF INJURY,0,0,0,0,0,1,0,18,7,3,41.91221634,-87.69445069,POINT (-87.694450694091 41.9122163384),25
3d83481a3b09fa352450573813eb4f819addf1a411168399729e1b45727e90763ce7c0ca766883e70005d89037eae9d4588b84cf60cada4a1f86b82d7d5b67b7,2025/3/1 18:30,35,UNKNOWN,UNKNOWN,UNKNOWN,UNKNOWN,REAR END,UNKNOWN,STRAIGHT AND LEVEL,UNKNOWN,UNKNOWN,NOT ON SCENE (DESK REPORT),NO INJURY / DRIVE AWAY,"OVER $1,500",2025-03-02T13:20:00.000,UNABLE TO DETERMINE,UNABLE TO DETERMINE,6301,S,KEDZIE AVE,823,2,NO INDICATION OF INJURY,0,0,0,0,0,2,0,18,7,3,41.77894747,-87.70298983,POINT (-87.702989830576 41.778947470531),35
043fd2f70ac9f08707c0bee7d3418ceb13c7521d52a10095945a36682595e980737c9345718e7087d4d847bf93695780ae8288a33f43be56e9b46a6b90a4e41c,2025/3/1 18:05,30,TRAFFIC SIGNAL,FUNCTIONING PROPERLY,CLEAR,"DARKNESS, LIGHTED ROAD",PEDESTRIAN,DIVIDED - W/MEDIAN (NOT RAISED),STRAIGHT AND LEVEL,DRY,NO DEFECTS,ON SCENE,INJURY AND / OR TOW DUE TO CRASH,"$501 - $1,500",2025-03-01T18:15:00.000,FAILING TO YIELD RIGHT-OF-WAY,NOT APPLICABLE,2292,N,MILWAUKEE AVE,1431,2,NONINCAPACITATING INJURY,1,0,0,1,0,1,0,18,7,3,41.92256148,-87.69703918,POINT (-87.697039175499 41.922561476501),30
813119a02de38d2fe5d82e8bc60d6940fc2921cacd9cbf03687ecc632eb9e74050a3c99ca9bb2a9679f4df06f76de281fca2f3f94fc0ff6732aebb9a301c964f,2025/3/1 18:00,30,NO CONTROLS,NO CONTROLS,UNKNOWN,DUSK,REAR END,NOT DIVIDED,STRAIGHT AND LEVEL,UNKNOWN,UNKNOWN,NOT ON SCENE (DESK REPORT),NO INJURY / DRIVE AWAY,"OVER $1,500",2025-03-03T12:45:00.000,UNABLE TO DETERMINE,NOT APPLICABLE,1004,E,43RD ST,214,2,NO INDICATION OF INJURY,0,0,0,0,0,2,0,18,7,3,41.81698411,-87.60162495,POINT (-87.601624954061 41.816984114582),30
be0acfd981641cc9c1f6ecd50914810c7eff69565055f46a49830f5849e3b2d7f8951c12b30443c893b91b980d1ad7ce65619b21730c381557b58a79cf0a70c6,2025/3/1 18:00,30,NO CONTROLS,NO CONTROLS,CLEAR,DARKNESS,SIDESWIPE SAME DIRECTION,NOT DIVIDED,STRAIGHT AND LEVEL,DRY,NO DEFECTS,NOT ON SCENE (DESK REPORT),NO INJURY / DRIVE AWAY,"OVER $1,500",2025-03-01T20:10:00.000,UNABLE TO DETERMINE,NOT APPLICABLE,1660,W,DIVISION ST,1424,2,NO INDICATION OF INJURY,0,0,0,0,0,2,0,18,7,3,41.90341748,-87.66981735,POINT (-87.669817352195 41.903417479096),30
e3f59831c65f9d35f06952d0a36cc1a40cd0437eede6ba50928b2b3bbf6f4568b73412c8951d19753b547b4167f32c0095d3646afd95495bb774f25bf38b877e,2025/3/1 18:00,30,TRAFFIC SIGNAL,FUNCTIONING PROPERLY,CLEAR,DARKNESS,REAR END,NOT DIVIDED,STRAIGHT AND LEVEL,DRY,NO DEFECTS,ON SCENE,NO INJURY / DRIVE AWAY,"OVER $1,500",2025-03-01T18:06:00.000,FAILING TO REDUCE SPEED TO AVOID CRASH,NOT APPLICABLE,811,W,CHICAGO AVE,1214,2,NO INDICATION OF INJURY,0,0,0,0,0,2,0,18,7,3,41.89629288,-87.64830317,POINT (-87.648303169427 41.896292882034),30
061ff827a67c98c051effb823b7fecca47d0e61aebbac7ab140eaab65b9e00b119426bb0cd1d7f25e3612a8e0bc293707c160cf3b723f671870c408b872c6587,2025/3/1 17:56,30,TRAFFIC SIGNAL,FUNCTIONING PROPERLY,CLEAR,DUSK,REAR END,FOUR WAY,STRAIGHT AND LEVEL,DRY,NO DEFECTS,NOT ON SCENE (DESK REPORT),NO INJURY / DRIVE AWAY,"OVER $1,500",2025-03-03T12:00:00.000,FOLLOWING TOO CLOSELY,UNABLE TO DETERMINE,1402,W,NORTH AVE,1433,2,NO INDICATION OF INJURY,0,0,0,0,0,2,0,17,7,3,41.91080682,-87.66310493,POINT (-87.66310493406 41.910806819199),30
e8b7c59c63ee6c464565f63a094a65b8612603d6b2f825135723a54743c83aeb4e1dd0a26f45f0ac6674fc556851f204f29a4c0ccb2c627bdd8d8265fde0dea9,2025/3/1 17:40,30,TRAFFIC SIGNAL,FUNCTIONING PROPERLY,CLEAR,"DARKNESS, LIGHTED ROAD",PEDESTRIAN,NOT DIVIDED,STRAIGHT AND LEVEL,DRY,NO DEFECTS,ON SCENE,INJURY AND / OR TOW DUE TO CRASH,$500 OR LESS,2025-03-01T17:48:00.000,UNABLE TO DETERMINE,UNABLE TO DETERMINE,2,E,8TH ST,123,2,"REPORTED, NOT EVIDENT",1,0,0,0,1,1,0,17,7,3,41.87191721,-87.62749276,POINT (-87.627492760975 41.871917214589),30