crash_record_id,crash_date,posted_speed_limit,traffic_control_device,device_condition,weather_condition,lighting_condition,first_crash_type,trafficway_type,alignment,roadway_surface_cond,road_defect,report_type,crash_type,damage,date_police_notified,prim_contributory_cause,sec_contributory_cause,street_no,street_direction,street_name,beat_of_occurrence,num_units,most_severe_injury,injuries_total,injuries_fatal,injuries_incapacitating,injuries_non_incapacitating,injuries_reported_not_evident,injuries_no_indication,injuries_unknown,crash_hour,crash_day_of_week,crash_month,latitude,longitude,location,speed_limit
feee1e3a5d04c2f1acd96e31bf013a17667edaf9dd5307c307e051fa8c2ec8f6b1face168ec2090424e827ed6d461ff49b6425b4742720230cb7ba50dd0d12fd,2025/3/1 14:45,30,UNKNOWN,UNKNOWN,CLEAR,DAWN,FIXED OBJECT,NOT DIVIDED,STRAIGHT AND LEVEL,DRY,UNKNOWN,ON SCENE,NO INJURY / DRIVE AWAY,"OVER $1,500",2025-03-01T14:50:00.000,NOT APPLICABLE,NOT APPLICABLE,1760,W,WRIGHTWOOD AVE,1931,1,NO INDICATION OF INJURY,0,0,0,0,0,1,0,14,7,3,41.92882415,-87.67304202,POINT (-87.673042019911 41.928824149319),30
9b3922d66f3295f6bbe37e3e3a07d57c42132e1444fb422e5faec8b4c83a243051c56f6a19ae122cc529c303acae12fb39b09207a57bd870f871b2bc7bf5b1ca,2025/3/1 14:40,30,UNKNOWN,UNKNOWN,CLEAR,DAYLIGHT,SIDESWIPE SAME DIRECTION,ONE-WAY,STRAIGHT AND LEVEL,UNKNOWN,UNKNOWN,NOT ON SCENE (DESK REPORT),NO INJURY / DRIVE AWAY,"OVER $1,500",2025-03-01T15:05:00.000,UNABLE TO DETERMINE,UNABLE TO DETERMINE,14,S,PARKSIDE AVE,1513,2,NO INDICATION OF INJURY,0,0,0,0,0,2,0,14,7,3,41.87978903,-87.76662162,POINT (-87.766621624882 41.879789029212),30
a6e1c6322fc2c6316b0dcb7cd346088eb629001d827b04cd6107ad698fd79498ca1b2220552a56b817e17d682ca0c0fa6ce5f5a7c2e0a9a80e8bb6cdb4de8a92,2025/3/1 14:37,30,TRAFFIC SIGNAL,FUNCTIONING PROPERLY,CLEAR,DAYLIGHT,SIDESWIPE SAME DIRECTION,DIVIDED - W/MEDIAN (NOT RAISED),STRAIGHT AND LEVEL,DRY,NO DEFECTS,ON SCENE,INJURY AND / OR TOW DUE TO CRASH,"OVER $1,500",2025-03-01T14:45:00.000,IMPROPER OVERTAKING/PASSING,IMPROPER OVERTAKING/PASSING,2800,W,24TH BLVD,1033,2,NO INDICATION OF INJURY,0,0,0,0,0,2,0,14,7,3,41.84799247,-87.69546278,POINT (-87.695462776079 41.847992471664),30
8b91b1449a533a2587355b1e12445e7705dc8df09bb48806bace1d61d666ec5f3e4d8be532f9b0b78265d91650401702372c1dca6f7997f3aef2b2fdb09e3e0b,2025/3/1 14:30,30,NO CONTROLS,NO CONTROLS,CLEAR,DAYLIGHT,SIDESWIPE SAME DIRECTION,DIVIDED - W/MEDIAN (NOT RAISED),STRAIGHT AND LEVEL,DRY,NO DEFECTS,ON SCENE,NO INJURY / DRIVE AWAY,"$501 - $1,500",2025-03-01T14:49:00.000,UNABLE TO DETERMINE,NOT APPLICABLE,828,W,95TH ST,2223,2,NO INDICATION OF INJURY,0,0,0,0,0,2,0,14,7,3,41.7215547,-87.64436761,POINT (-87.644367613712 41.721554701297),30
cc9dad8ef4365dbcf369bad561f971131cbb8768fa5cc7c1cbc9bcad197bb9f03b10e5b0dd2606456000c9b71c37f24db3e7dc59c556f0c3df7b7248d8f5bd6c,2025/3/1 14:30,30,STOP SIGN/FLASHER,FUNCTIONING PROPERLY,CLEAR,DAYLIGHT,TURNING,FOUR WAY,STRAIGHT AND LEVEL,DRY,WORN SURFACE,ON SCENE,NO INJURY / DRIVE AWAY,"OVER $1,500",2025-03-01T14:30:00.000,DISREGARDING STOP SIGN,FAILING TO YIELD RIGHT-OF-WAY,4400,S,MOZART ST,922,2,NO INDICATION OF INJURY,0,0,0,0,0,2,0,14,7,3,41.81361638,-87.69574218,POINT (-87.69574217977 41.813616375448),30
fb5bc4e7f549abfecc4037a06de451297c32c05550ecb65bfa2e955dccec4a1ba18045d3af3aad909e959f0567f24841a3b836d729031c367a85858b64ccbed5,2025/3/1 14:30,10,NO CONTROLS,NO CONTROLS,CLEAR,DAYLIGHT,ANGLE,PARKING LOT,STRAIGHT AND LEVEL,DRY,UNKNOWN,NOT ON SCENE (DESK REPORT),NO INJURY / DRIVE AWAY,"OVER $1,500",2025-03-01T14:45:00.000,FAILING TO YIELD RIGHT-OF-WAY,UNABLE TO DETERMINE,7535,S,ASHLAND AVE,612,2,NO INDICATION OF INJURY,0,0,0,0,0,2,0,14,7,3,41.75654541,-87.66344385,POINT (-87.663443852852 41.756545414126),10
d0116899584139e672b046188588aaf3f73ea0d6353dd8f8cc7b73dd6f3c510fd1df3dd33a8832cfa6a7d05f74feeb1fa12c902881250b4dd1a9d9e66fa0be92,2025/3/1 14:28,30,NO CONTROLS,NO CONTROLS,CLEAR,DAYLIGHT,PARKED MOTOR VEHICLE,ONE-WAY,STRAIGHT AND LEVEL,DRY,NO DEFECTS,ON SCENE,NO INJURY / DRIVE AWAY,"$501 - $1,500",2025-03-01T14:28:00.000,DRIVING SKILLS/KNOWLEDGE/EXPERIENCE,NOT APPLICABLE,1236,W,72ND PL,734,2,NO INDICATION OF INJURY,0,0,0,0,0,1,0,14,7,3,41.76241492,-87.65551856,POINT (-87.655518558593 41.762414916924),30
b5e550c65c810d0cf6c1187603e360107d5e8ca3b690a4e631a517db755a862408deda9e2ff7491648274fb188fe0d4b3f779052181748c53feb3b2d47d38844,2025/3/1 14:26,30,STOP SIGN/FLASHER,FUNCTIONING PROPERLY,CLEAR,DAYLIGHT,REAR END,ONE-WAY,STRAIGHT AND LEVEL,DRY,NO DEFECTS,NOT ON SCENE (DESK REPORT),NO INJURY / DRIVE AWAY,"OVER $1,500",2025-03-01T17:10:00.000,UNABLE TO DETERMINE,NOT APPLICABLE,116,W,ELM ST,1824,2,NO INDICATION OF INJURY,0,0,0,0,0,3,0,14,7,3,41.90323618,-87.63220582,POINT (-87.63220582395 41.903236175088),30
49d3029bd1623a4f190c2d344f214f137ec1224b10494e80158f921b4f22b1474e8283c844d6a7fb59a08ac4788d085fe50fc83da0210afa164b190adce2c2f5,2025/3/1 14:25,25,STOP SIGN/FLASHER,FUNCTIONING PROPERLY,CLEAR,DAYLIGHT,PEDALCYCLIST,NOT DIVIDED,STRAIGHT AND LEVEL,DRY,NO DEFECTS,ON SCENE,INJURY AND / OR TOW DUE TO CRASH,"OVER $1,500",2025-03-01T14:45:00.000,UNABLE TO DETERMINE,UNABLE TO DETERMINE,6832,W,56TH ST,811,2,INCAPACITATING INJURY,1,0,1,0,0,1,0,14,7,3,41.7904402,-87.79279233,POINT (-87.79279232909 41.790440197559),25
dfeb5cabbb00bfb23f8c811300233f2978b08f50664a7ce8c2ea2504f308e848086e6e9adbf2039b7d18ed67b94a0607e7524b840c65e94dacb8ffe38e41dff9,2025/3/1 14:25,30,STOP SIGN/FLASHER,FUNCTIONING PROPERLY,CLEAR,DAYLIGHT,ANGLE,FOUR WAY,STRAIGHT AND LEVEL,DRY,NO DEFECTS,NOT ON SCENE (DESK REPORT),NO INJURY / DRIVE AWAY,"$501 - $1,500",2025-03-01T16:12:00.000,UNABLE TO DETERMINE,UNABLE TO DETERMINE,11300,S,MICHIGAN AVE,531,2,NO INDICATION OF INJURY,0,0,0,0,0,4,0,14,7,3,41.6889361,-87.62115217,POINT (-87.621152172525 41.688936097265),30
172ed95f7320838fc2a580b167abdc3cb7de0b81c0709a784c657dc786afaf4e5e0961d1f34dfb957b110b7a95bd32fa1817ffb0ec4624df9c4aa3b929534839,2025/3/1 14:10,30,NO CONTROLS,NO CONTROLS,CLEAR,DAYLIGHT,PEDESTRIAN,NOT DIVIDED,STRAIGHT AND LEVEL,DRY,NO DEFECTS,ON SCENE,INJURY AND / OR TOW DUE TO CRASH,"OVER $1,500",2025-03-01T14:10:00.000,FAILING TO YIELD RIGHT-OF-WAY,IMPROPER OVERTAKING/PASSING,2416,N,CALIFORNIA AVE,1414,2,NONINCAPACITATING INJURY,1,0,0,1,0,2,0,14,7,3,41.92534893,-87.69757487,POINT (-87.697574871352 41.92534893192),30
29c574d7be997f8df42177ef31f7adf588877036b3beb27c7073934ced592780bd059cb3889da67b51f672c48ab2340dce1b615aac67d38552b9e0b165593579,2025/3/1 14:00,30,NO CONTROLS,NO CONTROLS,CLEAR,DAYLIGHT,ANGLE,FOUR WAY,STRAIGHT AND LEVEL,DRY,UNKNOWN,NOT ON SCENE (DESK REPORT),NO INJURY / DRIVE AWAY,"OVER $1,500",2025-03-03T11:25:00.000,UNABLE TO DETERMINE,NOT APPLICABLE,10100,S,EGGLESTON AVE,2232,2,NO INDICATION OF INJURY,0,0,0,0,0,3,0,14,7,3,41.71064323,-87.63382715,POINT (-87.633827145026 41.710643233804),30
5a76140051b6605b493099500eb3efe0c7f5c2fcfd5cd0c1c7c3035b70fee4e586f2dd0ad5968ba683ab7ba733c318a19c8634bb468d560f3a784fdfdfc7314f,2025/3/1 14:00,20,UNKNOWN,UNKNOWN,UNKNOWN,UNKNOWN,PARKED MOTOR VEHICLE,UNKNOWN,STRAIGHT AND LEVEL,UNKNOWN,UNKNOWN,NOT ON SCENE (DESK REPORT),NO INJURY / DRIVE AWAY,"OVER $1,500",2025-03-01T18:00:00.000,UNABLE TO DETERMINE,UNABLE TO DETERMINE,525,W,60TH ST,711,2,NO INDICATION OF INJURY,0,0,0,0,0,1,0,14,7,3,41.78514294,-87.63861562,POINT (-87.63861562388 41.78514293771),20
49dd79b10746a3e3dbf7a24e287ab666af8377a9bf7d221a59aac0099642fb318d898b16ae0d39c23556817ade0bd52e01cf13eff6adf1f56adefa664f4d5352,2025/3/1 13:59,30,NO CONTROLS,NO CONTROLS,CLEAR,DAYLIGHT,PARKED MOTOR VEHICLE,NOT DIVIDED,STRAIGHT AND LEVEL,DRY,NO DEFECTS,NOT ON SCENE (DESK REPORT),NO INJURY / DRIVE AWAY,"OVER $1,500",2025-03-01T14:48:00.000,UNABLE TO DETERMINE,UNABLE TO DETERMINE,3250,S,BELL AVE,912,2,NO INDICATION OF INJURY,0,0,0,0,0,2,0,13,7,3,41.83459673,-87.68164927,POINT (-87.681649268134 41.834596732206),30
6757ea4353c2de255dfca9287059d6bd8d95f869e8dd47ac4fdba9713cef6589f633c46e3934d93a9ad25bf55b6b03de6db4aff471b6660a496b4020b41a4da3,2025/3/1 13:57,10,NO CONTROLS,NO CONTROLS,CLEAR,DAYLIGHT,PARKED MOTOR VEHICLE,PARKING LOT,STRAIGHT AND LEVEL,DRY,NO DEFECTS,NOT ON SCENE (DESK REPORT),NO INJURY / DRIVE AWAY,"$501 - $1,500",2025-03-01T14:20:00.000,UNABLE TO DETERMINE,NOT APPLICABLE,11055,S,WESTERN AVE,2212,2,NO INDICATION OF INJURY,0,0,0,0,0,2,0,13,7,3,41.69236152,-87.68102644,POINT (-87.681026438224 41.692361518817),10
d2291d5f24dd25ec76bdbe327054c3ac844e5d367f8ae5b443053abfea411e204bf5060e01cf1af211eab893075fabe0b32cb71cfa353fa448e0d4ff41c66333,2025/3/1 13:53,30,TRAFFIC SIGNAL,UNKNOWN,RAIN,DAYLIGHT,ANGLE,NOT DIVIDED,STRAIGHT AND LEVEL,DRY,NO DEFECTS,ON SCENE,NO INJURY / DRIVE AWAY,"OVER $1,500",2025-03-01T13:54:00.000,DISREGARDING TRAFFIC SIGNALS,FAILING TO REDUCE SPEED TO AVOID CRASH,532,W,95TH ST,2223,2,NO INDICATION OF INJURY,0,0,0,0,0,2,0,13,7,3,41.72165072,-87.63721721,POINT (-87.637217213351 41.721650718156),30
7c4e7dc40bb17be50a442295f0198fb898b6ccdbead9c24eb5ea267b6a65877c53fea0ae486705c7b50c2efd36b9adf97eab7c40c9d673dc29d2695b6a15ead6,2025/3/1 13:52,30,NO CONTROLS,NO CONTROLS,CLEAR,DAYLIGHT,ANGLE,NOT DIVIDED,STRAIGHT AND LEVEL,DRY,NO DEFECTS,NOT ON SCENE (DESK REPORT),NO INJURY / DRIVE AWAY,"OVER $1,500",2025-03-01T14:21:00.000,FAILING TO YIELD RIGHT-OF-WAY,NOT APPLICABLE,2537,N,HALSTED ST,1935,2,NO INDICATION OF INJURY,0,0,0,0,0,2,0,13,7,3,41.92835383,-87.64871676,POINT (-87.648716755475 41.928353829717),30
ece44fdabb5b2f3a2b2b13e956e6c97423c5afd500153c1f224afa753b5f4dbce952c984a65f655fcd95ec3c068e94dbf94f88124afafb56f849e420f4c4ac24,2025/3/1 13:50,15,STOP SIGN/FLASHER,NO CONTROLS,CLEAR,DAYLIGHT,ANGLE,PARKING LOT,STRAIGHT AND LEVEL,DRY,NO DEFECTS,NOT ON SCENE (DESK REPORT),NO INJURY / DRIVE AWAY,"$501 - $1,500",2025-03-01T16:47:00.000,FAILING TO YIELD RIGHT-OF-WAY,NOT APPLICABLE,1200,N,LARRABEE ST,1822,2,NO INDICATION OF INJURY,0,0,0,0,0,2,0,13,7,3,41.90376961,-87.64336894,POINT (-87.643368939876 41.903769606378),15
598bd25405ae766f444245ebd064c5487a41346cd066b377890e45f8024b8de88e20f6439983127b811a80708956d91db9d7ea17cbfda2f81e5b6b7b5f55118f,2025/3/1 13:47,30,NO CONTROLS,NO CONTROLS,CLEAR,DAYLIGHT,SIDESWIPE SAME DIRECTION,DIVIDED - W/MEDIAN BARRIER,STRAIGHT AND LEVEL,DRY,NO DEFECTS,ON SCENE,NO INJURY / DRIVE AWAY,"OVER $1,500",2025-03-01T14:00:00.000,DRIVING SKILLS/KNOWLEDGE/EXPERIENCE,UNABLE TO DETERMINE,2800,S,ASHLAND AVE,912,2,NO INDICATION OF INJURY,0,0,0,0,0,3,0,13,7,3,41.84083718,-87.66597033,POINT (-87.665970331742 41.840837181762),30
75f5c216a7d0df6e5ca2d83b6f251504516254d0280c4fe8ca5eb847cc0761d5848745e04e8179153cd5db22e157a651ffab9984569818ebd514371d8c6e8cfa,2025/3/1 13:46,30,NO CONTROLS,NO CONTROLS,CLEAR,DAYLIGHT,SIDESWIPE SAME DIRECTION,ONE-WAY,STRAIGHT AND LEVEL,DRY,NO DEFECTS,ON SCENE,INJURY AND / OR TOW DUE TO CRASH,"OVER $1,500",2025-03-01T13:46:00.000,FAILING TO YIELD RIGHT-OF-WAY,NOT APPLICABLE,435,E,ILLINOIS ST,1834,3,NO INDICATION OF INJURY,0,0,0,0,0,10,0,13,7,3,41.89096573,-87.61634773,POINT (-87.616347728117 41.89096572791),30
96e361cc320a95e6018a225071ee69c4e054eaa18c3187593045d4affca1cdcdebc951e883fbc01c30fd18c1023456b3c80c62c5b43cf9b06a03f5aa9f9163c1,2025/3/1 13:45,30,UNKNOWN,UNKNOWN,UNKNOWN,UNKNOWN,SIDESWIPE SAME DIRECTION,NOT DIVIDED,STRAIGHT AND LEVEL,UNKNOWN,UNKNOWN,NOT ON SCENE (DESK REPORT),NO INJURY / DRIVE AWAY,"OVER $1,500",2025-03-02T16:00:00.000,UNABLE TO DETERMINE,NOT APPLICABLE,1344,W,79TH ST,612,2,NO INDICATION OF INJURY,0,0,0,0,0,2,0,13,7,3,41.75055928,-87.65699302,POINT (-87.656993024503 41.750559280678),30
e74eb17818173ff1ebc8f172f472ba3db7281beef0608436fe0ac6905a378817c6feee738fe36ce6f28c5cfc821575e7a2125a647584f3846cb2dfa2f5c2713e,2025/3/1 13:42,30,NO CONTROLS,NO CONTROLS,CLEAR,DAYLIGHT,REAR END,NOT DIVIDED,STRAIGHT AND LEVEL,DRY,NO DEFECTS,NOT ON SCENE (DESK REPORT),NO INJURY / DRIVE AWAY,"$501 - $1,500",2025-03-01T14:56:00.000,FOLLOWING TOO CLOSELY,NOT APPLICABLE,6000,S,NARRAGANSETT AVE,812,3,NO INDICATION OF INJURY,0,0,0,0,0,5,0,13,7,3,41.78308183,-87.78161182,POINT (-87.781611818876 41.783081827272),30
071069d79b02acb932eedcb7409b9524a8bdac5143b79f5d0e13702e0991fb011e019dc2c27c620020be9dedbfef81e3a78df30f785edaf34454b387d913b9cc,2025/3/1 13:41,30,TRAFFIC SIGNAL,FUNCTIONING PROPERLY,CLEAR,DAYLIGHT,SIDESWIPE OPPOSITE DIRECTION,NOT DIVIDED,STRAIGHT AND LEVEL,DRY,UNKNOWN,NOT ON SCENE (DESK REPORT),NO INJURY / DRIVE AWAY,"OVER $1,500",2025-03-01T18:15:00.000,DRIVING ON WRONG SIDE/WRONG WAY,NOT APPLICABLE,1150,N,KOSTNER AVE,1111,2,NO INDICATION OF INJURY,0,0,0,0,0,2,0,13,7,3,41.90220957,-87.7362821,POINT (-87.736282098321 41.902209566848),30
bcb46e829322ca7f9c96fd0664f716cf0add1ccb9c8adf26cb0355220568de3b06834e2fe47a9dfedc5cb3e2c3cc8a5e679a00249b82a19a5b543a857c26929f,2025/3/1 13:40,30,NO CONTROLS,NO CONTROLS,CLEAR,DAYLIGHT,TURNING,DIVIDED - W/MEDIAN (NOT RAISED),STRAIGHT AND LEVEL,DRY,NO DEFECTS,NOT ON SCENE (DESK REPORT),NO INJURY / DRIVE AWAY,"$501 - $1,500",2025-03-01T16:45:00.000,UNABLE TO DETERMINE,NOT APPLICABLE,1049,W,NORTH AVE,1822,2,NO INDICATION OF INJURY,0,0,0,0,0,2,0,13,7,3,41.91069514,-87.65523006,POINT (-87.6552300572 41.910695144218),30
88aa24143e90263127f1b1d2848057db9926834103d3ace5f4c0cfa4cb794fb0743b3ec282339f448d80e64e8878688f474625421cfc6f8084a6785dc5ed947f,2025/3/1 13:30,25,NO CONTROLS,NO CONTROLS,CLEAR,DAYLIGHT,TURNING,NOT DIVIDED,STRAIGHT AND LEVEL,DRY,NO DEFECTS,ON SCENE,INJURY AND / OR TOW DUE TO CRASH,"$501 - $1,500",2025-03-01T13:40:00.000,UNABLE TO DETERMINE,UNABLE TO DETERMINE,624,W,DIVISION ST,1822,2,NO INDICATION OF INJURY,0,0,0,0,0,3,0,13,7,3,41.903808,-87.64426267,POINT (-87.644262674452 41.903807997592),25
b2c09dff21368bb954ce3c2db964b75ede3a222c4f553ff7773b13c845d97ff4cbeea6e545b70ad83474e7f7d212ed616f85f1249db1b2549e164827f3581f0c,2025/3/1 13:30,30,TRAFFIC SIGNAL,FUNCTIONING PROPERLY,CLEAR,DAYLIGHT,SIDESWIPE SAME DIRECTION,ONE-WAY,STRAIGHT AND LEVEL,DRY,NO DEFECTS,NOT ON SCENE (DESK REPORT),INJURY AND / OR TOW DUE TO CRASH,"OVER $1,500",2025-03-01T15:53:00.000,IMPROPER OVERTAKING/PASSING,NOT APPLICABLE,435,E,ILLINOIS ST,1834,2,NO INDICATION OF INJURY,0,0,0,0,0,2,0,13,7,3,41.89096573,-87.61634773,POINT (-87.616347728117 41.89096572791),30
7c76d653b0fa2458019aa62ebeaef6c7b1235c92ff5d08a611b51d96e495f1cbcb76e9e05abf58fcd6a074c0121c522a818389abf3bf7273be3610b33ea714f9,2025/3/1 13:29,30,TRAFFIC SIGNAL,FUNCTIONING PROPERLY,CLEAR,DAYLIGHT,TURNING,FOUR WAY,STRAIGHT AND LEVEL,DRY,UNKNOWN,NOT ON SCENE (DESK REPORT),NO INJURY / DRIVE AWAY,"OVER $1,500",2025-03-01T13:45:00.000,UNABLE TO DETERMINE,UNABLE TO DETERMINE,4750,W,NORTH AVE,2533,2,NO INDICATION OF INJURY,0,0,0,0,0,3,0,13,7,3,41.90974035,-87.7457416,POINT (-87.74574160284 41.909740347917),30
6ce805972f94b326c8c85bf651256712d0fbe250c370e29e65e2a9ffbdc6183a27193a49a884b0efe069a137438a2e764d3f2809689f13947b2f4474808c7187,2025/3/1 13:27,30,TRAFFIC SIGNAL,FUNCTIONING PROPERLY,CLEAR,DAYLIGHT,SIDESWIPE SAME DIRECTION,DIVIDED - W/MEDIAN (NOT RAISED),STRAIGHT AND LEVEL,DRY,NO DEFECTS,NOT ON SCENE (DESK REPORT),NO INJURY / DRIVE AWAY,"$501 - $1,500",2025-03-01T14:10:00.000,DRIVING SKILLS/KNOWLEDGE/EXPERIENCE,NOT APPLICABLE,8700,S,DR MARTIN LUTHER KING JR DR,632,2,NO INDICATION OF INJURY,0,0,0,0,0,3,0,13,7,3,41.73645505,-87.61467291,POINT (-87.614672912717 41.736455045812),30
22a88f87f1b01e92e2aaad7830e2b4533573d7f8ec7e84121d51d9ececa1d604a03b1587c7ed279c9a8bcd65557f63cd49ec1a028bf09ee105080bc02b651475,2025/3/1 13:20,30,STOP SIGN/FLASHER,FUNCTIONING PROPERLY,CLEAR,DAYLIGHT,ANGLE,NOT REPORTED,STRAIGHT AND LEVEL,DRY,NO DEFECTS,ON SCENE,INJURY AND / OR TOW DUE TO CRASH,"OVER $1,500",2025-03-01T13:20:00.000,FAILING TO YIELD RIGHT-OF-WAY,NOT APPLICABLE,6500,N,CALIFORNIA AVE,2412,2,NO INDICATION OF INJURY,0,0,0,0,0,2,0,13,7,3,41.99947588,-87.69984547,POINT (-87.699845474383 41.999475881363),30
66fcb65e97a0b9d3dd349519ee7d5681192ae3e0b2f94bb8a496c66ad27943d9cdc0370910e87770a80dcf845945a9ecc9b6188168b26b1d17ecadff4d2a29ff,2025/3/1 13:17,20,NO CONTROLS,NO CONTROLS,CLEAR,DAYLIGHT,SIDESWIPE SAME DIRECTION,OTHER,STRAIGHT AND LEVEL,DRY,NO DEFECTS,ON SCENE,NO INJURY / DRIVE AWAY,"$501 - $1,500",2025-03-01T15:16:00.000,FAILING TO YIELD RIGHT-OF-WAY,NOT APPLICABLE,4736,S,LEAMINGTON AVE,814,3,NO INDICATION OF INJURY,0,0,0,0,0,2,0,13,7,3,41.80639788,-87.75183216,POINT (-87.751832162493 41.80639788009),20
a3921316d624878011ecc09060c38891dc94d1ef111f136b9b4e906c1d6a1c5ac0c76edf3de970f376eca821ff9582bbe7e5f1ce5e05bce26b5254a78d36a6ee,2025/3/1 13:11,30,STOP SIGN/FLASHER,OTHER,UNKNOWN,DAYLIGHT,ANGLE,FOUR WAY,STRAIGHT AND LEVEL,DRY,NO DEFECTS,NOT ON SCENE (DESK REPORT),NO INJURY / DRIVE AWAY,"OVER $1,500",2025-03-01T13:54:00.000,UNABLE TO DETERMINE,UNABLE TO DETERMINE,7400,S,DR MARTIN LUTHER KING JR DR,323,2,NO INDICATION OF INJURY,0,0,0,0,0,2,0,13,7,3,41.76014037,-87.61530877,POINT (-87.61530877184 41.760140374778),30
56733e39b958e2045153ae908ad0cdaa1ab3a7a6f6c0402901b5a96605c70d16cdbce9cbd175420ee76840cb773e56dd1b0075e4445fa1da67f451c06c1a9d94,2025/3/1 13:10,30,NO CONTROLS,NO CONTROLS,CLEAR,DAYLIGHT,PARKED MOTOR VEHICLE,NOT DIVIDED,STRAIGHT AND LEVEL,DRY,UNKNOWN,NOT ON SCENE (DESK REPORT),NO INJURY / DRIVE AWAY,"OVER $1,500",2025-03-01T13:25:00.000,DRIVING SKILLS/KNOWLEDGE/EXPERIENCE,NOT APPLICABLE,11041,S,KEDZIE AVE,2211,2,NO INDICATION OF INJURY,0,0,0,0,0,1,0,13,7,3,41.69217084,-87.70069945,POINT (-87.700699448493 41.692170835454),30
6b8e77042093ed50da8c8b08f2cf882dccc2fe1a04d1459c64a1c96e5f9886ea09c71705017bd9842970e8414a36d4320fc31bac6c42c543fafaef759e32dc32,2025/3/1 13:00,30,NO CONTROLS,NO CONTROLS,UNKNOWN,UNKNOWN,PARKED MOTOR VEHICLE,NOT DIVIDED,STRAIGHT AND LEVEL,UNKNOWN,NO DEFECTS,ON SCENE,NO INJURY / DRIVE AWAY,"OVER $1,500",2025-03-01T13:47:00.000,UNABLE TO DETERMINE,UNABLE TO DETERMINE,1824,W,GREENLEAF AVE,2424,2,NO INDICATION OF INJURY,0,0,0,0,0,1,0,13,7,3,42.01026256,-87.67694677,POINT (-87.676946765785 42.010262562339),30
f7245cdc7166a2b3043a8109703870602118468c32525fbb3048ebb110285d033d0874a90b60dcfb5597fcb04b3e128955ed79ba46732952ed9881cfc7be1049,2025/3/1 12:55,20,NO CONTROLS,NO CONTROLS,CLEAR,DAYLIGHT,PARKED MOTOR VEHICLE,OTHER,STRAIGHT AND LEVEL,DRY,NO DEFECTS,ON SCENE,NO INJURY / DRIVE AWAY,$500 OR LESS,2025-03-01T13:10:00.000,UNABLE TO DETERMINE,UNABLE TO DETERMINE,5244,N,BROADWAY,2013,2,NO INDICATION OF INJURY,0,0,0,0,0,1,0,12,7,3,41.97765473,-87.66005055,POINT (-87.660050550813 41.977654732744),20
0d340e9076eec526eeda0e71da36c7bc68910a695059ed83ac1d935151a5723ef83492efce0babb9120644ce9e47f142d8f97fafdccf4c169a9f70ab2c46d416,2025/3/1 12:40,30,NO CONTROLS,FUNCTIONING PROPERLY,CLEAR,DAYLIGHT,TURNING,NOT DIVIDED,STRAIGHT AND LEVEL,DRY,NO DEFECTS,NOT ON SCENE (DESK REPORT),INJURY AND / OR TOW DUE TO CRASH,"$501 - $1,500",2025-03-01T13:05:00.000,UNABLE TO DETERMINE,UNABLE TO DETERMINE,2700,S,KEDZIE AVE,1032,2,"REPORTED, NOT EVIDENT",1,0,0,0,1,1,0,12,7,3,41.84260253,-87.70512781,POINT (-87.705127810739 41.842602526365),30
491ba6353276ba5cc88814bca01cfdf46bb38280285aff894e85e02d9b7734f0d0ef76fc5ccaea02f956c56cc140776ccd9965f1225104894b1362397aaa0555,2025/3/1 12:39,30,NO CONTROLS,NO CONTROLS,CLEAR,DAYLIGHT,TURNING,NOT DIVIDED,STRAIGHT AND LEVEL,DRY,UNKNOWN,ON SCENE,INJURY AND / OR TOW DUE TO CRASH,"OVER $1,500",2025-03-01T12:39:00.000,FAILING TO YIELD RIGHT-OF-WAY,FAILING TO REDUCE SPEED TO AVOID CRASH,4916,S,KEDZIE AVE,821,2,NO INDICATION OF INJURY,0,0,0,0,0,3,0,12,7,3,41.80391119,-87.70400065,POINT (-87.704000649535 41.803911188518),30
0e96c32c22df15d238a5e02ee34821262430944ae64ec41a6fb12b5c09d280200fef4ea3034303f2936ea86a3e487a5f2ead4f05dabc7d3f1cc33c5c86fb5f37,2025/3/1 12:30,30,NO CONTROLS,NO CONTROLS,CLEAR,DAYLIGHT,PARKED MOTOR VEHICLE,T-INTERSECTION,STRAIGHT AND LEVEL,DRY,NO DEFECTS,NOT ON SCENE (DESK REPORT),NO INJURY / DRIVE AWAY,"$501 - $1,500",2025-03-02T10:45:00.000,IMPROPER TURNING/NO SIGNAL,NOT APPLICABLE,2258,N,NATCHEZ AVE,2512,2,NO INDICATION OF INJURY,0,0,0,0,0,1,0,12,7,3,41.92174593,-87.78798147,POINT (-87.787981469475 41.921745934412),30
5edad9c81209a464cdcdd844aa4114d5c1aec9ec6f2a1263dfd16e24597091cdbc816627b2f104ad2c5551504d7f7ce73c47c6f219dfdc7e7b31ea731c622789,2025/3/1 12:30,25,NO CONTROLS,NO CONTROLS,CLEAR,DAYLIGHT,PARKED MOTOR VEHICLE,NOT DIVIDED,STRAIGHT AND LEVEL,DRY,NO DEFECTS,NOT ON SCENE (DESK REPORT),NO INJURY / DRIVE AWAY,"OVER $1,500",2025-03-01T13:14:00.000,UNABLE TO DETERMINE,UNABLE TO DETERMINE,3605,W,18TH ST,1014,2,NO INDICATION OF INJURY,0,0,0,0,0,1,0,12,7,3,41.85702849,-87.7153682,POINT (-87.715368198645 41.857028486318),25