crash_record_id,crash_date,posted_speed_limit,traffic_control_device,device_condition,weather_condition,lighting_condition,first_crash_type,trafficway_type,alignment,roadway_surface_cond,road_defect,report_type,crash_type,damage,date_police_notified,prim_contributory_cause,sec_contributory_cause,street_no,street_direction,street_name,beat_of_occurrence,num_units,most_severe_injury,injuries_total,injuries_fatal,injuries_incapacitating,injuries_non_incapacitating,injuries_reported_not_evident,injuries_no_indication,injuries_unknown,crash_hour,crash_day_of_week,crash_month,latitude,longitude,location,speed_limit
9d2f3866be8864602fe10445a20df07dfbbdb980b15b8f86905b49a51f7cafd0661b4a1973c17781a3646f872f2b02470409de8f7ea9860ac6d5bd9ee2e58941,2025/3/1 12:21,35,STOP SIGN/FLASHER,FUNCTIONING PROPERLY,CLEAR,DAYLIGHT,PEDESTRIAN,NOT DIVIDED,STRAIGHT AND LEVEL,DRY,NO DEFECTS,ON SCENE,INJURY AND / OR TOW DUE TO CRASH,$500 OR LESS,2025-03-01T12:25:00.000,FAILING TO YIELD RIGHT-OF-WAY,NOT APPLICABLE,5845,W,MADISON ST,1513,2,NONINCAPACITATING INJURY,1,0,0,1,0,1,0,12,7,3,41.88003002,-87.77141456,POINT (-87.771414560076 41.880030020518),35
c3d90e32fa86e104253380fe3be2ffbc372558fa7db76bce84bcaec7fa9a2fff06094c369e761a96275c7eab7cb2ad6f3826d8246f3317bf4245909376ebe218,2025/3/1 12:15,30,TRAFFIC SIGNAL,FUNCTIONING PROPERLY,CLEAR,DAYLIGHT,TURNING,NOT DIVIDED,STRAIGHT AND LEVEL,DRY,NO DEFECTS,NOT ON SCENE (DESK REPORT),NO INJURY / DRIVE AWAY,"OVER $1,500",2025-03-04T15:50:00.000,FOLLOWING TOO CLOSELY,UNABLE TO DETERMINE,399,E,JACKSON DR,114,2,NO INDICATION OF INJURY,0,0,0,0,0,3,0,12,7,3,41.87826909,-87.61720934,POINT (-87.61720934423 41.87826909091),30
9e8c9f5886e0b0f9ffada28937379e229776e5d5b372f1a7a15f7f45e6e98b0031ac84d0796c80c7df3733c93e16b61804324e7c5f88f8c940395184955ec8b0,2025/3/1 12:10,30,TRAFFIC SIGNAL,FUNCTIONING PROPERLY,CLEAR,DAYLIGHT,SIDESWIPE SAME DIRECTION,CENTER TURN LANE,STRAIGHT AND LEVEL,DRY,NO DEFECTS,ON SCENE,NO INJURY / DRIVE AWAY,"OVER $1,500",2025-03-01T12:15:00.000,FAILING TO YIELD RIGHT-OF-WAY,NOT APPLICABLE,700,S,COLUMBUS DR,114,2,NO INDICATION OF INJURY,0,0,0,0,0,2,0,12,7,3,41.87314833,-87.62073886,POINT (-87.620738859591 41.873148327225),30
cef40fec6d0a874e6bf316a167bd09e843b8607e3aba3804f48628101f0844777dadcb3745c30701e5173a08f67661ee3d956b3e5687dc36a7543de813c78c14,2025/3/1 12:05,30,TRAFFIC SIGNAL,FUNCTIONING PROPERLY,CLEAR,DAYLIGHT,SIDESWIPE OPPOSITE DIRECTION,NOT DIVIDED,STRAIGHT AND LEVEL,DRY,NO DEFECTS,ON SCENE,NO INJURY / DRIVE AWAY,"OVER $1,500",2025-03-01T12:10:00.000,UNABLE TO DETERMINE,NOT APPLICABLE,4038,W,BELMONT AVE,1731,2,NO INDICATION OF INJURY,0,0,0,0,0,3,0,12,7,3,41.93918261,-87.72876044,POINT (-87.728760435318 41.939182606825),30
dc40614b6abee30222c2a552090c79be6e7b5082bc73505bfa04508425f3e143261ef2f64daf2d0b5d683a60ebfed5fda106d06117ce7ecc794a2c19521c56a3,2025/3/1 11:50,30,NO CONTROLS,NO CONTROLS,CLEAR,DAYLIGHT,REAR TO REAR,PARKING LOT,STRAIGHT AND LEVEL,DRY,NO DEFECTS,NOT ON SCENE (DESK REPORT),NO INJURY / DRIVE AWAY,$500 OR LESS,2025-03-01T12:00:00.000,IMPROPER BACKING,NOT APPLICABLE,6000,N,BROADWAY,2433,2,NO INDICATION OF INJURY,0,0,0,0,0,2,0,11,7,3,41.99095924,-87.66044275,POINT (-87.660442745415 41.990959238233),30
a72ac5352f94f6c9ba6b612d31510c3fb22d8cc79f925000e67992135c28da9c434e3523b0fd9166336d52282013949e7a5c962de2b9a883a8c06677153fc478,2025/3/1 11:45,30,STOP SIGN/FLASHER,FUNCTIONING PROPERLY,CLEAR,DAYLIGHT,SIDESWIPE SAME DIRECTION,DIVIDED - W/MEDIAN (NOT RAISED),STRAIGHT AND LEVEL,DRY,NO DEFECTS,NOT ON SCENE (DESK REPORT),NO INJURY / DRIVE AWAY,"OVER $1,500",2025-03-01T13:00:00.000,UNABLE TO DETERMINE,NOT APPLICABLE,1334,W,WEBSTER AVE,1811,2,NO INDICATION OF INJURY,0,0,0,0,0,2,0,11,7,3,41.92173888,-87.6621312,POINT (-87.662131195079 41.921738881985),30
763b93045175ff558d4552104f512b0e602e35e802aadef57a249f14d7bb73bd53281427a7fe6ec861e3c7c65202a5e334832e0c913788af673dac49f5432ae9,2025/3/1 11:30,10,NO CONTROLS,NO CONTROLS,CLEAR,DAYLIGHT,PARKED MOTOR VEHICLE,PARKING LOT,STRAIGHT AND LEVEL,DRY,NO DEFECTS,NOT ON SCENE (DESK REPORT),NO INJURY / DRIVE AWAY,"OVER $1,500",2025-03-01T12:30:00.000,UNABLE TO DETERMINE,UNABLE TO DETERMINE,6107,S,ARCHER AVE,811,2,NO INDICATION OF INJURY,0,0,0,0,0,1,0,11,7,3,41.79435485,-87.77052715,POINT (-87.770527152113 41.794354853197),10
7f86381f5f4a1c4b7df2877c320545c5af85f3f7871c5e6162da191be4e4d0035fbd7b924fb6863d318e565547d28a7461808442ced0765cc95158c68dc83a13,2025/3/1 11:30,25,NO CONTROLS,NO CONTROLS,CLEAR,DAYLIGHT,TURNING,NOT DIVIDED,STRAIGHT AND LEVEL,DRY,NO DEFECTS,NOT ON SCENE (DESK REPORT),NO INJURY / DRIVE AWAY,"OVER $1,500",2025-03-01T13:56:00.000,IMPROPER TURNING/NO SIGNAL,IMPROPER TURNING/NO SIGNAL,3138,W,CERMAK RD,1022,2,NO INDICATION OF INJURY,0,0,0,0,0,2,0,11,7,3,41.85188848,-87.70428203,POINT (-87.704282026843 41.851888482821),25
40ce269f70b350fa15e8155f49e7e0efc3e7376c269640c3fcdf99b19e34ccf804519a4bd2988d1684cd48fe8374feda75329371fec9062aa199a0779cc3d841,2025/3/1 11:20,30,TRAFFIC SIGNAL,FUNCTIONING PROPERLY,CLEAR,DAYLIGHT,TURNING,FOUR WAY,STRAIGHT AND LEVEL,DRY,NO DEFECTS,ON SCENE,NO INJURY / DRIVE AWAY,"$501 - $1,500",2025-03-01T12:08:00.000,IMPROPER OVERTAKING/PASSING,IMPROPER LANE USAGE,599,S,MICHIGAN AVE,114,2,NO INDICATION OF INJURY,0,0,0,0,0,2,0,11,7,3,41.87450507,-87.62409004,POINT (-87.624090041068 41.874505073365),30
f526d7231d8ea28ebb94aea780cd23ef9dba31bf61659d284b101dd9bab1591fd7109ebd0693d45ed9fb9a87c6b1f02a548b96090028b588c12bd3c68b81694d,2025/3/1 11:15,30,NO CONTROLS,NO CONTROLS,CLEAR,DAYLIGHT,REAR TO FRONT,PARKING LOT,STRAIGHT AND LEVEL,DRY,UNKNOWN,NOT ON SCENE (DESK REPORT),NO INJURY / DRIVE AWAY,$500 OR LESS,2025-03-02T11:50:00.000,FOLLOWING TOO CLOSELY,UNABLE TO DETERMINE,8712,S,STONY ISLAND AVE,412,2,NO INDICATION OF INJURY,0,0,0,0,0,2,0,11,7,3,41.73648161,-87.58578401,POINT (-87.585784013468 41.736481612063),30
3587afce3c9297d39999eea7ace8ce0bf702d11469b22d0955071c36a99cb7ee34ca0aecd1747f757e156c5e1b9a725dffae718353f9bba79bc97ce3c489b5c7,2025/3/1 11:00,30,TRAFFIC SIGNAL,UNKNOWN,CLEAR,DAYLIGHT,TURNING,NOT DIVIDED,STRAIGHT AND LEVEL,UNKNOWN,UNKNOWN,NOT ON SCENE (DESK REPORT),NO INJURY / DRIVE AWAY,"OVER $1,500",2025-03-01T12:05:00.000,UNABLE TO DETERMINE,UNABLE TO DETERMINE,5509,N,HARLEM AVE,1613,2,NO INDICATION OF INJURY,0,0,0,0,0,6,0,11,7,3,41.98139132,-87.80679539,POINT (-87.806795390421 41.981391320426),30
3f4bef1fdd0c973451d182039550616b9118c159e7420a6dbe9da7688941d476664b5934c0763c920cb0133f223a96d3f40c0bd3bc2b4f65cceac9de1de54808,2025/3/1 11:00,30,NO CONTROLS,NO CONTROLS,CLEAR,DAYLIGHT,PARKED MOTOR VEHICLE,ONE-WAY,STRAIGHT AND LEVEL,DRY,NO DEFECTS,ON SCENE,INJURY AND / OR TOW DUE TO CRASH,"OVER $1,500",2025-03-01T11:11:00.000,FAILING TO REDUCE SPEED TO AVOID CRASH,UNABLE TO DETERMINE,10230,S,EBERHART AVE,511,4,NO INDICATION OF INJURY,0,0,0,0,0,1,0,11,7,3,41.70823225,-87.61149996,POINT (-87.611499964899 41.708232245159),30
60d6ffa67ebaa52c0f6678cbc0b98580543586d85866230954e720529c450792a955ad48e4295d395d26abac8265d82878890c8b8f26bf9b28c8cf92e12066b4,2025/3/1 11:00,30,NO CONTROLS,NO CONTROLS,CLEAR,DAYLIGHT,PARKED MOTOR VEHICLE,ONE-WAY,STRAIGHT AND LEVEL,DRY,UNKNOWN,NOT ON SCENE (DESK REPORT),NO INJURY / DRIVE AWAY,"OVER $1,500",2025-03-01T11:40:00.000,UNABLE TO DETERMINE,UNABLE TO DETERMINE,6924,S,TALMAN AVE,831,2,NO INDICATION OF INJURY,0,0,0,0,0,1,0,11,7,3,41.7674653,-87.68957811,POINT (-87.689578114722 41.767465301111),30
e4c167e24bb3535c965b1e5818377608e342a663dacf3de33af1284f676e1c7dcb12eafd449a7f3ab00b1783931d5e62f53537db060970335bd4bd14ea8ca610,2025/3/1 11:00,30,NO CONTROLS,NO CONTROLS,CLEAR,DAYLIGHT,SIDESWIPE SAME DIRECTION,OTHER,STRAIGHT AND LEVEL,DRY,NO DEFECTS,NOT ON SCENE (DESK REPORT),NO INJURY / DRIVE AWAY,"OVER $1,500",2025-03-01T13:15:00.000,UNABLE TO DETERMINE,UNABLE TO DETERMINE,4700,S,LAKE SHORE DR NB,222,2,NO INDICATION OF INJURY,0,0,0,0,0,2,0,11,7,3,41.8105925,-87.58937111,POINT (-87.589371111902 41.810592498867),30
bac717f488193ed908b5e2750ae664da5a10e5d4f16529db41aa2f265253f91908bc7c76864267946dd94f591b973960135d3db643dcc461adc9802d78d6e5e8,2025/3/1 10:56,30,STOP SIGN/FLASHER,FUNCTIONING PROPERLY,CLEAR,DAYLIGHT,TURNING,FOUR WAY,STRAIGHT AND LEVEL,DRY,NO DEFECTS,ON SCENE,NO INJURY / DRIVE AWAY,"$501 - $1,500",2025-03-01T10:59:00.000,FAILING TO YIELD RIGHT-OF-WAY,NOT APPLICABLE,10300,S,CORLISS AVE,512,2,NO INDICATION OF INJURY,0,0,0,0,0,6,0,10,7,3,41.70743645,-87.60416001,POINT (-87.604160009748 41.707436449917),30
cbb4e44287280207406f53b7d8aa741dcf01ec07800008c5f4185215a3dc5ad11999b0d6de1fc0ab79460f7f8e605c76a7748958f3c226910f5f2fe87a58abb9,2025/3/1 10:50,30,TRAFFIC SIGNAL,FUNCTIONING PROPERLY,CLEAR,DAYLIGHT,SIDESWIPE SAME DIRECTION,NOT DIVIDED,STRAIGHT AND LEVEL,DRY,NO DEFECTS,ON SCENE,NO INJURY / DRIVE AWAY,"OVER $1,500",2025-03-01T10:54:00.000,IMPROPER LANE USAGE,FAILING TO REDUCE SPEED TO AVOID CRASH,844,N,SACRAMENTO BLVD,1211,3,NO INDICATION OF INJURY,0,0,0,0,0,3,0,10,7,3,41.8969942,-87.70239146,POINT (-87.702391464677 41.896994201627),30
fb1520e939d476474dee50d76f2c8367fd760dcec3584489857762382e7310c003bf9eb992c81d61af156680bf435ab363d7594723e5a210b475ddc23a9546d5,2025/3/1 10:50,30,UNKNOWN,UNKNOWN,CLEAR,DAYLIGHT,SIDESWIPE SAME DIRECTION,DIVIDED - W/MEDIAN BARRIER,STRAIGHT AND LEVEL,DRY,UNKNOWN,NOT ON SCENE (DESK REPORT),INJURY AND / OR TOW DUE TO CRASH,"OVER $1,500",2025-03-01T12:15:00.000,UNABLE TO DETERMINE,UNABLE TO DETERMINE,600,S,MICHIGAN AVE,123,2,"REPORTED, NOT EVIDENT",1,0,0,0,1,2,0,10,7,3,41.87437162,-87.62437953,POINT (-87.624379527782 41.874371615359),30
a106b8050ebd73cca5794f5b9bfbd7a2b2e82e8a6422a71b9110576b76c98a8c09acddd04519caf7aa8d53366c814d0c94e9525e727fcdcb1d0b6901428c908f,2025/3/1 10:45,30,NO CONTROLS,NO CONTROLS,CLEAR,DAYLIGHT,TURNING,NOT DIVIDED,STRAIGHT AND LEVEL,DRY,NO DEFECTS,NOT ON SCENE (DESK REPORT),INJURY AND / OR TOW DUE TO CRASH,"OVER $1,500",2025-03-01T11:10:00.000,DRIVING SKILLS/KNOWLEDGE/EXPERIENCE,DRIVING SKILLS/KNOWLEDGE/EXPERIENCE,2900,E,91ST ST,423,2,NO INDICATION OF INJURY,0,0,0,0,0,2,0,10,7,3,41.73015237,-87.55395401,POINT (-87.553954009597 41.730152370066),30
37074529390c5a0c509af99cf183eeeddfc0243366946e376d43684ee47c82ee848ee07fc17e28f5e6feaab381550fab406eeb75f6b976ed2d735d837f33db4c,2025/3/1 10:30,30,NO CONTROLS,NO CONTROLS,UNKNOWN,DAYLIGHT,REAR TO FRONT,DIVIDED - W/MEDIAN (NOT RAISED),STRAIGHT AND LEVEL,UNKNOWN,UNKNOWN,NOT ON SCENE (DESK REPORT),NO INJURY / DRIVE AWAY,"$501 - $1,500",2025-03-01T10:30:00.000,UNABLE TO DETERMINE,UNABLE TO DETERMINE,2609,S,KEDZIE AVE,1033,2,NO INDICATION OF INJURY,0,0,0,0,0,2,0,10,7,3,41.84420224,-87.70488699,POINT (-87.704886994392 41.844202240983),30
f0ae894fb8642f9809ff8352aad4b06851a39c291da9915aeb019cfe15eacdf2b2aa12af3b0ac3a5ce7ddb5f85840ea6b3d7c11341622dd9158f4979cfd0fd97,2025/3/1 10:30,30,NO CONTROLS,NO CONTROLS,CLEAR,DAYLIGHT,SIDESWIPE SAME DIRECTION,DIVIDED - W/MEDIAN (NOT RAISED),STRAIGHT AND LEVEL,DRY,NO DEFECTS,NOT ON SCENE (DESK REPORT),NO INJURY / DRIVE AWAY,"OVER $1,500",2025-03-01T11:00:00.000,IMPROPER OVERTAKING/PASSING,NOT APPLICABLE,2750,W,TOUHY AVE,2411,2,NO INDICATION OF INJURY,0,0,0,0,0,2,0,10,7,3,42.01218799,-87.69937653,POINT (-87.699376528982 42.012187991898),30
ad7b0b013d9deeead8a13f3272a0da98716227704124179d38ca5b4442e20b21c13d20b37a04f65875ebf89b61df61e7a1fab93fd5f01d0cc722155446159193,2025/3/1 10:28,15,NO CONTROLS,NO CONTROLS,CLEAR,DAYLIGHT,PARKED MOTOR VEHICLE,PARKING LOT,STRAIGHT AND LEVEL,DRY,UNKNOWN,ON SCENE,INJURY AND / OR TOW DUE TO CRASH,"OVER $1,500",2025-03-01T10:29:00.000,UNABLE TO DETERMINE,UNABLE TO DETERMINE,6419,S,KEDZIE AVE,823,6,NO INDICATION OF INJURY,0,0,0,0,0,1,0,10,7,3,41.77657201,-87.70293599,POINT (-87.702935989522 41.776572008232),15
6801cd443efd7a82d603a38620a23b5566f91eddbbef768f702fe379c7d89f60d12ed176676ac48428d0dcbc9d89c8fdaeba414286b8c9860bf3b62d560b6dfc,2025/3/1 10:24,30,TRAFFIC SIGNAL,FUNCTIONING PROPERLY,CLEAR,DAYLIGHT,TURNING,FOUR WAY,STRAIGHT AND LEVEL,DRY,NO DEFECTS,ON SCENE,NO INJURY / DRIVE AWAY,"OVER $1,500",2025-03-01T10:57:00.000,UNABLE TO DETERMINE,NOT APPLICABLE,1959,N,DAMEN AVE,1434,2,NO INDICATION OF INJURY,0,0,0,0,0,3,0,10,7,3,41.91765966,-87.67747099,POINT (-87.677470991421 41.917659662073),30
a308da45d205c1fd6ea4ff7c04312ca791c2c3bbe1c963cd333a7bac9fc320a65e9fe332237136e319495b2084af9df52767105e36f4cd61469f1d17ab9310cd,2025/3/1 10:20,30,TRAFFIC SIGNAL,FUNCTIONING IMPROPERLY,CLEAR,DAYLIGHT,SIDESWIPE SAME DIRECTION,FOUR WAY,STRAIGHT AND LEVEL,DRY,NO DEFECTS,NOT ON SCENE (DESK REPORT),NO INJURY / DRIVE AWAY,"OVER $1,500",2025-03-02T17:15:00.000,IMPROPER LANE USAGE,NOT APPLICABLE,7410,N,CLARK ST,2424,2,NO INDICATION OF INJURY,0,0,0,0,0,2,0,10,7,3,42.01632849,-87.67539827,POINT (-87.675398268846 42.016328491503),30
c1063c50b58c3764402540a86ad842e3fa8134b65c050ebf809514f4d20d22cfbea97b333eb98cc73882f6125b3c302b12c249b68d83b08e1ad30ab3695b6264,2025/3/1 10:20,30,TRAFFIC SIGNAL,FUNCTIONING PROPERLY,UNKNOWN,DAYLIGHT,REAR END,NOT DIVIDED,STRAIGHT AND LEVEL,UNKNOWN,UNKNOWN,NOT ON SCENE (DESK REPORT),NO INJURY / DRIVE AWAY,"$501 - $1,500",2025-03-02T13:30:00.000,FOLLOWING TOO CLOSELY,NOT APPLICABLE,3330,N,KIMBALL AVE,1732,2,NO INDICATION OF INJURY,0,0,0,0,0,2,0,10,7,3,41.94207352,-87.71273582,POINT (-87.712735823952 41.942073516765),30
86ef573b76531af6d97f407e87d8a2cae13a94386879a44aaeb9524f314bd78d769fdfa67cdffe065cb288d319f690ec363141a01650d86b2dd7010325030c76,2025/3/1 10:17,35,STOP SIGN/FLASHER,FUNCTIONING PROPERLY,CLEAR,DAYLIGHT,ANGLE,NOT DIVIDED,STRAIGHT AND LEVEL,DRY,NO DEFECTS,ON SCENE,INJURY AND / OR TOW DUE TO CRASH,"$501 - $1,500",2025-03-01T10:25:00.000,UNABLE TO DETERMINE,NOT APPLICABLE,29,W,100TH ST,511,2,NO INDICATION OF INJURY,0,0,0,0,0,2,0,10,7,3,41.71250207,-87.62478417,POINT (-87.624784170102 41.712502071314),35
d1a141e476f7db9ed1cba5b3df84df04650ef7aa38211e4a29fc42eba5919f65dc1de653d942be7312762a6eb7dfb88134c41cfc2222d5948adb3adb5dd6d4f4,2025/3/1 10:00,30,NO CONTROLS,NO CONTROLS,CLEAR,DAYLIGHT,TURNING,NOT DIVIDED,STRAIGHT AND LEVEL,DRY,NO DEFECTS,NOT ON SCENE (DESK REPORT),NO INJURY / DRIVE AWAY,"$501 - $1,500",2025-03-01T10:35:00.000,UNABLE TO DETERMINE,NOT APPLICABLE,2100,N,CALIFORNIA AVE,1414,2,NO INDICATION OF INJURY,0,0,0,0,0,2,0,10,7,3,41.91964232,-87.69740954,POINT (-87.697409538776 41.919642322263),30
0e3b567bb42ebcdbb3dfa14d68dff7fdb4dc0abc161f7674a6ecf3ef8ed1dfa1fae914ddd625a7ae9002713233a11cb122819b8a0b609efe71e210a4331a67af,2025/3/1 9:50,30,STOP SIGN/FLASHER,FUNCTIONING PROPERLY,CLEAR,DAYLIGHT,TURNING,T-INTERSECTION,STRAIGHT AND LEVEL,DRY,NO DEFECTS,NOT ON SCENE (DESK REPORT),NO INJURY / DRIVE AWAY,"OVER $1,500",2025-03-01T10:20:00.000,FAILING TO YIELD RIGHT-OF-WAY,FAILING TO REDUCE SPEED TO AVOID CRASH,3028,W,ARMITAGE AVE,1414,2,NO INDICATION OF INJURY,0,0,0,0,0,5,0,9,7,3,41.91753916,-87.70372789,POINT (-87.703727888114 41.917539158677),30
c0ceea49043fbe4758636585d7cc4c0a4eac49abf26b5e57cbde91feee32ccc15c5d54bf73553e98b7a67e1110f6a6d13dab7145b456d4de9acf133901a2f720,2025/3/1 9:46,25,NO CONTROLS,NO CONTROLS,CLEAR,DAYLIGHT,SIDESWIPE SAME DIRECTION,OTHER,STRAIGHT AND LEVEL,DRY,UNKNOWN,NOT ON SCENE (DESK REPORT),NO INJURY / DRIVE AWAY,"OVER $1,500",2025-03-01T11:20:00.000,IMPROPER OVERTAKING/PASSING,UNABLE TO DETERMINE,6401,S,YALE AVE,722,2,NO INDICATION OF INJURY,0,0,0,0,0,5,0,9,7,3,41.77806052,-87.63164179,POINT (-87.631641789302 41.778060523814),25
5c70c8daa42ce0208ee01db1b0e25c999dea8a661f6a10bc7c6fc6f8148ab2d294bfe77991a4d6cee52bfdb0bd881c61b17bf33e27cf15fa609bf5b0ca3b5966,2025/3/1 9:45,30,TRAFFIC SIGNAL,FUNCTIONING PROPERLY,CLEAR,DAYLIGHT,REAR END,NOT DIVIDED,STRAIGHT AND LEVEL,DRY,NO DEFECTS,ON SCENE,NO INJURY / DRIVE AWAY,"$501 - $1,500",2025-03-01T09:49:00.000,UNABLE TO DETERMINE,NOT APPLICABLE,3006,N,PULASKI RD,2523,2,NO INDICATION OF INJURY,0,0,0,0,0,2,0,9,7,3,41.93564064,-87.72723238,POINT (-87.727232381872 41.935640639786),30
92e4c22e441e8cfeed85e86efc35d27821b94b925f5ade1840d0dd7e2e86738dca70fc95f2d08417a911995109afa70163188fe0de47316c7b425379cb27f7fe,2025/3/1 9:40,30,NO CONTROLS,NO CONTROLS,CLEAR,DAYLIGHT,PARKED MOTOR VEHICLE,DIVIDED - W/MEDIAN BARRIER,STRAIGHT AND LEVEL,DRY,NO DEFECTS,NOT ON SCENE (DESK REPORT),NO INJURY / DRIVE AWAY,"OVER $1,500",2025-03-01T10:45:00.000,EQUIPMENT - VEHICLE CONDITION,UNABLE TO DETERMINE,3041,N,KEDZIE AVE,1411,2,NO INDICATION OF INJURY,0,0,0,0,0,1,0,9,7,3,41.93691847,-87.70741388,POINT (-87.707413876536 41.936918470662),30
98db35ede41117ed94d895262efe0f6dd08311ca49631ff909b65775014da64b9166af729218c38dedc7ed1e21d6c445cae79401e888c53aebfe90a3b0d5e04e,2025/3/1 9:36,30,STOP SIGN/FLASHER,FUNCTIONING PROPERLY,CLEAR,"DARKNESS, LIGHTED ROAD",TURNING,FOUR WAY,STRAIGHT AND LEVEL,DRY,NO DEFECTS,ON SCENE,INJURY AND / OR TOW DUE TO CRASH,"OVER $1,500",2025-03-01T21:40:00.000,FAILING TO YIELD RIGHT-OF-WAY,UNABLE TO DETERMINE,4258,W,DIVISION ST,2534,2,NONINCAPACITATING INJURY,3,0,0,3,0,3,0,9,7,3,41.90266507,-87.73356316,POINT (-87.733563164343 41.902665069955),30
b721666abb448cd2ccd5aa567e866a5e88e7ca97f98db477d75fbfde26b93c00b088a88ee3d7002c8d6a08b30446b02f35232832c55171739cf2a324d8b13c99,2025/3/1 9:35,30,NO CONTROLS,NO CONTROLS,CLEAR,DAYLIGHT,TURNING,DIVIDED - W/MEDIAN (NOT RAISED),STRAIGHT AND LEVEL,DRY,NO DEFECTS,ON SCENE,INJURY AND / OR TOW DUE TO CRASH,"OVER $1,500",2025-03-01T09:40:00.000,UNABLE TO DETERMINE,UNABLE TO DETERMINE,3226,W,COLUMBUS AVE,835,2,NO INDICATION OF INJURY,0,0,0,0,0,3,0,9,7,3,41.75003292,-87.70337508,POINT (-87.703375078734 41.750032915256),30
e686d7e9a71df49520588a003ccc49daba5264bb6712b635f3b93abbb39110e6adcb13b4907e9d89debe25426a3cfd8b0505483030a051c1979634b1b9f883fd,2025/3/1 9:30,10,NO CONTROLS,NO CONTROLS,CLEAR,DAYLIGHT,ANGLE,PARKING LOT,STRAIGHT AND LEVEL,DRY,NO DEFECTS,ON SCENE,INJURY AND / OR TOW DUE TO CRASH,$500 OR LESS,2025-03-01T12:41:00.000,DRIVING SKILLS/KNOWLEDGE/EXPERIENCE,UNABLE TO DETERMINE,3153,W,CHICAGO AVE,1221,2,"REPORTED, NOT EVIDENT",1,0,0,0,1,1,0,9,7,3,41.89544656,-87.70623754,POINT (-87.706237540709 41.895446556157),10
891a3b65e590c31ed0fd26e2db6cd788d3f36dc7fa0830f5e7d5ae4b260d05767a8e4ec96b3013634fd7ec1b6347613e27974d74b520a57e4dd410ad0e878ce5,2025/3/1 9:15,0,TRAFFIC SIGNAL,FUNCTIONING PROPERLY,CLEAR,DAYLIGHT,PARKED MOTOR VEHICLE,NOT DIVIDED,STRAIGHT AND LEVEL,DRY,NO DEFECTS,NOT ON SCENE (DESK REPORT),NO INJURY / DRIVE AWAY,"OVER $1,500",2025-03-01T10:08:00.000,UNABLE TO DETERMINE,NOT APPLICABLE,1948,E,79TH ST,414,2,NO INDICATION OF INJURY,0,0,0,0,0,1,0,9,7,3,41.75171043,-87.57646863,POINT (-87.576468628965 41.751710432688),0
af0f6a7b7b7ae2b36c608b3f9d54c58c97639c4a35ece2fa15d645193552eb4203ffef1e7db1f48b1f61b0386fa7cd2f6b1051a087d388f9f3ea67d6b6310f0b,2025/3/1 9:10,30,NO CONTROLS,NO CONTROLS,UNKNOWN,UNKNOWN,PARKED MOTOR VEHICLE,ONE-WAY,STRAIGHT AND LEVEL,UNKNOWN,NO DEFECTS,NOT ON SCENE (DESK REPORT),NO INJURY / DRIVE AWAY,"$501 - $1,500",2025-03-02T08:00:00.000,IMPROPER LANE USAGE,UNABLE TO DETERMINE,2372,E,70TH PL,331,2,NO INDICATION OF INJURY,0,0,0,0,0,1,0,9,7,3,41.76726475,-87.56688342,POINT (-87.566883422498 41.767264751894),30
e9f0cf16ca0cb9a195cc0085ab9d1da8a4c0b433026656c9f1256a0a168b23aa087d7b7495c756f136d07b7eb40d41f63542f31de255e933cfc5f3d23703399a,2025/3/1 9:06,25,NO CONTROLS,NO CONTROLS,CLEAR,DAYLIGHT,SIDESWIPE SAME DIRECTION,ONE-WAY,STRAIGHT AND LEVEL,DRY,NO DEFECTS,ON SCENE,NO INJURY / DRIVE AWAY,"OVER $1,500",2025-03-01T09:16:00.000,DRIVING SKILLS/KNOWLEDGE/EXPERIENCE,NOT APPLICABLE,2348,S,WASHTENAW AVE,1034,2,NO INDICATION OF INJURY,0,0,0,0,0,3,0,9,7,3,41.84865399,-87.69305039,POINT (-87.693050389824 41.848653992837),25
59f40efc3e44d2b31e88bf9911c5249182de105a929a1d0b6e1a6a22cd864e9372b1ba8dfe0f2fd6351e841d15427fe46778a2b5507b5c50e1cf93e3cd00c799,2025/3/1 9:02,30,TRAFFIC SIGNAL,FUNCTIONING PROPERLY,CLEAR,DAYLIGHT,REAR END,DIVIDED - W/MEDIAN (NOT RAISED),STRAIGHT AND LEVEL,DRY,NO DEFECTS,NOT ON SCENE (DESK REPORT),NO INJURY / DRIVE AWAY,"OVER $1,500",2025-03-01T16:10:00.000,UNABLE TO DETERMINE,UNABLE TO DETERMINE,1000,E,47TH ST,222,5,NO INDICATION OF INJURY,0,0,0,0,0,6,0,9,7,3,41.80969898,-87.60158086,POINT (-87.601580864828 41.809698981262),30
f97de6f98e6bf9f96a9f8aae94bd07914e9309511dfc4c01a423e556e640a9ec9bc41e4a4c4051cfd7284893e11da24437c3e872ffdabac47f4f91326e8c3f53,2025/3/1 9:00,30,STOP SIGN/FLASHER,FUNCTIONING PROPERLY,CLEAR,DAYLIGHT,ANGLE,NOT DIVIDED,STRAIGHT AND LEVEL,DRY,NO DEFECTS,NOT ON SCENE (DESK REPORT),NO INJURY / DRIVE AWAY,"OVER $1,500",2025-03-01T17:40:00.000,FAILING TO YIELD RIGHT-OF-WAY,UNABLE TO DETERMINE,4000,N,CUMBERLAND AVE,1614,2,NO INDICATION OF INJURY,0,0,0,0,0,2,0,9,7,3,41.95214259,-87.83681427,POINT (-87.836814266937 41.952142587107),30