crash_record_id,crash_date,posted_speed_limit,traffic_control_device,device_condition,weather_condition,lighting_condition,first_crash_type,trafficway_type,alignment,roadway_surface_cond,road_defect,report_type,crash_type,damage,date_police_notified,prim_contributory_cause,sec_contributory_cause,street_no,street_direction,street_name,beat_of_occurrence,num_units,most_severe_injury,injuries_total,injuries_fatal,injuries_incapacitating,injuries_non_incapacitating,injuries_reported_not_evident,injuries_no_indication,injuries_unknown,crash_hour,crash_day_of_week,crash_month,latitude,longitude,location,speed_limit
0e97e6215b4358c865437f0971495805cb5cb6a334b1e40e088711e3d15bea285ea14cdb79362d983998eb1118f6d61090062798a361fec23cb4dcec73dab6b6,2025/3/1 8:59,30,NO CONTROLS,NO CONTROLS,CLEAR,DAYLIGHT,PEDALCYCLIST,CENTER TURN LANE,STRAIGHT AND LEVEL,DRY,NO DEFECTS,ON SCENE,INJURY AND / OR TOW DUE TO CRASH,$500 OR LESS,2025-03-01T08:59:00.000,DRIVING SKILLS/KNOWLEDGE/EXPERIENCE,IMPROPER LANE USAGE,5301,S,HARLEM AVE,811,2,NONINCAPACITATING INJURY,1,0,0,1,0,1,0,8,7,3,41.79568805,-87.80145967,POINT (-87.801459670523 41.795688052768),30
71ffe4a54c2549a298c678679640a57920f58aa88b1b7fc420afc9ef78da849bb94f38226add01598b2d00da6cae66c9b97921fd5d9796db67828b5c0127dbd4,2025/3/1 8:50,30,TRAFFIC SIGNAL,FUNCTIONING PROPERLY,CLEAR,DAYLIGHT,TURNING,FOUR WAY,STRAIGHT AND LEVEL,DRY,NO DEFECTS,ON SCENE,INJURY AND / OR TOW DUE TO CRASH,"$501 - $1,500",2025-03-01T08:53:00.000,IMPROPER TURNING/NO SIGNAL,IMPROPER TURNING/NO SIGNAL,137,W,ONTARIO ST,1832,2,"REPORTED, NOT EVIDENT",1,0,0,0,1,1,0,8,7,3,41.89309952,-87.632561,POINT (-87.632560998052 41.893099523288),30
f73a99f45e15a0cf3af3f53b64aa45a5bdde3e42b3c59f12d83d84ff41bf7f99e8154df9e7224970c3437381cf84662d90d674945c15f4e5085641b49e505914,2025/3/1 8:50,30,NO CONTROLS,NO CONTROLS,CLEAR,DAYLIGHT,REAR END,NOT DIVIDED,STRAIGHT AND LEVEL,DRY,NO DEFECTS,ON SCENE,NO INJURY / DRIVE AWAY,"OVER $1,500",2025-03-01T09:00:00.000,UNABLE TO DETERMINE,UNABLE TO DETERMINE,4890,S,ARCHER AVE,821,2,NO INDICATION OF INJURY,0,0,0,0,0,2,0,8,7,3,41.80451663,-87.72007694,POINT (-87.720076939865 41.804516625593),30
7f434e7099d0113e06fd93d08a3ffb718dc21aebd9b0b17cca456f37ec1e72dcc67f17cae3d33a77eee33c37b99efec53eeb43e658859588e7a1bf91c5f9c9ce,2025/3/1 8:45,20,NO CONTROLS,NO CONTROLS,CLEAR,DAYLIGHT,SIDESWIPE SAME DIRECTION,ONE-WAY,STRAIGHT AND LEVEL,DRY,NO DEFECTS,NOT ON SCENE (DESK REPORT),NO INJURY / DRIVE AWAY,"OVER $1,500",2025-03-03T09:50:00.000,UNABLE TO DETERMINE,UNABLE TO DETERMINE,1149,N,KARLOV AVE,1111,2,NO INDICATION OF INJURY,0,0,0,0,0,2,0,8,7,3,41.90230921,-87.72860553,POINT (-87.728605529398 41.90230921105),20
2716e6d16f2f089d27d7641e52c36f2032826b6d9da1054851b477660c4cca2a3c6195eee0d8e75d19efdc1c320ad25e0b38658a22d14633780fbfd147ebb840,2025/3/1 8:30,35,TRAFFIC SIGNAL,FUNCTIONING PROPERLY,CLEAR,DAYLIGHT,REAR END,NOT DIVIDED,STRAIGHT AND LEVEL,DRY,NO DEFECTS,ON SCENE,NO INJURY / DRIVE AWAY,"OVER $1,500",2025-03-01T10:00:00.000,UNABLE TO DETERMINE,UNABLE TO DETERMINE,1200,N,ELSTON AVE,1433,2,NO INDICATION OF INJURY,0,0,0,0,0,2,0,8,7,3,41.9034698,-87.6585224,POINT (-87.658522400154 41.903469797829),35
68d7fc8356eb8e6b7a4d37adc43b7c175cb88c209988c86700b148a1cc893d4563937eff35c32278ee5a691747f188b3c68ac38fdd2641ad1b706d566474e4c9,2025/3/1 8:30,30,TRAFFIC SIGNAL,FUNCTIONING PROPERLY,CLEAR,DAYLIGHT,TURNING,FOUR WAY,STRAIGHT AND LEVEL,DRY,NO DEFECTS,NOT ON SCENE (DESK REPORT),NO INJURY / DRIVE AWAY,"OVER $1,500",2025-03-01T11:30:00.000,UNABLE TO DETERMINE,UNABLE TO DETERMINE,5037,W,LAWRENCE AVE,1623,2,NO INDICATION OF INJURY,0,0,0,0,0,2,0,8,7,3,41.9678379,-87.75412735,POINT (-87.75412735364 41.967837901096),30
08d040af8fc5e322514fa78e9fd0944255bfc0f5a5fd5385f8ffca3cf99648270dee681a2360a1a02a5e9805f0f36f309a0f194e8a6a8343db1a273b29dcb2a1,2025/3/1 8:23,30,TRAFFIC SIGNAL,FUNCTIONING PROPERLY,CLEAR,DAYLIGHT,TURNING,FOUR WAY,STRAIGHT AND LEVEL,DRY,NO DEFECTS,ON SCENE,INJURY AND / OR TOW DUE TO CRASH,"OVER $1,500",2025-03-01T08:27:00.000,DISREGARDING TRAFFIC SIGNALS,FAILING TO YIELD RIGHT-OF-WAY,7300,S,STONY ISLAND AVE,324,2,NO INDICATION OF INJURY,0,0,0,0,0,2,0,8,7,3,41.76236192,-87.58637723,POINT (-87.586377234748 41.762361918371),30
2a772026855d5ec9f643e154eb4b3ed9f7dc5f5123039a2bf30e4f638b2d367239433c390dcd174c1cb3288a19ddfdaacb7029ff36a9afc90b056dab12accee1,2025/3/1 8:20,20,NO CONTROLS,NO CONTROLS,CLEAR,DAYLIGHT,PARKED MOTOR VEHICLE,DIVIDED - W/MEDIAN (NOT RAISED),STRAIGHT AND LEVEL,DRY,NO DEFECTS,NOT ON SCENE (DESK REPORT),NO INJURY / DRIVE AWAY,"OVER $1,500",2025-03-01T09:05:00.000,NOT APPLICABLE,NOT APPLICABLE,336,N,CENTRAL AVE,1512,2,NO INDICATION OF INJURY,0,0,0,0,0,1,0,8,7,3,41.88684826,-87.76524445,POINT (-87.76524444586 41.886848256497),20
192673498ca3c53090cd495d2b77d4b79ed9e7b222c09a09ef093672d8a046759c817ad4f137b88363146a6d4b50bf737ebf14797229008320b5f82b0c7d6abd,2025/3/1 8:15,15,NO CONTROLS,NO CONTROLS,CLEAR,DAYLIGHT,FIXED OBJECT,PARKING LOT,STRAIGHT AND LEVEL,DRY,NO DEFECTS,ON SCENE,INJURY AND / OR TOW DUE TO CRASH,"OVER $1,500",2025-03-01T08:20:00.000,UNABLE TO DETERMINE,NOT APPLICABLE,5550,S,SHORE DR,235,1,NO INDICATION OF INJURY,0,0,0,0,0,1,0,8,7,3,41.79379657,-87.5805629,POINT (-87.580562901478 41.793796565051),15
1c00654f3f4a527b4bec26bd0f49a07d8cc516ccb09372b58824d56d5ff8f292af7643d932482d128a5c43a30ee31d2d8d6732c5f8284c319038b9c957b2f817,2025/3/1 8:15,30,TRAFFIC SIGNAL,FUNCTIONING PROPERLY,CLEAR,DAYLIGHT,REAR END,DIVIDED - W/MEDIAN (NOT RAISED),STRAIGHT AND LEVEL,DRY,NO DEFECTS,NOT ON SCENE (DESK REPORT),NO INJURY / DRIVE AWAY,"$501 - $1,500",2025-03-01T09:30:00.000,UNABLE TO DETERMINE,NOT APPLICABLE,7557,N,WESTERN AVE,2411,2,NO INDICATION OF INJURY,0,0,0,0,0,2,0,8,7,3,42.01912149,-87.69003153,POINT (-87.690031526852 42.019121490926),30
ca56e1185072bbaa78c485ea05ffcf277b8996cd2a6b6cd20c20f515a16b6e06d192f01d0ddb3ea75a3b226b435552f526edcd4957af0d3e2568da2fdc346e48,2025/3/1 8:05,30,NO CONTROLS,NO CONTROLS,CLEAR,DAYLIGHT,TURNING,NOT DIVIDED,STRAIGHT AND LEVEL,DRY,NO DEFECTS,NOT ON SCENE (DESK REPORT),NO INJURY / DRIVE AWAY,"OVER $1,500",2025-03-01T08:19:00.000,IMPROPER TURNING/NO SIGNAL,NOT APPLICABLE,4874,N,MILWAUKEE AVE,1623,2,NO INDICATION OF INJURY,0,0,0,0,0,2,0,8,7,3,41.96966351,-87.76247921,POINT (-87.762479209203 41.969663512433),30
32b798f8a8595fa773c21e6e94ce29d0c66dba02ef80b606982f2d6cb3172e205b196bc829637fe04e076a5ed54eac23bae7af525d3cf82c7a28af504ede022b,2025/3/1 8:00,30,NO CONTROLS,NO CONTROLS,UNKNOWN,UNKNOWN,PARKED MOTOR VEHICLE,ONE-WAY,STRAIGHT AND LEVEL,DRY,NO DEFECTS,NOT ON SCENE (DESK REPORT),NO INJURY / DRIVE AWAY,"$501 - $1,500",2025-03-01T13:07:00.000,UNABLE TO DETERMINE,UNABLE TO DETERMINE,2407,W,EASTWOOD AVE,1911,2,NO INDICATION OF INJURY,0,0,0,0,0,1,0,8,7,3,41.96562405,-87.68916548,POINT (-87.689165477173 41.965624047232),30
d36366681dbaec3622df40db10647b0b7d9458ae1bf8136d4e60b7e1e1435b6b032d2b50ba96d45651f4d6dc6e359b7300df0b1ac410cedfbc1d3ab937f12642,2025/3/1 8:00,30,NO CONTROLS,NO CONTROLS,CLEAR,DAYLIGHT,PARKED MOTOR VEHICLE,NOT DIVIDED,STRAIGHT AND LEVEL,DRY,NO DEFECTS,NOT ON SCENE (DESK REPORT),NO INJURY / DRIVE AWAY,"OVER $1,500",2025-03-01T09:16:00.000,UNABLE TO DETERMINE,NOT APPLICABLE,4844,S,ELIZABETH ST,933,2,NO INDICATION OF INJURY,0,0,0,0,0,1,0,8,7,3,41.80555916,-87.65652663,POINT (-87.656526632229 41.805559161772),30
c29da42b62ccc1a815cea6b866459087f5270c9d8f449a331507563154c63774de817bbcb1aa0cd1fb918ec2e7d1e8c926b1c569de558933ac42b749a9b7ac95,2025/3/1 7:56,30,NO CONTROLS,NO CONTROLS,CLEAR,DAYLIGHT,SIDESWIPE SAME DIRECTION,NOT DIVIDED,STRAIGHT AND LEVEL,DRY,NO DEFECTS,NOT ON SCENE (DESK REPORT),NO INJURY / DRIVE AWAY,"OVER $1,500",2025-03-01T08:45:00.000,IMPROPER LANE USAGE,NOT APPLICABLE,4556,W,GRAND AVE,2533,2,NO INDICATION OF INJURY,0,0,0,0,0,2,0,7,7,3,41.91189209,-87.74057119,POINT (-87.740571192282 41.911892091002),30
83df860bc28da97b02054fdc8bd9655676831c18774ab1759ed93226df5014acfcf2e6253189bb9e0652f811c7823f0852fdc1b927f584e53f5ddb27ddd48cb8,2025/3/1 7:30,15,NO CONTROLS,NO CONTROLS,CLEAR,DAYLIGHT,PARKED MOTOR VEHICLE,PARKING LOT,STRAIGHT AND LEVEL,DRY,NO DEFECTS,ON SCENE,NO INJURY / DRIVE AWAY,"OVER $1,500",2025-03-01T08:26:00.000,UNABLE TO DETERMINE,UNABLE TO DETERMINE,7440,N,HERMITAGE AVE,2422,2,NO INDICATION OF INJURY,0,0,0,0,0,1,0,7,7,3,42.01707383,-87.67391323,POINT (-87.673913233941 42.017073833894),15
7251c05220794b133b7cc4e330e9f380719d7f850e6546d1e9ab2f128b27fabd50366bbfd9e6840187870eac3c92c0ac5357e97d8fed92d77e07b06b2a0a9f40,2025/3/1 7:00,30,NO CONTROLS,NO CONTROLS,CLEAR,UNKNOWN,PARKED MOTOR VEHICLE,NOT DIVIDED,STRAIGHT AND LEVEL,DRY,NO DEFECTS,NOT ON SCENE (DESK REPORT),NO INJURY / DRIVE AWAY,"OVER $1,500",2025-03-01T14:44:00.000,NOT APPLICABLE,NOT APPLICABLE,6952,S,ROCKWELL ST,831,2,NO INDICATION OF INJURY,0,0,0,0,0,1,0,7,7,3,41.76665242,-87.6883359,POINT (-87.688335898806 41.766652422166),30
c9696703f8a6080862b7c0079fcac8b029e7bd8a399df3a6d454bb7452b7389d80101975dddd3905986c559f85a2fcc8cf19fad80493fa99aae581ec46a6e191,2025/3/1 6:35,30,STOP SIGN/FLASHER,FUNCTIONING PROPERLY,CLEAR,DAWN,REAR TO FRONT,NOT DIVIDED,STRAIGHT AND LEVEL,DRY,UNKNOWN,NOT ON SCENE (DESK REPORT),NO INJURY / DRIVE AWAY,$500 OR LESS,2025-03-01T08:00:00.000,IMPROPER BACKING,DRIVING SKILLS/KNOWLEDGE/EXPERIENCE,4800,S,WOOD ST,931,2,NO INDICATION OF INJURY,0,0,0,0,0,3,0,6,7,3,41.80664437,-87.66992674,POINT (-87.669926735049 41.806644371717),30
8d30b38a24b28b6348075af40299eb86afd6b29d3dfaa099957aae6655cfbff3afdbc84a77224aa6bd9f7820a1ae8f8cdc7853984dd721712065963eafecc836,2025/3/1 6:30,30,NO CONTROLS,NO CONTROLS,CLEAR,DAYLIGHT,PARKED MOTOR VEHICLE,ONE-WAY,STRAIGHT AND LEVEL,UNKNOWN,UNKNOWN,NOT ON SCENE (DESK REPORT),NO INJURY / DRIVE AWAY,$500 OR LESS,2025-03-01T15:28:00.000,UNABLE TO DETERMINE,NOT APPLICABLE,6244,N,FAIRFIELD AVE,2413,2,NO INDICATION OF INJURY,0,0,0,0,0,1,0,6,7,3,41.99530465,-87.69848835,POINT (-87.698488354896 41.995304649852),30
509e36adb2a9783e7f31a65bd3a77d062cb444bbca9799515b87f30d23371bb56df98e383674ba65421d215167e795d31973d28399f5309aa75081cb680601be,2025/3/1 6:29,30,STOP SIGN/FLASHER,FUNCTIONING PROPERLY,CLEAR,DAYLIGHT,FIXED OBJECT,DIVIDED - W/MEDIAN BARRIER,STRAIGHT AND LEVEL,DRY,NO DEFECTS,ON SCENE,INJURY AND / OR TOW DUE TO CRASH,"OVER $1,500",2025-03-01T07:00:00.000,UNABLE TO DETERMINE,UNABLE TO DETERMINE,10400,S,INDIANAPOLIS AVE,432,1,NO INDICATION OF INJURY,0,0,0,0,0,1,0,6,7,3,41.70626265,-87.52840753,POINT (-87.528407531546 41.706262650068),30
21c3a0c59dc2aca23aadf815a75415c09ffd180d364c3f27de8001ecab82be801ae57c2a11029ed88b69fc4ec5c3dcbea97c76046e8b95aa58fdd1bd2d8a34a5,2025/3/1 6:13,30,STOP SIGN/FLASHER,FUNCTIONING PROPERLY,SNOW,DAYLIGHT,PARKED MOTOR VEHICLE,NOT DIVIDED,STRAIGHT AND LEVEL,DRY,NO DEFECTS,ON SCENE,NO INJURY / DRIVE AWAY,"OVER $1,500",2025-03-01T06:13:00.000,NOT APPLICABLE,NOT APPLICABLE,7324,S,DANTE AVE,324,2,NO INDICATION OF INJURY,0,0,0,0,0,1,0,6,7,3,41.76160919,-87.58980982,POINT (-87.589809815364 41.761609189486),30
4146c13824e4468880097d1d0712bc37e303780a8dfdbae6e7da95ccb923f907e546b39b9701b06116c2d5887b6f1af067c3bb75922ac27d077a6b63cd94159b,2025/3/1 6:10,3,NO CONTROLS,NO CONTROLS,CLEAR,"DARKNESS, LIGHTED ROAD",SIDESWIPE SAME DIRECTION,DIVIDED - W/MEDIAN BARRIER,STRAIGHT AND LEVEL,DRY,NO DEFECTS,ON SCENE,NO INJURY / DRIVE AWAY,"OVER $1,500",2025-03-01T06:18:00.000,UNABLE TO DETERMINE,UNABLE TO DETERMINE,4402,N,ASHLAND AVE,1912,2,NO INDICATION OF INJURY,0,0,0,0,0,3,0,6,7,3,41.96173565,-87.66941162,POINT (-87.669411616291 41.96173565014),3
a8e22cffb150f53f91ed0abcc28ec22aa1acbb74b3b342d82c4f68f52ffa9982c24ec34461897d1fceb41e866caca2c3c9ac879a0f8b69f1b2b31bd22281ead8,2025/3/1 6:05,30,TRAFFIC SIGNAL,NO CONTROLS,BLOWING SNOW,DAYLIGHT,FIXED OBJECT,ONE-WAY,STRAIGHT AND LEVEL,DRY,NO DEFECTS,ON SCENE,INJURY AND / OR TOW DUE TO CRASH,"OVER $1,500",2025-03-01T06:06:00.000,UNABLE TO DETERMINE,UNABLE TO DETERMINE,98,E,61ST ST,311,1,NO INDICATION OF INJURY,0,0,0,0,0,1,0,6,7,3,41.7838773,-87.62226706,POINT (-87.622267057444 41.783877302206),30
036be36bac5cd5dd1371fa0efc25c5657a896b3a0e3d5ee4918db7011a24f6b3e0f0d49285d49e28ac2a348069e76f5b7840c28cab2dca48421950a0649adeae,2025/3/1 6:00,20,NO CONTROLS,NO CONTROLS,CLEAR,DAWN,PARKED MOTOR VEHICLE,NOT DIVIDED,STRAIGHT AND LEVEL,DRY,NO DEFECTS,ON SCENE,NO INJURY / DRIVE AWAY,"OVER $1,500",2025-03-01T13:00:00.000,UNABLE TO DETERMINE,UNABLE TO DETERMINE,3526,W,FULTON BLVD,1123,2,NO INDICATION OF INJURY,0,0,0,0,0,1,0,6,7,3,41.88641319,-87.71468549,POINT (-87.714685485529 41.886413190278),20
6539ea75a2d8e26fb555b6bd53e79cbd27a72d97d937a0e94bbe6866bde7525bb2da663b27b1d67fbd10cd8036b427713ac819a182560bf66eb6b9cf84cf45f2,2025/3/1 5:55,30,NO CONTROLS,NO CONTROLS,CLEAR,UNKNOWN,OTHER OBJECT,ONE-WAY,STRAIGHT AND LEVEL,UNKNOWN,NO DEFECTS,NOT ON SCENE (DESK REPORT),NO INJURY / DRIVE AWAY,"OVER $1,500",2025-03-01T05:55:00.000,NOT APPLICABLE,NOT APPLICABLE,5536,S,LAFLIN ST,713,2,NO INDICATION OF INJURY,0,0,0,0,0,3,0,5,7,3,41.79255132,-87.66225231,POINT (-87.662252311816 41.792551320766),30
6dd005715a5b8f71977e29f321d77a961dcea8e05d5b4a71e0edd571b2e1bf3fb65b297f59ee2fca47f1efb4ec2a3766951072163b07a38bda8ed796aeb29a0b,2025/3/1 5:45,30,TRAFFIC SIGNAL,FUNCTIONING PROPERLY,CLEAR,DAWN,TURNING,FOUR WAY,STRAIGHT AND LEVEL,DRY,SHOULDER DEFECT,ON SCENE,INJURY AND / OR TOW DUE TO CRASH,"OVER $1,500",2025-03-01T06:45:00.000,UNABLE TO DETERMINE,NOT APPLICABLE,4128,S,CICERO AVE,814,2,NO INDICATION OF INJURY,0,0,0,0,0,2,0,5,7,3,41.81742563,-87.74357239,POINT (-87.743572390979 41.817425634679),30
1480767886744f68786a017fc8e84cacbcdcf2763d7e78a61c7bdcc01c37e0edc524b4ef57bc284fa9064ecb79bc47baa5a4ebdc0ac0a0de86df4882f025fa2b,2025/3/1 5:30,15,NO CONTROLS,NO CONTROLS,CLEAR,DAYLIGHT,PARKED MOTOR VEHICLE,ONE-WAY,STRAIGHT AND LEVEL,DRY,NO DEFECTS,ON SCENE,INJURY AND / OR TOW DUE TO CRASH,"OVER $1,500",2025-03-01T08:04:00.000,UNABLE TO DETERMINE,UNABLE TO DETERMINE,2923,W,56TH ST,824,3,NO INDICATION OF INJURY,0,0,0,0,0,1,0,5,7,3,41.79169839,-87.69725174,POINT (-87.697251738712 41.791698386845),15
8d374e8665081edd6ea7a3a42fd1a1d96979f94e90e30187725f5a9a35d9ca7c29197af2ee4e15047614c877c88331c5526cfb85a752c6f6106021307920052a,2025/3/1 5:30,25,NO CONTROLS,NO CONTROLS,CLEAR,UNKNOWN,PARKED MOTOR VEHICLE,ONE-WAY,STRAIGHT AND LEVEL,DRY,NO DEFECTS,ON SCENE,NO INJURY / DRIVE AWAY,"OVER $1,500",2025-03-01T14:26:00.000,UNABLE TO DETERMINE,UNABLE TO DETERMINE,5603,S,LAFLIN ST,713,2,NO INDICATION OF INJURY,0,0,0,0,0,1,0,5,7,3,41.79209819,-87.66194967,POINT (-87.661949673901 41.792098185265),25
d622cb477d17eaff6520dce5bd259afbd061e9349898fd07e546fe23392435c32da0ccac7c6e1b1fa5590b95bc9b755172a999207a2f7ab74f6ca6c457d35d77,2025/3/1 5:20,30,NO CONTROLS,NO CONTROLS,CLEAR,"DARKNESS, LIGHTED ROAD",FIXED OBJECT,PARKING LOT,STRAIGHT AND LEVEL,DRY,NO DEFECTS,ON SCENE,INJURY AND / OR TOW DUE TO CRASH,"OVER $1,500",2025-03-01T05:22:00.000,PHYSICAL CONDITION OF DRIVER,NOT APPLICABLE,11259,S,HALSTED ST,2233,1,NO INDICATION OF INJURY,0,0,0,0,0,1,0,5,7,3,41.68881391,-87.64212255,POINT (-87.642122550951 41.688813907046),30
0389f8089c49724803050d9ec36ceb96837993f48bddf69f9dfc7e189c1c5edce2810db7f7a5545cb8322ee726f4f73daf526e69bf4f993d6795c3f53d19fbd1,2025/3/1 4:30,30,STOP SIGN/FLASHER,FUNCTIONING PROPERLY,CLEAR,"DARKNESS, LIGHTED ROAD",PARKED MOTOR VEHICLE,FOUR WAY,STRAIGHT AND LEVEL,DRY,NO DEFECTS,ON SCENE,INJURY AND / OR TOW DUE TO CRASH,"OVER $1,500",2025-03-01T05:32:00.000,PHYSICAL CONDITION OF DRIVER,NOT APPLICABLE,1931,W,60TH ST,714,2,NO INDICATION OF INJURY,0,0,0,0,0,1,0,4,7,3,41.78471111,-87.67277453,POINT (-87.672774527749 41.784711112018),30
719e6f57f08e84dbaae568e780fcb371f14a106f652e1f161712117f7568b91890186c1f80ab4ddff41c9e1e4cc6453fe2f1c5b219ab9e745d2109e22e7df55e,2025/3/1 4:28,30,TRAFFIC SIGNAL,FUNCTIONING PROPERLY,CLEAR,"DARKNESS, LIGHTED ROAD",SIDESWIPE SAME DIRECTION,T-INTERSECTION,STRAIGHT AND LEVEL,DRY,NO DEFECTS,ON SCENE,NO INJURY / DRIVE AWAY,"OVER $1,500",2025-03-01T04:28:00.000,IMPROPER OVERTAKING/PASSING,IMPROPER OVERTAKING/PASSING,337,W,ONTARIO ST,1831,2,NO INDICATION OF INJURY,0,0,0,0,0,3,0,4,7,3,41.8930372,-87.63700422,POINT (-87.637004223232 41.893037195577),30
114aa71fa3c8f702ebc14688aac23c9dd22146c18a6d5b13a6f4ddb39ffa1bbc5a50fbec35b1620283e5eeeb6e39bcc6c0d705c7187b2fb694e620cfcb49593a,2025/3/1 4:25,30,NO CONTROLS,NO CONTROLS,CLEAR,"DARKNESS, LIGHTED ROAD",FIXED OBJECT,DIVIDED - W/MEDIAN BARRIER,STRAIGHT AND LEVEL,DRY,NO DEFECTS,ON SCENE,INJURY AND / OR TOW DUE TO CRASH,"OVER $1,500",2025-03-01T04:25:00.000,UNABLE TO DETERMINE,UNABLE TO DETERMINE,3930,W,IRVING PARK RD,1723,1,NO INDICATION OF INJURY,0,0,0,0,0,1,0,4,7,3,41.95377632,-87.72633508,POINT (-87.726335081375 41.953776316288),30
44d489401ba6e198437a65baec872f69527f198c1cbfac3db1a326efed452decf381154a478816255b5ee66f167bed4b7af4929adbc747c9207c6dd4f7adf4b2,2025/3/1 4:13,30,NO CONTROLS,NO CONTROLS,CLEAR,"DARKNESS, LIGHTED ROAD",SIDESWIPE SAME DIRECTION,NOT DIVIDED,STRAIGHT AND LEVEL,DRY,NO DEFECTS,ON SCENE,NO INJURY / DRIVE AWAY,"OVER $1,500",2025-03-01T04:17:00.000,UNABLE TO DETERMINE,NOT APPLICABLE,304,S,CENTRAL AVE,1513,2,NO INDICATION OF INJURY,0,0,0,0,0,4,0,4,7,3,41.87635447,-87.76486499,POINT (-87.764864987995 41.876354472166),30
6dc6c39d1c64aaa903e79cb1b99cbf6fb9c94bfa173fd63cd809e3aebce7d1e68db6bcc3e0190b3f36f7dd130928586fa9e5c6dbde8e8a83d27f726a74ff04e1,2025/3/1 4:00,25,NO CONTROLS,NO CONTROLS,CLEAR,DARKNESS,PARKED MOTOR VEHICLE,ONE-WAY,STRAIGHT AND LEVEL,DRY,NO DEFECTS,NOT ON SCENE (DESK REPORT),NO INJURY / DRIVE AWAY,"OVER $1,500",2025-03-01T16:30:00.000,UNABLE TO DETERMINE,UNABLE TO DETERMINE,3434,N,HARDING AVE,1732,2,NO INDICATION OF INJURY,0,0,0,0,0,1,0,4,7,3,41.94379912,-87.72624788,POINT (-87.726247879006 41.943799119663),25
080119a00c3aa58e35ebc27fc1de7f91bb81350a261d2eef3910986811f6df65a185506e0c28deb762b1324229bf0e321abd6041c5eddce1fde38e6c92fdeaef,2025/3/1 3:50,30,TRAFFIC SIGNAL,UNKNOWN,CLEAR,"DARKNESS, LIGHTED ROAD",REAR END,DIVIDED - W/MEDIAN (NOT RAISED),STRAIGHT AND LEVEL,UNKNOWN,UNKNOWN,NOT ON SCENE (DESK REPORT),NO INJURY / DRIVE AWAY,"$501 - $1,500",2025-03-01T04:00:00.000,FOLLOWING TOO CLOSELY,FOLLOWING TOO CLOSELY,3208,N,PULASKI RD,1731,2,NO INDICATION OF INJURY,0,0,0,0,0,2,0,3,7,3,41.93937235,-87.72734067,POINT (-87.72734067212 41.939372351992),30
333fd8406c90df6f4d6276db699df620c61de57aa6bed72a1922d1075161a7ccc50f3b4eb8d0aa2a4d902501bf9f65067570d489a3284c5686279a8f7b351274,2025/3/1 3:45,30,TRAFFIC SIGNAL,FUNCTIONING PROPERLY,CLEAR,"DARKNESS, LIGHTED ROAD",TURNING,NOT DIVIDED,STRAIGHT AND LEVEL,DRY,NO DEFECTS,ON SCENE,INJURY AND / OR TOW DUE TO CRASH,"OVER $1,500",2025-03-01T03:54:00.000,FAILING TO REDUCE SPEED TO AVOID CRASH,NOT APPLICABLE,1407,W,LAKE ST,1224,2,NONINCAPACITATING INJURY,1,0,0,1,0,4,0,3,7,3,41.8852995,-87.66275864,POINT (-87.662758637707 41.88529949893),30
ef1f2529443e9c4788a1ae7164db89559f869a4167ff8c5f2a0d676b2e1899416291eb6aca6844d46f81168c9cf3804024d2b4ed952702ea8ab5298714a71420,2025/3/1 3:39,30,STOP SIGN/FLASHER,UNKNOWN,CLEAR,"DARKNESS, LIGHTED ROAD",PARKED MOTOR VEHICLE,OTHER,STRAIGHT AND LEVEL,DRY,UNKNOWN,ON SCENE,INJURY AND / OR TOW DUE TO CRASH,"$501 - $1,500",2025-03-01T04:06:00.000,UNABLE TO DETERMINE,NOT APPLICABLE,2622,W,74TH PL,835,4,NO INDICATION OF INJURY,0,0,0,0,0,1,0,3,7,3,41.75841431,-87.68903033,POINT (-87.689030334767 41.758414309901),30
86faa5c160388580c97092c6a38ae4b713323ebfade2bc396de1ab4714f7061487319f97e936f13ef7ada8f4ff93b61568ca93b71b8aa2cd036d7f0cd1176041,2025/3/1 3:14,30,NO CONTROLS,FUNCTIONING PROPERLY,CLEAR,"DARKNESS, LIGHTED ROAD",PARKED MOTOR VEHICLE,NOT DIVIDED,STRAIGHT AND LEVEL,DRY,NO DEFECTS,ON SCENE,INJURY AND / OR TOW DUE TO CRASH,"OVER $1,500",2025-03-01T03:26:00.000,FAILING TO REDUCE SPEED TO AVOID CRASH,NOT APPLICABLE,3133,W,FULTON BLVD,1222,2,NO INDICATION OF INJURY,0,0,0,0,0,2,0,3,7,3,41.88632828,-87.70516248,POINT (-87.705162480675 41.886328278389),30
4c486522c758954f95471c7952d54d62d147d520f07b6f0330cd60559afbf8c309195f79ba14bf72accc006c9c5f59dfe5d50ff586e916ba8ba3206a3a1bc7ee,2025/3/1 3:00,30,STOP SIGN/FLASHER,FUNCTIONING PROPERLY,UNKNOWN,"DARKNESS, LIGHTED ROAD",PARKED MOTOR VEHICLE,ROUNDABOUT,STRAIGHT AND LEVEL,DRY,NO DEFECTS,NOT ON SCENE (DESK REPORT),NO INJURY / DRIVE AWAY,"$501 - $1,500",2025-03-02T12:00:00.000,UNABLE TO DETERMINE,UNABLE TO DETERMINE,5832,W,61ST ST,812,2,NO INDICATION OF INJURY,0,0,0,0,0,1,0,3,7,3,41.78171307,-87.76803646,POINT (-87.768036457056 41.781713073138),30