crash_record_id,crash_date,posted_speed_limit,traffic_control_device,device_condition,weather_condition,lighting_condition,first_crash_type,trafficway_type,alignment,roadway_surface_cond,road_defect,report_type,crash_type,damage,date_police_notified,prim_contributory_cause,sec_contributory_cause,street_no,street_direction,street_name,beat_of_occurrence,num_units,most_severe_injury,injuries_total,injuries_fatal,injuries_incapacitating,injuries_non_incapacitating,injuries_reported_not_evident,injuries_no_indication,injuries_unknown,crash_hour,crash_day_of_week,crash_month,latitude,longitude,location,speed_limit
6126c7f070a122db24b41af3f5587c4858479e26275e9012ba4003da726e4d4e4d5cc28970747408081ab1d0ebaa2f56140e25f6d04a89e3e452e73665542ba6,2025/3/1 2:33,30,NO CONTROLS,NO CONTROLS,CLEAR,"DARKNESS, LIGHTED ROAD",FIXED OBJECT,DIVIDED - W/MEDIAN BARRIER,STRAIGHT AND LEVEL,DRY,NO DEFECTS,ON SCENE,NO INJURY / DRIVE AWAY,"OVER $1,500",2025-03-01T02:37:00.000,UNABLE TO DETERMINE,NOT APPLICABLE,5510,W,65TH ST,813,1,NO INDICATION OF INJURY,0,0,0,0,0,1,0,2,7,3,41.77453483,-87.7596534,POINT (-87.759653398292 41.774534832683),30
e42954eca7c8eacec5fc558a2810030ec2a8ef0020bc6b7a8c277e9f8e4f4bceb99559ae033edc84f65f39fd2a8b14fac9c78518ce54df2a4885eb0834a6d449,2025/3/1 2:30,30,TRAFFIC SIGNAL,FUNCTIONING PROPERLY,CLEAR,"DARKNESS, LIGHTED ROAD",REAR END,NOT DIVIDED,STRAIGHT AND LEVEL,DRY,NO DEFECTS,ON SCENE,NO INJURY / DRIVE AWAY,"$501 - $1,500",2025-03-01T02:31:00.000,NOT APPLICABLE,NOT APPLICABLE,6164,N,RAVENSWOOD AVE,2413,2,NO INDICATION OF INJURY,0,0,0,0,0,2,0,2,7,3,41.99384822,-87.67549201,POINT (-87.675492005462 41.993848217382),30
d415acb1a05ae99a1471bbcc12aa77471cffbc167b94b3839d3e1e397e4f3c688f4d9d9de51c1a4ab18f655a27252a25c40e6a133ec0fe2fad7c7e5c474ba9be,2025/3/1 2:10,30,STOP SIGN/FLASHER,NO CONTROLS,CLEAR,"DARKNESS, LIGHTED ROAD",SIDESWIPE SAME DIRECTION,DIVIDED - W/MEDIAN (NOT RAISED),STRAIGHT AND LEVEL,DRY,NO DEFECTS,ON SCENE,NO INJURY / DRIVE AWAY,$500 OR LESS,2025-03-01T02:13:00.000,FOLLOWING TOO CLOSELY,IMPROPER LANE USAGE,55,E,GARFIELD BLVD,225,2,NO INDICATION OF INJURY,0,0,0,0,0,2,0,2,7,3,41.79423506,-87.62356569,POINT (-87.623565694701 41.794235055186),30
ad8c2f3be9f3ff64c388249ee200c13964035fa1ba7f679b6bd9367654bd3799cb83a9d3f698b3b9821a4d20b05b229e385868dcde928c2e6db54f98857e2932,2025/3/1 2:05,30,TRAFFIC SIGNAL,FUNCTIONING PROPERLY,CLEAR,"DARKNESS, LIGHTED ROAD",REAR END,DIVIDED - W/MEDIAN (NOT RAISED),STRAIGHT AND LEVEL,DRY,UNKNOWN,ON SCENE,INJURY AND / OR TOW DUE TO CRASH,"OVER $1,500",2025-03-01T02:11:00.000,FAILING TO REDUCE SPEED TO AVOID CRASH,UNABLE TO DETERMINE,2303,N,MILWAUKEE AVE,1414,2,"REPORTED, NOT EVIDENT",1,0,0,0,1,1,0,2,7,3,41.92306758,-87.69738746,POINT (-87.697387456359 41.923067581253),30
7f853ecec5bf90b89fc26ed4b7ddf9ebf794e363facf03fdc9652eaaa56bef8346ad137959bfbd1526ebaff7323847fa49f802c3ee431f1a3357beb5ea8cf35a,2025/3/1 2:00,30,NO CONTROLS,NO CONTROLS,CLEAR,"DARKNESS, LIGHTED ROAD",PARKED MOTOR VEHICLE,NOT DIVIDED,STRAIGHT AND LEVEL,DRY,NO DEFECTS,ON SCENE,INJURY AND / OR TOW DUE TO CRASH,"OVER $1,500",2025-03-01T02:02:00.000,UNABLE TO DETERMINE,UNABLE TO DETERMINE,1824,W,GREENLEAF AVE,2424,2,NO INDICATION OF INJURY,0,0,0,0,0,1,0,2,7,3,42.01026256,-87.67694677,POINT (-87.676946765785 42.010262562339),30
ba1652f6c357676e58be46064360848ff3a8cbe73b1a6a106ae91cec9800b589cd565114af816264352fce7cfa2f0dfed46ad8bc71362feec1488c80687f422e,2025/3/1 2:00,25,UNKNOWN,UNKNOWN,UNKNOWN,UNKNOWN,PARKED MOTOR VEHICLE,DIVIDED - W/MEDIAN (NOT RAISED),STRAIGHT AND LEVEL,UNKNOWN,UNKNOWN,NOT ON SCENE (DESK REPORT),NO INJURY / DRIVE AWAY,"OVER $1,500",2025-03-03T13:05:00.000,UNABLE TO DETERMINE,NOT APPLICABLE,640,W,CERMAK RD,1235,2,NO INDICATION OF INJURY,0,0,0,0,0,1,0,2,7,3,41.8527971,-87.64329308,POINT (-87.643293077755 41.852797096499),25
d0d97da02c1475b51151218d605e617aebae19763228b7dafa8fed45c7e1c796744850f17facc1083c5d7fca9d32520537fb73e45e1d1746fc1680bd8f769f72,2025/3/1 1:47,30,NO CONTROLS,NO CONTROLS,CLEAR,DAYLIGHT,SIDESWIPE SAME DIRECTION,NOT DIVIDED,STRAIGHT AND LEVEL,DRY,NO DEFECTS,ON SCENE,NO INJURY / DRIVE AWAY,"OVER $1,500",2025-03-01T01:54:00.000,FAILING TO YIELD RIGHT-OF-WAY,NOT APPLICABLE,1497,N,HONORE ST,1424,2,NO INDICATION OF INJURY,0,0,0,0,0,3,0,1,7,3,41.90885721,-87.67519922,POINT (-87.675199221922 41.908857213865),30
4d5668a721d2f945edbbce55a3a77af79c20bdc769cf37d2e0e6158760082a34f45982a68b41e262d6adfdf8001cad906c629285cb68b774b5674851bed63da6,2025/3/1 1:39,30,NO CONTROLS,NO CONTROLS,CLEAR,DUSK,SIDESWIPE OPPOSITE DIRECTION,NOT DIVIDED,STRAIGHT AND LEVEL,DRY,NO DEFECTS,NOT ON SCENE (DESK REPORT),NO INJURY / DRIVE AWAY,"$501 - $1,500",2025-03-01T01:48:00.000,IMPROPER LANE USAGE,UNABLE TO DETERMINE,45,E,71ST ST,323,2,NO INDICATION OF INJURY,0,0,0,0,0,2,0,1,7,3,41.76543797,-87.62312859,POINT (-87.623128592806 41.765437970472),30
e4d3fa8ba6b082055e64d269c427f726bbae7c13107b457522949eb22b880f4fd9b9ad3e9bca3eaee84caa355893894ce1929c92c81207248cbc1f9635959c7f,2025/3/1 1:12,10,NO CONTROLS,NO CONTROLS,CLEAR,"DARKNESS, LIGHTED ROAD",PARKED MOTOR VEHICLE,ONE-WAY,STRAIGHT AND LEVEL,UNKNOWN,UNKNOWN,NOT ON SCENE (DESK REPORT),INJURY AND / OR TOW DUE TO CRASH,"OVER $1,500",2025-03-01T14:30:00.000,UNABLE TO DETERMINE,NOT APPLICABLE,5135,W,BYRON ST,1634,2,NO INDICATION OF INJURY,0,0,0,0,0,1,0,1,7,3,41.95135522,-87.75605467,POINT (-87.756054672 41.951355222852),10
27c5120a9abe837013376273cc000fa1f84d3d431008cab4e1156118873e7e7e88ee84c2c5de32be27a2aa0242613dfd69d61fc942bf401fcb80b6dd0a32957b,2025/3/1 1:05,20,NO CONTROLS,NO CONTROLS,CLEAR,"DARKNESS, LIGHTED ROAD",OTHER NONCOLLISION,ALLEY,STRAIGHT AND LEVEL,DRY,NO DEFECTS,NOT ON SCENE (DESK REPORT),NO INJURY / DRIVE AWAY,"OVER $1,500",2025-03-01T11:05:00.000,UNABLE TO DETERMINE,NOT APPLICABLE,1659,S,LAWNDALE AVE,1014,1,NO INDICATION OF INJURY,0,0,0,0,0,1,0,1,7,3,41.85721461,-87.71748196,POINT (-87.717481960839 41.857214612973),20
ebd7561bb1001fd6069fdfdc3b7d57bd8c70422881d88ef2c03193eb24c748f359d1b6d33eaec22e000f178d33d8b844da11223d2b2d3a0e5b36003745508065,2025/3/1 1:00,25,NO CONTROLS,NO CONTROLS,CLEAR,DARKNESS,PARKED MOTOR VEHICLE,ONE-WAY,STRAIGHT AND LEVEL,DRY,NO DEFECTS,NOT ON SCENE (DESK REPORT),NO INJURY / DRIVE AWAY,"$501 - $1,500",2025-03-01T10:40:00.000,DRIVING SKILLS/KNOWLEDGE/EXPERIENCE,DRIVING SKILLS/KNOWLEDGE/EXPERIENCE,10927,S,AVENUE O,432,2,NO INDICATION OF INJURY,0,0,0,0,0,1,0,1,7,3,41.69648838,-87.53993396,POINT (-87.539933958949 41.696488384154),25
00a384e7e281c4a877e3297ef531d8d88337672adc4b4286ed68ce1098f00b7c2591f4c59d6f41f7ba3109b9fb1bc22678bcfc747db65451ec729ea1412599ce,2025/3/1 0:49,30,TRAFFIC SIGNAL,FUNCTIONING PROPERLY,CLEAR,"DARKNESS, LIGHTED ROAD",ANGLE,FOUR WAY,STRAIGHT AND LEVEL,DRY,NO DEFECTS,ON SCENE,INJURY AND / OR TOW DUE TO CRASH,"OVER $1,500",2025-03-01T00:49:00.000,FAILING TO YIELD RIGHT-OF-WAY,NOT APPLICABLE,839,W,87TH ST,2223,2,NO INDICATION OF INJURY,0,0,0,0,0,2,0,0,7,3,41.73594201,-87.64515417,POINT (-87.645154174803 41.735942013966),30
08e8eb7992bfe88cbcf425f0e1622c52f5b78440c99c52c4fb15b895b8e54443b15042a53fd839a917e91edd9ed6438520f0f861c91114a46fa687e11285db54,2025/3/1 0:41,30,TRAFFIC SIGNAL,NO CONTROLS,CLEAR,"DARKNESS, LIGHTED ROAD",PARKED MOTOR VEHICLE,NOT DIVIDED,STRAIGHT AND LEVEL,DRY,NO DEFECTS,ON SCENE,INJURY AND / OR TOW DUE TO CRASH,"OVER $1,500",2025-03-01T00:42:00.000,UNABLE TO DETERMINE,UNABLE TO DETERMINE,528,N,LARAMIE AVE,1523,2,NO INDICATION OF INJURY,0,0,0,0,0,1,0,0,7,3,41.88988017,-87.7555615,POINT (-87.755561498144 41.889880172719),30
544bb4d3ede082e3d124ce2fe1f105c656eb37ea15c25ab635f53b7422b0031f334da4f4163d60ef3ce61bd8f5e26fd325bd0183cd657782f4a56df204ceea04,2025/3/1 0:30,25,TRAFFIC SIGNAL,FUNCTIONING PROPERLY,CLEAR,"DARKNESS, LIGHTED ROAD",TURNING,FOUR WAY,STRAIGHT AND LEVEL,DRY,NO DEFECTS,NOT ON SCENE (DESK REPORT),NO INJURY / DRIVE AWAY,"OVER $1,500",2025-03-01T01:00:00.000,UNABLE TO DETERMINE,UNABLE TO DETERMINE,1958,N,LARAMIE AVE,2515,2,NO INDICATION OF INJURY,0,0,0,0,0,3,0,0,7,3,41.91675579,-87.7560785,POINT (-87.756078498768 41.91675578817),25
348181960eabf4b32efd6d6b3cb8fe8f27efdbcc93f6ef1e3fb849252e904fd435d0486ca826e9583984874e1d1e027a5c40a1166414fa1fb9e6a730c70de97d,2025/3/1 0:13,30,OTHER,OTHER,CLEAR,DARKNESS,PARKED MOTOR VEHICLE,ONE-WAY,STRAIGHT AND LEVEL,DRY,NO DEFECTS,ON SCENE,NO INJURY / DRIVE AWAY,"$501 - $1,500",2025-03-01T00:51:00.000,"OPERATING VEHICLE IN ERRATIC, RECKLESS, CARELESS, NEGLIGENT OR AGGRESSIVE MANNER",NOT APPLICABLE,7233,S,CHAMPLAIN AVE,323,2,NO INDICATION OF INJURY,0,0,0,0,0,7,0,0,7,3,41.76299633,-87.60901043,POINT (-87.609010428734 41.762996334228),30
f1a62c9404e945a2f418d3f2490b0ed8de4bf5a88a393db519bf83bf8956dc2dbf6dedcdea3f11141db67e863bd7a8a590c6194cd0d7b5d4f00d134a1c9ee174,2025/3/1 0:01,25,NO CONTROLS,NO CONTROLS,CLEAR,UNKNOWN,PARKED MOTOR VEHICLE,ONE-WAY,STRAIGHT AND LEVEL,DRY,NO DEFECTS,ON SCENE,NO INJURY / DRIVE AWAY,"$501 - $1,500",2025-03-01T09:05:00.000,NOT APPLICABLE,NOT APPLICABLE,3503,W,LEXINGTON ST,1133,2,NO INDICATION OF INJURY,0,0,0,0,0,1,0,0,7,3,41.87167569,-87.71335096,POINT (-87.713350963012 41.871675690045),25
581844ab5d55ce151c4bb56135b59f1382a1e8b23ea48d787c939ccb0a759424a5b5897186fa3912bf60fb3e8d663f72f9827440aa58f669341933eed75022f1,2025/3/1 0:00,35,NO CONTROLS,NO CONTROLS,CLEAR,"DARKNESS, LIGHTED ROAD",PARKED MOTOR VEHICLE,ONE-WAY,STRAIGHT AND LEVEL,DRY,NO DEFECTS,NOT ON SCENE (DESK REPORT),NO INJURY / DRIVE AWAY,"OVER $1,500",2025-03-01T16:20:00.000,UNABLE TO DETERMINE,UNABLE TO DETERMINE,1141,W,82ND ST,613,3,NO INDICATION OF INJURY,0,0,0,0,0,1,0,0,7,3,41.74493852,-87.65277237,POINT (-87.652772373579 41.744938520939),35
6f34add1a8c9f96803b9cc52eb4aa17d512c1a856a2b14a1e6c6b941a8be8c0a75bc6a360578b72335e2c62df267e32b0e04c862042dad6a3ff1017f724583a8,2025/3/1 0:00,25,TRAFFIC SIGNAL,FUNCTIONING PROPERLY,CLEAR,UNKNOWN,PARKED MOTOR VEHICLE,NOT DIVIDED,STRAIGHT AND LEVEL,DRY,NO DEFECTS,ON SCENE,NO INJURY / DRIVE AWAY,"OVER $1,500",2025-03-01T08:57:00.000,UNABLE TO DETERMINE,UNABLE TO DETERMINE,1601,W,50TH ST,931,2,NO INDICATION OF INJURY,0,0,0,0,0,1,0,0,7,3,41.80303024,-87.6648847,POINT (-87.664884701242 41.80303024436),25
8d4cb9a523cc95b27cab041ee72b9e999d79f148e07059eb47d77bb74a34aad1f6269a4737251e270fd637e510ed94513745a03e65633d4973c59fe60df1a336,2025/3/1 0:00,25,NO CONTROLS,NO CONTROLS,CLEAR,"DARKNESS, LIGHTED ROAD",PARKED MOTOR VEHICLE,NOT DIVIDED,STRAIGHT AND LEVEL,DRY,NO DEFECTS,ON SCENE,NO INJURY / DRIVE AWAY,"$501 - $1,500",2025-03-01T07:33:00.000,UNABLE TO DETERMINE,NOT APPLICABLE,1318,W,MORSE AVE,2431,2,NO INDICATION OF INJURY,0,0,0,0,0,1,0,0,7,3,42.0080436,-87.6645037,POINT (-87.664503697924 42.008043599286),25
ceeacc230c94d579f0d6eecabab9ac3ce8f6a0579a1e88e8fdeb6c0fe06213aae61a3069ef6447f483e7df94140922a0989c124848393bc478bedf3cb110409f,2025/2/28 23:40,30,NO CONTROLS,NO CONTROLS,CLEAR,"DARKNESS, LIGHTED ROAD",SIDESWIPE SAME DIRECTION,NOT DIVIDED,STRAIGHT AND LEVEL,DRY,NO DEFECTS,NOT ON SCENE (DESK REPORT),NO INJURY / DRIVE AWAY,"$501 - $1,500",2025-03-01T00:30:00.000,"VISION OBSCURED (SIGNS, TREE LIMBS, BUILDINGS, ETC.)","VISION OBSCURED (SIGNS, TREE LIMBS, BUILDINGS, ETC.)",599,W,CHICAGO AVE,1831,2,NO INDICATION OF INJURY,0,0,0,0,0,2,0,23,6,2,41.8963673,-87.64286725,POINT (-87.642867250054 41.896367298379),30
624a64e53fa9654abb0445d0926b940486e35d71db6febbca2759b050b7a4a9a89cb817a25c94a6e1b9581eef889319b70f764bc3fd216da79d8ab09e0a15fe9,2025/2/28 23:39,35,NO CONTROLS,NO CONTROLS,CLEAR,"DARKNESS, LIGHTED ROAD",SIDESWIPE SAME DIRECTION,DIVIDED - W/MEDIAN BARRIER,STRAIGHT AND LEVEL,DRY,NO DEFECTS,ON SCENE,NO INJURY / DRIVE AWAY,"OVER $1,500",2025-02-28T23:39:00.000,DISTRACTION - FROM INSIDE VEHICLE,UNABLE TO DETERMINE,7040,S,STONY ISLAND AVE,332,2,NO INDICATION OF INJURY,0,0,0,0,0,2,0,23,6,2,41.76671759,-87.58649243,POINT (-87.586492428718 41.766717593094),35
c4980183cc6bd3651e55100f1897a7417c56680e21806f8fac6ff3e88a48d26371dd97c4294893a205674d6146613a51e6132ee1246fa75c32a9978f018fc2a4,2025/2/28 23:33,30,NO CONTROLS,NO CONTROLS,CLEAR,"DARKNESS, LIGHTED ROAD",PARKED MOTOR VEHICLE,ONE-WAY,STRAIGHT AND LEVEL,DRY,NO DEFECTS,ON SCENE,INJURY AND / OR TOW DUE TO CRASH,"OVER $1,500",2025-02-28T23:33:00.000,UNABLE TO DETERMINE,UNABLE TO DETERMINE,3316,N,PANAMA AVE,1631,2,NO INDICATION OF INJURY,0,0,0,0,0,1,0,23,6,2,41.93990067,-87.82900581,POINT (-87.829005812935 41.939900669319),30
f75fd062de4c710a2ba863ec32d84f16fe697497105ac33204a4ca3340c9056025f2a251cad3481ad23581d70aefe2c5ac7ebfc0c089f974e4b4d8ef6bbcc9ed,2025/2/28 23:33,30,TRAFFIC SIGNAL,FUNCTIONING PROPERLY,CLEAR,"DARKNESS, LIGHTED ROAD",TURNING,NOT DIVIDED,STRAIGHT AND LEVEL,DRY,NO DEFECTS,ON SCENE,NO INJURY / DRIVE AWAY,"OVER $1,500",2025-02-28T23:33:00.000,IMPROPER TURNING/NO SIGNAL,FAILING TO REDUCE SPEED TO AVOID CRASH,340,W,63RD ST,711,2,NO INDICATION OF INJURY,0,0,0,0,0,7,0,23,6,2,41.78003,-87.6343479,POINT (-87.634347897037 41.780029996902),30
1e0a8dba5f81a3f7f28ae344752b4ef97bfef6d2b10f20fb3c54770a40099bff9381af839a7125d34b9d447009d76d2c244a2439dac5a921d5f42e10e008897b,2025/2/28 23:30,30,STOP SIGN/FLASHER,FUNCTIONING PROPERLY,CLEAR,"DARKNESS, LIGHTED ROAD",ANGLE,NOT DIVIDED,STRAIGHT AND LEVEL,DRY,NO DEFECTS,ON SCENE,INJURY AND / OR TOW DUE TO CRASH,"OVER $1,500",2025-02-28T23:32:00.000,FAILING TO YIELD RIGHT-OF-WAY,NOT APPLICABLE,11900,S,EGGLESTON AVE,522,2,NO INDICATION OF INJURY,0,0,0,0,0,2,0,23,6,2,41.67781539,-87.63362119,POINT (-87.633621188576 41.677815394287),30
422f0d773b525edc000205d1593771d64e04840beb7b4c1d053c1089793359a8a1236974fd4a566e1db8a4feecee64803b723ce9a32c80070b98cef15aea8bc0,2025/2/28 23:11,30,NO CONTROLS,NO CONTROLS,CLEAR,UNKNOWN,PARKED MOTOR VEHICLE,NOT DIVIDED,STRAIGHT AND LEVEL,DRY,NO DEFECTS,NOT ON SCENE (DESK REPORT),NO INJURY / DRIVE AWAY,"OVER $1,500",2025-03-01T15:11:00.000,NOT APPLICABLE,NOT APPLICABLE,4236,W,63RD ST,813,2,NO INDICATION OF INJURY,0,0,0,0,0,1,0,23,6,2,41.77869082,-87.72909466,POINT (-87.729094659886 41.778690817708),30
cf61b3d0740a2bf59d1930edc7f41c4544d6d030ad5d86e57e751082de619a0fa6970c8d360f51106fe49acf56692db5dfcde340bea35808c03629c95646c30f,2025/2/28 23:10,30,PEDESTRIAN CROSSING SIGN,UNKNOWN,CLEAR,"DARKNESS, LIGHTED ROAD",PEDESTRIAN,NOT DIVIDED,STRAIGHT AND LEVEL,DRY,UNKNOWN,NOT ON SCENE (DESK REPORT),INJURY AND / OR TOW DUE TO CRASH,"OVER $1,500",2025-02-28T23:12:00.000,FAILING TO YIELD RIGHT-OF-WAY,NOT APPLICABLE,45,W,111TH ST,522,2,NONINCAPACITATING INJURY,1,0,0,1,0,1,0,23,6,2,41.69245292,-87.62487642,POINT (-87.624876419346 41.692452920668),30
10afc784175ee4282d363b5eb884e8680917bef7a29074dfd518b35286e5e893b32bbfaec8e88b718f86a81ecb0061927416fe432e1c17e308a9a9aa0d22ddc2,2025/2/28 23:00,30,NO CONTROLS,NO CONTROLS,UNKNOWN,UNKNOWN,PARKED MOTOR VEHICLE,NOT DIVIDED,STRAIGHT AND LEVEL,UNKNOWN,UNKNOWN,NOT ON SCENE (DESK REPORT),NO INJURY / DRIVE AWAY,"OVER $1,500",2025-03-04T09:50:00.000,UNABLE TO DETERMINE,NOT APPLICABLE,728,N,OAKLEY BLVD,1221,2,NO INDICATION OF INJURY,0,0,0,0,0,1,0,23,6,2,41.89482389,-87.68451658,POINT (-87.68451658483 41.894823889495),30
8ac6f7f97fd0451e72a2f819fb183a8d023e5508ca0a8751594e1004b2dad0c8c8e466167a0d6b2e891d78cb5763f6d12d57874a5818f2333850d984a0651db4,2025/2/28 22:57,30,TRAFFIC SIGNAL,FUNCTIONING PROPERLY,CLEAR,"DARKNESS, LIGHTED ROAD",TURNING,DIVIDED - W/MEDIAN (NOT RAISED),STRAIGHT AND LEVEL,DRY,UNKNOWN,ON SCENE,INJURY AND / OR TOW DUE TO CRASH,"OVER $1,500",2025-02-28T22:58:00.000,FAILING TO YIELD RIGHT-OF-WAY,IMPROPER TURNING/NO SIGNAL,606,E,87TH ST,632,2,"REPORTED, NOT EVIDENT",4,0,0,0,4,0,0,22,6,2,41.7366958,-87.60938056,POINT (-87.609380563765 41.736695804365),30
41a2bf899615954512201c7f5dc180ef67bb9b3baeec7c2055c1bbeedd1bb79844e64e4edfc7458e75ef33d0e31572a9dadcbbc27ffb3d00150efb873289295e,2025/2/28 22:45,30,TRAFFIC SIGNAL,FUNCTIONING PROPERLY,CLEAR,"DARKNESS, LIGHTED ROAD",REAR END,ONE-WAY,STRAIGHT AND LEVEL,DRY,NO DEFECTS,ON SCENE,NO INJURY / DRIVE AWAY,$500 OR LESS,2025-02-28T22:45:00.000,FOLLOWING TOO CLOSELY,NOT APPLICABLE,1735,S,UNION AVE,1235,2,NO INDICATION OF INJURY,0,0,0,0,0,4,0,22,6,2,41.85808441,-87.6446541,POINT (-87.644654095713 41.858084408581),30
4d276b86d48572aa98cef027efb1171b38966de6c5a9d90ceb4ca9732a6bbd0e5435ce80b0666d2be63b4c2096ee315fd0be1c07c589ce6be880e20dd8677219,2025/2/28 22:30,30,NO CONTROLS,NO CONTROLS,CLEAR,DUSK,SIDESWIPE SAME DIRECTION,NOT DIVIDED,STRAIGHT AND LEVEL,DRY,NO DEFECTS,NOT ON SCENE (DESK REPORT),NO INJURY / DRIVE AWAY,"$501 - $1,500",2025-02-28T22:40:00.000,IMPROPER LANE USAGE,UNABLE TO DETERMINE,5809,S,COTTAGE GROVE AVE,235,2,NO INDICATION OF INJURY,0,0,0,0,0,2,0,22,6,2,41.78919808,-87.60596492,POINT (-87.605964915994 41.789198077592),30
b1d915c82569ab5e1ba0666b714be1ed8b28efce26b9a52bcadb49e439fd211c5fc00a4a2fb60539496cd770670c2975ec3dbd2368e08204d56ebde7815c4039,2025/2/28 22:30,10,NO CONTROLS,NO CONTROLS,CLEAR,DARKNESS,REAR END,NOT DIVIDED,STRAIGHT AND LEVEL,WET,NO DEFECTS,NOT ON SCENE (DESK REPORT),NO INJURY / DRIVE AWAY,"OVER $1,500",2025-03-02T08:50:00.000,FOLLOWING TOO CLOSELY,NOT APPLICABLE,7100,S,DR MARTIN LUTHER KING JR DR,323,2,NO INDICATION OF INJURY,0,0,0,0,0,2,0,22,6,2,41.76561882,-87.61540725,POINT (-87.615407248037 41.765618817754),10
6a4f53e5fa72ba9575a8381552dcf2c483648359dbc80f0babae84bac5d121ef62c6eb2033cec4fb383f6e106031b5d9feb39b63fa1e3c5ed8cafc6ce4050465,2025/2/28 22:15,30,TRAFFIC SIGNAL,FUNCTIONING PROPERLY,CLEAR,"DARKNESS, LIGHTED ROAD",REAR END,FOUR WAY,STRAIGHT AND LEVEL,DRY,NO DEFECTS,NOT ON SCENE (DESK REPORT),NO INJURY / DRIVE AWAY,"OVER $1,500",2025-03-05T11:10:00.000,FOLLOWING TOO CLOSELY,"OPERATING VEHICLE IN ERRATIC, RECKLESS, CARELESS, NEGLIGENT OR AGGRESSIVE MANNER",6000,W,HIGGINS AVE,1622,2,NO INDICATION OF INJURY,0,0,0,0,0,2,0,22,6,2,41.97329204,-87.77824229,POINT (-87.778242286984 41.973292044606),30
ac631ecbf43ccab9ef8ae01daa6bccd10d8503029c96c075236a43d096b36a9fc6f7d9e986409467908c54baeb38d9f9b703ffc2b9e274ab9b028fbf532d67be,2025/2/28 22:07,30,NO CONTROLS,NO CONTROLS,RAIN,DARKNESS,PARKED MOTOR VEHICLE,ONE-WAY,STRAIGHT AND LEVEL,DRY,NO DEFECTS,NOT ON SCENE (DESK REPORT),NO INJURY / DRIVE AWAY,"OVER $1,500",2025-02-28T22:30:00.000,UNABLE TO DETERMINE,NOT APPLICABLE,211,S,LAFLIN ST,1231,2,NO INDICATION OF INJURY,0,0,0,0,0,1,0,22,6,2,41.87859028,-87.66419634,POINT (-87.664196344561 41.878590283519),30
0a2940a2ff47b146183c1a02d7b65c1d59693a93d29dc4bb8a5d9acec99639526ecba236c0466fec3b130f824040840bb9130b5de91cf7eb6f83f6c686898af6,2025/2/28 22:00,30,NO CONTROLS,NO CONTROLS,CLEAR,"DARKNESS, LIGHTED ROAD",PARKED MOTOR VEHICLE,ONE-WAY,STRAIGHT AND LEVEL,DRY,NO DEFECTS,NOT ON SCENE (DESK REPORT),NO INJURY / DRIVE AWAY,"OVER $1,500",2025-03-02T11:30:00.000,UNABLE TO DETERMINE,NOT APPLICABLE,12316,S,EMERALD AVE,523,2,NO INDICATION OF INJURY,0,0,0,0,0,1,0,22,6,2,41.67000514,-87.64059372,POINT (-87.640593717339 41.67000514327),30
636a4d822ac8519fe380ff42c3f0e86f692c709fe97cd0b21885e92bd8f9f21e51e2e386e114af05c4bc1f60f3e2124e04165dd7e58fcbee65c0ea08969b57fb,2025/2/28 21:30,15,NO CONTROLS,NO CONTROLS,CLEAR,"DARKNESS, LIGHTED ROAD",PARKED MOTOR VEHICLE,PARKING LOT,STRAIGHT AND LEVEL,DRY,NO DEFECTS,NOT ON SCENE (DESK REPORT),NO INJURY / DRIVE AWAY,"OVER $1,500",2025-02-28T22:00:00.000,IMPROPER BACKING,DRIVING SKILLS/KNOWLEDGE/EXPERIENCE,3570,N,ELSTON AVE,1733,2,NO INDICATION OF INJURY,0,0,0,0,0,1,0,21,6,2,41.9460576,-87.70823011,POINT (-87.708230109805 41.946057604016),15
bc598c54dd8fb87fb1a5e1c18e85e3719c892f412f8bf79bf161a0eeeb10f9cd33852ec6b4b7ed90a6dfb4f1dc2ed09ef3af8f85c9d126ab940bf4e72819293b,2025/2/28 21:25,30,STOP SIGN/FLASHER,UNKNOWN,UNKNOWN,UNKNOWN,ANGLE,FOUR WAY,STRAIGHT AND LEVEL,UNKNOWN,UNKNOWN,NOT ON SCENE (DESK REPORT),NO INJURY / DRIVE AWAY,"$501 - $1,500",2025-03-01T14:00:00.000,UNABLE TO DETERMINE,NOT APPLICABLE,1440,W,DEVON AVE,2432,2,NO INDICATION OF INJURY,0,0,0,0,0,3,0,21,6,2,41.99822825,-87.66710447,POINT (-87.667104466469 41.998228253767),30
57d65f7f952aa8b9e92990e866d8e46efda2bdae7916859d760ba8179f70dce85459d1f7d6f409fecc1f8d435db169118e5a67e69e85cb52e2746b7a0f4e0f0f,2025/2/28 21:23,30,NO CONTROLS,NO CONTROLS,CLEAR,"DARKNESS, LIGHTED ROAD",REAR END,ONE-WAY,STRAIGHT AND LEVEL,DRY,NO DEFECTS,ON SCENE,NO INJURY / DRIVE AWAY,$500 OR LESS,2025-02-28T21:23:00.000,UNABLE TO DETERMINE,UNABLE TO DETERMINE,814,W,NEWPORT AVE,1924,2,NO INDICATION OF INJURY,0,0,0,0,0,3,0,21,6,2,41.94462965,-87.65004208,POINT (-87.65004207946 41.944629650119),30