crash_record_id,crash_date,posted_speed_limit,traffic_control_device,device_condition,weather_condition,lighting_condition,first_crash_type,trafficway_type,alignment,roadway_surface_cond,road_defect,report_type,crash_type,damage,date_police_notified,prim_contributory_cause,sec_contributory_cause,street_no,street_direction,street_name,beat_of_occurrence,num_units,most_severe_injury,injuries_total,injuries_fatal,injuries_incapacitating,injuries_non_incapacitating,injuries_reported_not_evident,injuries_no_indication,injuries_unknown,crash_hour,crash_day_of_week,crash_month,latitude,longitude,location,speed_limit
641ef8cb9b1da93cb1b27a8d26d5242113a6c5b96a8d52ab11fb8d1be1d4b2998b27ee947111b68f523c59f99e184512a0bda7285b431f3ff66cda8d06158252,2025/2/28 21:20,30,NO CONTROLS,NO CONTROLS,CLEAR,"DARKNESS, LIGHTED ROAD",FIXED OBJECT,ALLEY,STRAIGHT AND LEVEL,"SAND, MUD, DIRT",DEBRIS ON ROADWAY,ON SCENE,NO INJURY / DRIVE AWAY,"OVER $1,500",2025-02-28T21:53:00.000,PHYSICAL CONDITION OF DRIVER,PHYSICAL CONDITION OF DRIVER,8642,S,MARYLAND AVE,632,1,NO INDICATION OF INJURY,0,0,0,0,0,1,0,21,6,2,41.73720354,-87.60376911,POINT (-87.603769110379 41.737203541072),30
32674f4744c74e47306cb257b993d2714eaf2609ed8035510bfe1bff1971b9c8b79326e50b0a5be19419e6150d20f2beeca86f4eb836b9fb4dcab601db0a0622,2025/2/28 21:15,30,NO CONTROLS,NO CONTROLS,CLEAR,"DARKNESS, LIGHTED ROAD",PEDESTRIAN,NOT DIVIDED,STRAIGHT AND LEVEL,DRY,NO DEFECTS,ON SCENE,INJURY AND / OR TOW DUE TO CRASH,$500 OR LESS,2025-02-28T21:16:00.000,UNABLE TO DETERMINE,UNABLE TO DETERMINE,129,E,103RD ST,512,2,INCAPACITATING INJURY,1,0,1,0,0,1,0,21,6,2,41.70712521,-87.61889408,POINT (-87.618894080647 41.707125209958),30
26baf9971d36e138831caca087b31726bec99a216ee33d0c38b882083e405c8f6080d215c13122dc559004f5643220ad64c391bd6108deb49f193e25af8a0cf1,2025/2/28 21:00,20,UNKNOWN,UNKNOWN,CLEAR,"DARKNESS, LIGHTED ROAD",REAR END,NOT DIVIDED,STRAIGHT AND LEVEL,DRY,NO DEFECTS,ON SCENE,NO INJURY / DRIVE AWAY,"OVER $1,500",2025-02-28T21:03:00.000,UNABLE TO DETERMINE,UNABLE TO DETERMINE,20,W,KINZIE ST,1831,2,NO INDICATION OF INJURY,0,0,0,0,0,2,0,21,6,2,41.88935203,-87.62884885,POINT (-87.628848850273 41.889352033014),20
5d7af5092d48d145dac567c43758b315f776b9601e7d6f093e0fdd89be4e28e3698196155ae07776df199bb67a905c550cbf88fb6550e943d0035c20b70b7f06,2025/2/28 21:00,30,NO CONTROLS,NO CONTROLS,CLEAR,"DARKNESS, LIGHTED ROAD",SIDESWIPE SAME DIRECTION,DIVIDED - W/MEDIAN (NOT RAISED),STRAIGHT AND LEVEL,DRY,NO DEFECTS,NOT ON SCENE (DESK REPORT),NO INJURY / DRIVE AWAY,"OVER $1,500",2025-02-28T21:30:00.000,UNABLE TO DETERMINE,UNABLE TO DETERMINE,9500,S,ASHLAND AVE,2213,2,NO INDICATION OF INJURY,0,0,0,0,0,2,0,21,6,2,41.72116061,-87.66282814,POINT (-87.662828139392 41.721160612052),30
dc31de466defb57190ae0e4a4f1711212d8f4387f3f8351454e14d7c45a65575cf2f63c8cf81bf409f748abad0960dda1948f8cc321c0c93a96b210a22d2c551,2025/2/28 21:00,30,STOP SIGN/FLASHER,FUNCTIONING PROPERLY,CLEAR,"DARKNESS, LIGHTED ROAD",REAR END,T-INTERSECTION,STRAIGHT AND LEVEL,DRY,NO DEFECTS,ON SCENE,INJURY AND / OR TOW DUE TO CRASH,"OVER $1,500",2025-02-28T21:00:00.000,FOLLOWING TOO CLOSELY,FAILING TO REDUCE SPEED TO AVOID CRASH,10500,S,HALSTED ST,2233,2,NO INDICATION OF INJURY,0,0,0,0,0,3,0,21,6,2,41.70318582,-87.64286459,POINT (-87.642864592211 41.703185818716),30
08e9fd90255efdcb3a5f1ae32a424abf4a2ed8cef5fecac8801541997eddd4a010eacf6defa8ac0b04df48d6f84d925c44b0dcd803b2df23da351aa133057a87,2025/2/28 20:39,30,OTHER,OTHER,OTHER,UNKNOWN,SIDESWIPE SAME DIRECTION,OTHER,STRAIGHT AND LEVEL,OTHER,OTHER,NOT ON SCENE (DESK REPORT),NO INJURY / DRIVE AWAY,"OVER $1,500",2025-02-28T21:15:00.000,UNABLE TO DETERMINE,UNABLE TO DETERMINE,430,N,LA SALLE DR,1831,2,NO INDICATION OF INJURY,0,0,0,0,0,2,0,20,6,2,41.89004243,-87.63269468,POINT (-87.632694681299 41.890042429682),30
6878e6b4e46f0a704a6fb98a11fcc5f0647e10f04dd77b584c0830960d2edbb3dd8bcf74cbd1bd73b3808ebb1ecf5442231e1233c578cbdcf9195cfb0c2a8dce,2025/2/28 20:35,30,TRAFFIC SIGNAL,FUNCTIONING PROPERLY,CLEAR,"DARKNESS, LIGHTED ROAD",REAR END,NOT DIVIDED,STRAIGHT AND LEVEL,DRY,NO DEFECTS,NOT ON SCENE (DESK REPORT),NO INJURY / DRIVE AWAY,"OVER $1,500",2025-02-28T21:10:00.000,FAILING TO REDUCE SPEED TO AVOID CRASH,HAD BEEN DRINKING (USE WHEN ARREST IS NOT MADE),3958,W,COLUMBUS AVE,834,2,NO INDICATION OF INJURY,0,0,0,0,0,2,0,20,6,2,41.73636545,-87.72070109,POINT (-87.720701091836 41.736365450701),30
5cf3d8380ec56efc09221cafdfd2bb2a1252c9b54b590dd5999a6e121cdf55de937e476be623701cde3bd1bdfec9d61615d56727fec1cebf18fa1895fb23424f,2025/2/28 20:31,30,NO CONTROLS,NO CONTROLS,CLEAR,"DARKNESS, LIGHTED ROAD",PARKED MOTOR VEHICLE,ONE-WAY,STRAIGHT AND LEVEL,DRY,NO DEFECTS,ON SCENE,NO INJURY / DRIVE AWAY,"OVER $1,500",2025-02-28T21:45:00.000,UNABLE TO DETERMINE,NOT APPLICABLE,248,W,108TH ST,513,2,NO INDICATION OF INJURY,0,0,0,0,0,3,0,20,6,2,41.69807939,-87.62995874,POINT (-87.629958739539 41.698079388031),30
5ad801844399d8f4c8d909a748a1299149db3771342ccef7f2b9a42b81f5aac2b7fcd287cc512e386e5735d7a8cfa828d747a53e575f7274c96bc342890f115f,2025/2/28 20:30,30,NO CONTROLS,NO CONTROLS,CLEAR,"DARKNESS, LIGHTED ROAD",PARKED MOTOR VEHICLE,NOT DIVIDED,STRAIGHT AND LEVEL,DRY,NO DEFECTS,NOT ON SCENE (DESK REPORT),NO INJURY / DRIVE AWAY,"OVER $1,500",2025-02-28T21:00:00.000,UNABLE TO DETERMINE,UNABLE TO DETERMINE,5254,W,MADISON ST,1522,2,NO INDICATION OF INJURY,0,0,0,0,0,3,0,20,6,2,41.88045497,-87.75728977,POINT (-87.757289765366 41.880454974305),30
11d38655c56341e27968db1bc22020c3130ce3be097341c4c8c1667894af8c7f01b950ecc8cbed54c28773f65a404e613a683dcc82d2a0c7449e4c103008a0a7,2025/2/28 20:27,20,NO CONTROLS,NO CONTROLS,CLEAR,"DARKNESS, LIGHTED ROAD",PARKED MOTOR VEHICLE,NOT DIVIDED,STRAIGHT AND LEVEL,DRY,NO DEFECTS,ON SCENE,INJURY AND / OR TOW DUE TO CRASH,"OVER $1,500",2025-02-28T20:33:00.000,UNABLE TO DETERMINE,NOT APPLICABLE,5783,W,BLOOMINGDALE AVE,2531,3,NO INDICATION OF INJURY,0,0,0,0,0,1,0,20,6,2,41.9124992,-87.77027462,POINT (-87.770274617441 41.912499196247),20
10e66534db72361a018427cb6a45a7ded4452057f3bef955dae8d7cb4351f996bf5db70a1386579ec7836761b2866db323ced7394e23146d0e369909f7b07543,2025/2/28 20:15,30,NO CONTROLS,NO CONTROLS,CLEAR,"DARKNESS, LIGHTED ROAD",ANGLE,DIVIDED - W/MEDIAN (NOT RAISED),STRAIGHT AND LEVEL,UNKNOWN,UNKNOWN,NOT ON SCENE (DESK REPORT),NO INJURY / DRIVE AWAY,"OVER $1,500",2025-03-01T13:45:00.000,UNABLE TO DETERMINE,NOT APPLICABLE,4010,W,NORTH AVE,2534,2,NO INDICATION OF INJURY,0,0,0,0,0,2,0,20,6,2,41.90998916,-87.72685397,POINT (-87.726853968924 41.909989160552),30
8588148650a6e70bf3e9d455688f618d47ba7e36f0276793f50e8fcea564274918f06c03d58393711a994764436059c3dd52b4ba90f4549c583f38833ce5564c,2025/2/28 20:15,30,TRAFFIC SIGNAL,FUNCTIONING PROPERLY,CLEAR,"DARKNESS, LIGHTED ROAD",SIDESWIPE SAME DIRECTION,"FIVE POINT, OR MORE",STRAIGHT AND LEVEL,DRY,NO DEFECTS,NOT ON SCENE (DESK REPORT),NO INJURY / DRIVE AWAY,"OVER $1,500",2025-02-28T20:45:00.000,IMPROPER OVERTAKING/PASSING,NOT APPLICABLE,2787,N,MILWAUKEE AVE,1412,2,NO INDICATION OF INJURY,0,0,0,0,0,2,0,20,6,2,41.93192142,-87.71188001,POINT (-87.711880013814 41.931921423662),30
cd90afe648b8683f45bb40a1cbcf05c7b4551d30a6ab005d6d0778b0d0be0f545d56c338fcbaca123e6f9ebe77a639b9bd9a8f36e51472b034016ec7de800870,2025/2/28 20:15,25,NO CONTROLS,NO CONTROLS,UNKNOWN,"DARKNESS, LIGHTED ROAD",PARKED MOTOR VEHICLE,ONE-WAY,STRAIGHT AND LEVEL,DRY,NO DEFECTS,ON SCENE,INJURY AND / OR TOW DUE TO CRASH,"OVER $1,500",2025-03-01T09:08:00.000,UNABLE TO DETERMINE,UNABLE TO DETERMINE,3025,S,KOMENSKY AVE,1031,2,NO INDICATION OF INJURY,0,0,0,0,0,1,0,20,6,2,41.837933,-87.72544865,POINT (-87.725448653188 41.83793299747),25
8e529a84b18fbadd501e1f1fefbe1ec1d7054d5b2f23d5a52bd43a1d01dc95bf8558eb8e60b9458c8b0b61febbbf8128d2c134bd58ee27318bacc1d602d2489d,2025/2/28 20:04,30,TRAFFIC SIGNAL,FUNCTIONING PROPERLY,CLEAR,DARKNESS,SIDESWIPE SAME DIRECTION,FOUR WAY,STRAIGHT AND LEVEL,DRY,NO DEFECTS,NOT ON SCENE (DESK REPORT),NO INJURY / DRIVE AWAY,"$501 - $1,500",2025-02-28T21:00:00.000,FAILING TO YIELD RIGHT-OF-WAY,IMPROPER OVERTAKING/PASSING,9500,S,STONY ISLAND AVE,511,2,NO INDICATION OF INJURY,0,0,0,0,0,2,0,20,6,2,41.72225727,-87.58527557,POINT (-87.585275565077 41.722257273006),30
6f678f6cb6829a669710641365cda832c26fe028762aca2ceac5e0d6ac70d414ae88a00e2f7cf6f7f428bcd2eb6422359854a3c5d66edbd8374d4d2fd3812836,2025/2/28 19:58,25,NO CONTROLS,NO CONTROLS,CLEAR,DARKNESS,ANGLE,NOT DIVIDED,STRAIGHT AND LEVEL,DRY,NO DEFECTS,NOT ON SCENE (DESK REPORT),NO INJURY / DRIVE AWAY,"$501 - $1,500",2025-02-28T19:58:00.000,NOT APPLICABLE,NOT APPLICABLE,1800,S,KEELER AVE,1012,2,NO INDICATION OF INJURY,0,0,0,0,0,2,0,19,6,2,41.85686902,-87.72992745,POINT (-87.729927449959 41.85686901859),25
0e360096e0581fefd46ebd3ba8e2f797ef17db9dce1b9382c25a60e851b9ed1eff43f7ddf9bb6f834014fe4bbe6159ef696bb2bba6b7b98b4897b89b8793f0b5,2025/2/28 19:40,30,NO CONTROLS,NO CONTROLS,CLEAR,DUSK,TURNING,PARKING LOT,STRAIGHT AND LEVEL,UNKNOWN,UNKNOWN,NOT ON SCENE (DESK REPORT),NO INJURY / DRIVE AWAY,"OVER $1,500",2025-02-28T20:29:00.000,PHYSICAL CONDITION OF DRIVER,NOT APPLICABLE,4000,W,PETERSON AVE,1711,2,NO INDICATION OF INJURY,0,0,0,0,0,2,0,19,6,2,41.99024419,-87.72871439,POINT (-87.728714391009 41.990244185647),30
3fcb440735c93289c0cd973ab41173238582fdfaeffe544e3d827550defa901147b32ff4af84473045cd6039d66af97f78bf297be1bbed304dce7073b9ba346a,2025/2/28 19:30,30,UNKNOWN,UNKNOWN,CLEAR,DARKNESS,REAR END,UNKNOWN INTERSECTION TYPE,STRAIGHT AND LEVEL,UNKNOWN,UNKNOWN,NOT ON SCENE (DESK REPORT),NO INJURY / DRIVE AWAY,"OVER $1,500",2025-02-28T20:00:00.000,UNABLE TO DETERMINE,UNABLE TO DETERMINE,6000,W,NORTH AVE,2531,2,NO INDICATION OF INJURY,0,0,0,0,0,2,0,19,6,2,41.90936279,-87.77564366,POINT (-87.775643660723 41.909362791269),30
4e330f7264cfdaff88953775414bfee518a3c2083faa3e972aa7c40a5e689d4c8ea3bd4df6faf4e38a52cd8ad2cfc981b0c86917bd946da993a98e5970293fb6,2025/2/28 19:28,30,TRAFFIC SIGNAL,FUNCTIONING PROPERLY,CLEAR,"DARKNESS, LIGHTED ROAD",SIDESWIPE SAME DIRECTION,DIVIDED - W/MEDIAN (NOT RAISED),STRAIGHT AND LEVEL,DRY,NO DEFECTS,NOT ON SCENE (DESK REPORT),NO INJURY / DRIVE AWAY,"$501 - $1,500",2025-02-28T20:04:00.000,IMPROPER LANE USAGE,NOT APPLICABLE,7733,S,CICERO AVE,834,2,NO INDICATION OF INJURY,0,0,0,0,0,2,0,19,6,2,41.75177207,-87.74131864,POINT (-87.741318636042 41.751772072145),30
8eda81d17747654b1f0c16dee318d1885473c5a72c1c57738885efdc0f5e968fac13f5ff48e089953303a02e5cf3dd71bbed0b62cb2a8cb83829ac13f239e6ab,2025/2/28 19:15,5,NO CONTROLS,NO CONTROLS,CLEAR,DARKNESS,REAR END,OTHER,STRAIGHT AND LEVEL,DRY,NO DEFECTS,NOT ON SCENE (DESK REPORT),NO INJURY / DRIVE AWAY,"$501 - $1,500",2025-03-01T11:12:00.000,UNABLE TO DETERMINE,NOT APPLICABLE,8740,S,LAFAYETTE AVE,634,2,NO INDICATION OF INJURY,0,0,0,0,0,2,0,19,6,2,41.73488062,-87.62555194,POINT (-87.625551940557 41.734880618955),5
b87046f34ddf0ca4df94bea92c3b860836225039a57819d8f0dcc2664df86fa69b41be48a303c9c3f10bfaafd533de1a4a5aa9427bad4e0aab72bae978f9b489,2025/2/28 19:10,30,NO CONTROLS,NO CONTROLS,CLEAR,"DARKNESS, LIGHTED ROAD",TURNING,NOT DIVIDED,STRAIGHT AND LEVEL,DRY,NO DEFECTS,NOT ON SCENE (DESK REPORT),NO INJURY / DRIVE AWAY,"OVER $1,500",2025-02-28T19:30:00.000,UNABLE TO DETERMINE,NOT APPLICABLE,133,S,CENTRAL AVE,1522,2,NO INDICATION OF INJURY,0,0,0,0,0,2,0,19,6,2,41.87832651,-87.76464735,POINT (-87.764647352768 41.878326512482),30
88e088f7a3fc2effef3accdbd08ced6b7efa91668f95d1e8de8ea356d839b42dc93d05edd332b82cebab9166ff1c8cc406ad052a36fe180f1a863cf0ff854d18,2025/2/28 19:05,30,TRAFFIC SIGNAL,FUNCTIONING PROPERLY,CLEAR,"DARKNESS, LIGHTED ROAD",ANGLE,DIVIDED - W/MEDIAN (NOT RAISED),STRAIGHT AND LEVEL,DRY,NO DEFECTS,ON SCENE,INJURY AND / OR TOW DUE TO CRASH,"OVER $1,500",2025-02-28T19:10:00.000,DISREGARDING TRAFFIC SIGNALS,NOT APPLICABLE,5759,W,BELMONT AVE,2514,3,"REPORTED, NOT EVIDENT",1,0,0,0,1,2,0,19,6,2,41.93840192,-87.77129393,POINT (-87.771293931158 41.938401922564),30
0ba2a4f8c86fdbbbce6c011e7d3babc2f9d3440bcb777ef9958f100b32eb4c96b9890fbcb03cc58ada8f41122ecda558cfd9739a2fcc5e75c2da0466067e5359,2025/2/28 19:00,35,NO CONTROLS,NO CONTROLS,CLEAR,UNKNOWN,PARKED MOTOR VEHICLE,OTHER,STRAIGHT AND LEVEL,UNKNOWN,UNKNOWN,NOT ON SCENE (DESK REPORT),NO INJURY / DRIVE AWAY,"OVER $1,500",2025-03-02T12:00:00.000,UNABLE TO DETERMINE,NOT APPLICABLE,520,W,PEARSON ST,1823,2,NO INDICATION OF INJURY,0,0,0,0,0,1,0,19,6,2,41.89746943,-87.64192763,POINT (-87.641927626678 41.897469426801),35
1546d162fd47ae3b58a6ec0030858b8d30e2adb5946cb6c9ce34192b29fc7fd56488b974a5144c9ab5736e882142d188ae9c561dc230783ed140ea0fe85530c3,2025/2/28 19:00,30,TRAFFIC SIGNAL,FUNCTIONING PROPERLY,CLEAR,"DARKNESS, LIGHTED ROAD",SIDESWIPE SAME DIRECTION,DIVIDED - W/MEDIAN BARRIER,STRAIGHT AND LEVEL,UNKNOWN,UNKNOWN,NOT ON SCENE (DESK REPORT),NO INJURY / DRIVE AWAY,"OVER $1,500",2025-02-28T19:28:00.000,UNABLE TO DETERMINE,NOT APPLICABLE,2801,W,PETERSON AVE,2011,2,NO INDICATION OF INJURY,0,0,0,0,0,4,0,19,6,2,41.99033256,-87.69946212,POINT (-87.699462116166 41.990332558688),30
20fa431f9214d5bd932a1fc321ef2b616b9f3f7dd6dc4bd6934122c1576f67828de793ad13c11990caa144803f14e15e0ad6762e87ef032d4f55ef7333532923,2025/2/28 19:00,20,STOP SIGN/FLASHER,NO CONTROLS,CLEAR,"DARKNESS, LIGHTED ROAD",ANGLE,ONE-WAY,STRAIGHT AND LEVEL,DRY,NO DEFECTS,NOT ON SCENE (DESK REPORT),INJURY AND / OR TOW DUE TO CRASH,"OVER $1,500",2025-02-28T20:45:00.000,FAILING TO YIELD RIGHT-OF-WAY,NOT APPLICABLE,4200,W,18TH ST,1012,2,"REPORTED, NOT EVIDENT",1,0,0,0,1,2,0,19,6,2,41.85707987,-87.72990936,POINT (-87.729909362467 41.857079872011),20
faf23fa8a439bd8882a701c1eed5ada6021e90a0b50be187f463413111f3eeab97836c436ccec4207e2194628c67fa1a9f53cbe7fa2431ad0619657a5b2a2628,2025/2/28 19:00,30,OTHER,FUNCTIONING PROPERLY,CLEAR,"DARKNESS, LIGHTED ROAD",PARKED MOTOR VEHICLE,NOT DIVIDED,STRAIGHT AND LEVEL,DRY,NO DEFECTS,ON SCENE,INJURY AND / OR TOW DUE TO CRASH,"OVER $1,500",2025-02-28T19:06:00.000,EQUIPMENT - VEHICLE CONDITION,DRIVING SKILLS/KNOWLEDGE/EXPERIENCE,211,W,23RD PL,914,2,NO INDICATION OF INJURY,0,0,0,0,0,3,0,19,6,2,41.84994939,-87.63245784,POINT (-87.632457837643 41.849949386364),30
2fa5bc019f8341d3fd8a6a69d6234fc02c390a933277c945a4704044d3b0899eb8674e8f0d8387f6c6fe2e9c92538c9369d0f6716254308bed9b17d2f7865ee4,2025/2/28 18:58,30,TRAFFIC SIGNAL,FUNCTIONING PROPERLY,CLEAR,"DARKNESS, LIGHTED ROAD",REAR END,OTHER,STRAIGHT AND LEVEL,DRY,NO DEFECTS,ON SCENE,NO INJURY / DRIVE AWAY,"$501 - $1,500",2025-02-28T18:58:00.000,UNABLE TO DETERMINE,NOT APPLICABLE,5501,S,HARLEM AVE,811,2,NO INDICATION OF INJURY,0,0,0,0,0,2,0,18,6,2,41.79185207,-87.8013778,POINT (-87.801377798929 41.79185206544),30
4465d757a1edd483a7712060b55b5e0392658f08774f51dc2fb436eedfb07d47596ce870f15adaa2c596ba38b62eb4a4cb51dabe797c5ea297c8fe634bc73ae7,2025/2/28 18:57,30,TRAFFIC SIGNAL,FUNCTIONING PROPERLY,CLEAR,"DARKNESS, LIGHTED ROAD",TURNING,FOUR WAY,STRAIGHT AND LEVEL,DRY,NO DEFECTS,NOT ON SCENE (DESK REPORT),NO INJURY / DRIVE AWAY,"OVER $1,500",2025-03-01T09:55:00.000,FAILING TO YIELD RIGHT-OF-WAY,UNABLE TO DETERMINE,800,W,MONTROSE AVE,1914,2,NO INDICATION OF INJURY,0,0,0,0,0,2,0,18,6,2,41.9619521,-87.64997733,POINT (-87.649977333109 41.961952099022),30
13c43acf85e2d9e5312985737060f69744e474961046a9190522befd994af87635adcb820f33ac960ecb7130aeded2c090d724638037b0693f096d1bfeafb316,2025/2/28 18:49,35,TRAFFIC SIGNAL,FUNCTIONING PROPERLY,CLEAR,DARKNESS,REAR END,NOT DIVIDED,STRAIGHT AND LEVEL,DRY,NO DEFECTS,ON SCENE,NO INJURY / DRIVE AWAY,$500 OR LESS,2025-02-28T18:51:00.000,FOLLOWING TOO CLOSELY,NOT APPLICABLE,1459,S,PULASKI RD,1011,2,NO INDICATION OF INJURY,0,0,0,0,0,2,0,18,6,2,41.86078967,-87.72486661,POINT (-87.724866610672 41.860789670069),35
56123dcfecff5ccc42ffb4f1f6cef6b595206c72354210ac1cc518a5900909e546ed84939179739c10690ece895b214fa03d304f909e10a0d61d9dfe80fa3cab,2025/2/28 18:45,30,UNKNOWN,UNKNOWN,CLEAR,"DARKNESS, LIGHTED ROAD",REAR END,NOT DIVIDED,STRAIGHT ON GRADE,DRY,UNKNOWN,NOT ON SCENE (DESK REPORT),NO INJURY / DRIVE AWAY,"OVER $1,500",2025-02-28T19:20:00.000,UNABLE TO DETERMINE,UNABLE TO DETERMINE,5707,N,RIDGE AVE,2013,2,NO INDICATION OF INJURY,0,0,0,0,0,2,0,18,6,2,41.98586961,-87.66350358,POINT (-87.663503584485 41.985869607373),30
806456149dbc754159782568dd9b9ec502158725eb204976fc5bdb1023c77130a6911ccfa595aecb56ba3ccc7de3326320bd5ef18cc65f96a9cb99e7b572aee1,2025/2/28 18:45,30,TRAFFIC SIGNAL,FUNCTIONING PROPERLY,CLEAR,"DARKNESS, LIGHTED ROAD",TURNING,DIVIDED - W/MEDIAN (NOT RAISED),STRAIGHT AND LEVEL,UNKNOWN,UNKNOWN,NOT ON SCENE (DESK REPORT),NO INJURY / DRIVE AWAY,"OVER $1,500",2025-02-28T20:00:00.000,UNABLE TO DETERMINE,NOT APPLICABLE,5657,N,BROADWAY,2022,2,NO INDICATION OF INJURY,0,0,0,0,0,2,0,18,6,2,41.98531588,-87.65997442,POINT (-87.659974424722 41.985315879067),30
4f8e1bf7697d0460c78ed150f199ff72806e934705aa9102b870ec881a81f0c8b9a5b14a5604945a25139923ba92ebff043e7d46d50ce53abbf4e04d72b50385,2025/2/28 18:44,30,UNKNOWN,UNKNOWN,UNKNOWN,UNKNOWN,SIDESWIPE SAME DIRECTION,UNKNOWN,STRAIGHT AND LEVEL,UNKNOWN,UNKNOWN,NOT ON SCENE (DESK REPORT),NO INJURY / DRIVE AWAY,"OVER $1,500",2025-03-05T15:50:00.000,UNABLE TO DETERMINE,NOT APPLICABLE,5401,W,LAWRENCE AVE,1623,2,NO INDICATION OF INJURY,0,0,0,0,0,2,0,18,6,2,41.967561,-87.76267672,POINT (-87.762676718152 41.967560999712),30
510148c1d2f82e64b08f5bff33f2029b6eef898825a1fd4836dd3be9d6c73fd2423e5a4ea3978633098433e299750949947b83ef3d7ec989ccb1d0d65ce8f2ee,2025/2/28 18:40,30,UNKNOWN,NO CONTROLS,CLEAR,DARKNESS,ANGLE,FOUR WAY,STRAIGHT AND LEVEL,DRY,NO DEFECTS,ON SCENE,NO INJURY / DRIVE AWAY,"OVER $1,500",2025-02-28T18:40:00.000,NOT APPLICABLE,NOT APPLICABLE,13499,S,BRANDON AVE,433,2,NO INDICATION OF INJURY,0,0,0,0,0,2,0,18,6,2,41.65011617,-87.54578109,POINT (-87.545781091194 41.650116165997),30
b7cdbc8121a050ed187ec272a524c95ecdcfb2eb5e794d314a13d404116b2973eba6fb1597e8e6da86e360f519e2ae40c54253fddf4df1b448f5e11b7f3c2523,2025/2/28 18:38,30,STOP SIGN/FLASHER,FUNCTIONING PROPERLY,CLEAR,"DARKNESS, LIGHTED ROAD",ANGLE,FOUR WAY,STRAIGHT AND LEVEL,DRY,NO DEFECTS,ON SCENE,INJURY AND / OR TOW DUE TO CRASH,"OVER $1,500",2025-02-28T18:38:00.000,UNABLE TO DETERMINE,UNABLE TO DETERMINE,5849,W,MIDWAY PARK,1512,3,NONINCAPACITATING INJURY,1,0,0,1,0,5,0,18,6,2,41.88887432,-87.77189979,POINT (-87.771899791202 41.888874322261),30
047928f18e1c5aa855968355df97f46251cf3a085f35d87362a794197c83a81bfab8bfd9ad0fe90271f8aaa0aa1eae4969e51b800a12c9bb0ad7e8b5871378de,2025/2/28 18:30,30,TRAFFIC SIGNAL,FUNCTIONING IMPROPERLY,CLEAR,"DARKNESS, LIGHTED ROAD",REAR END,NOT DIVIDED,STRAIGHT AND LEVEL,UNKNOWN,UNKNOWN,NOT ON SCENE (DESK REPORT),NO INJURY / DRIVE AWAY,$500 OR LESS,2025-02-28T18:39:00.000,FOLLOWING TOO CLOSELY,UNABLE TO DETERMINE,6644,S,ASHLAND AVE,725,2,NO INDICATION OF INJURY,0,0,0,0,0,4,0,18,6,2,41.77267651,-87.66418296,POINT (-87.664182956933 41.772676514646),30
eea2310f48fcab588962148acc574ab34613fbf66ebc730bc28e54a4266ab76d9db625e0743952c5d3aa024a6a2e4abd8cfa83e4982856791f96c97704dcb995,2025/2/28 18:30,10,NO CONTROLS,NO CONTROLS,CLEAR,DAYLIGHT,ANGLE,PARKING LOT,STRAIGHT AND LEVEL,DRY,NO DEFECTS,NOT ON SCENE (DESK REPORT),NO INJURY / DRIVE AWAY,"OVER $1,500",2025-02-28T18:30:00.000,UNABLE TO DETERMINE,UNABLE TO DETERMINE,2228,S,WESTERN AVE,1034,2,NO INDICATION OF INJURY,0,0,0,0,0,2,0,18,6,2,41.85121711,-87.68576451,POINT (-87.685764506424 41.85121711426),10
fd068420a6a9a0d1baae64f298f87f3e9a1851b0a110971a942b9c8a65a17231a8357db44e8f48f58a048992ac25b8b10d011f5447a4892763b1e3ff5ed286c9,2025/2/28 18:20,30,NO CONTROLS,NO CONTROLS,CLOUDY/OVERCAST,"DARKNESS, LIGHTED ROAD",PARKED MOTOR VEHICLE,ONE-WAY,STRAIGHT AND LEVEL,DRY,NO DEFECTS,NOT ON SCENE (DESK REPORT),NO INJURY / DRIVE AWAY,$500 OR LESS,2025-02-28T18:21:00.000,IMPROPER BACKING,UNABLE TO DETERMINE,5843,W,HURON ST,1511,2,NO INDICATION OF INJURY,0,0,0,0,0,1,0,18,6,2,41.89274228,-87.77180445,POINT (-87.771804446924 41.892742279244),30
b67dc303e27a392c990c1af11b252f26a07d6df806656d016a73f3cc9c90c1142aee5e4343983a6f1c7d1b03a949d2c4012f7b17382705f19bd9256a40aebda1,2025/2/28 18:17,30,TRAFFIC SIGNAL,FUNCTIONING PROPERLY,CLEAR,"DARKNESS, LIGHTED ROAD",SIDESWIPE SAME DIRECTION,NOT DIVIDED,STRAIGHT AND LEVEL,DRY,NO DEFECTS,ON SCENE,NO INJURY / DRIVE AWAY,"$501 - $1,500",2025-02-28T18:17:00.000,IMPROPER OVERTAKING/PASSING,DRIVING SKILLS/KNOWLEDGE/EXPERIENCE,700,W,59TH ST,711,2,NO INDICATION OF INJURY,0,0,0,0,0,4,0,18,6,2,41.7871761,-87.64259902,POINT (-87.642599017508 41.78717610203),30