crash_record_id,crash_date,posted_speed_limit,traffic_control_device,device_condition,weather_condition,lighting_condition,first_crash_type,trafficway_type,alignment,roadway_surface_cond,road_defect,report_type,crash_type,damage,date_police_notified,prim_contributory_cause,sec_contributory_cause,street_no,street_direction,street_name,beat_of_occurrence,num_units,most_severe_injury,injuries_total,injuries_fatal,injuries_incapacitating,injuries_non_incapacitating,injuries_reported_not_evident,injuries_no_indication,injuries_unknown,crash_hour,crash_day_of_week,crash_month,latitude,longitude,location,speed_limit
44960864c49eabc042e4456dffd7cec373f02c1c3b369af88b87b5deff8f9782793cd48b6ffc85e1ddebb720e472882a32a937c5240e3962c3407d2024c8d0f1,2025/2/28 18:11,10,NO CONTROLS,NO CONTROLS,CLEAR,DARKNESS,PARKED MOTOR VEHICLE,PARKING LOT,STRAIGHT AND LEVEL,UNKNOWN,UNKNOWN,NOT ON SCENE (DESK REPORT),NO INJURY / DRIVE AWAY,"$501 - $1,500",2025-02-28T18:55:00.000,DRIVING SKILLS/KNOWLEDGE/EXPERIENCE,NOT APPLICABLE,6607,N,CLARK ST,2432,2,NO INDICATION OF INJURY,0,0,0,0,0,1,0,18,6,2,42.00196447,-87.67179733,POINT (-87.671797332631 42.001964473544),10
68907185b3fc63dd5b1de3550184b3e58c1d88e26fc242bd4396c87ac6e113d83e1cbe75168612d7d424669ce7857125a969e74e26cb1b5cf03875df526a69cf,2025/2/28 18:10,30,TRAFFIC SIGNAL,FUNCTIONING PROPERLY,CLEAR,"DARKNESS, LIGHTED ROAD",TURNING,T-INTERSECTION,STRAIGHT AND LEVEL,DRY,NO DEFECTS,ON SCENE,INJURY AND / OR TOW DUE TO CRASH,"$501 - $1,500",2025-02-28T18:10:00.000,IMPROPER OVERTAKING/PASSING,FAILING TO YIELD RIGHT-OF-WAY,179,S,LOWER WACKER DR,122,3,NO INDICATION OF INJURY,0,0,0,0,0,2,0,18,6,2,41.87941797,-87.63652115,POINT (-87.636521149204 41.879417972325),30
6460245beb2028f7e235d555418d2899022c07e36eb747893b720e3e5161cbe9fd7d5d751e0981f2c1144d54eebe18ce9da86eb23a4f76f810983450fc8e5308,2025/2/28 18:00,30,STOP SIGN/FLASHER,FUNCTIONING PROPERLY,CLEAR,DAWN,PEDESTRIAN,NOT DIVIDED,STRAIGHT AND LEVEL,DRY,NO DEFECTS,ON SCENE,INJURY AND / OR TOW DUE TO CRASH,"OVER $1,500",2025-02-28T19:35:00.000,FAILING TO YIELD RIGHT-OF-WAY,NOT APPLICABLE,3129,W,BYRON ST,1733,2,NONINCAPACITATING INJURY,1,0,0,1,0,1,0,18,6,2,41.95201345,-87.70668234,POINT (-87.70668234479 41.952013446018),30
82896a294a7e93c607ebdc81700ed3f0ea35cd77b787c524149bbce579983193ed6c04654de61b172be8af7ed7980e214e692ba16e1e746125732637d0ee5be8,2025/2/28 18:00,30,NO CONTROLS,NO CONTROLS,CLEAR,DAYLIGHT,PARKED MOTOR VEHICLE,NOT DIVIDED,STRAIGHT AND LEVEL,DRY,NO DEFECTS,NOT ON SCENE (DESK REPORT),NO INJURY / DRIVE AWAY,"OVER $1,500",2025-02-28T20:15:00.000,IMPROPER LANE USAGE,UNABLE TO DETERMINE,3200,N,KIMBALL AVE,1732,2,NO INDICATION OF INJURY,0,0,0,0,0,1,0,18,6,2,41.93931966,-87.71264129,POINT (-87.712641285082 41.939319663188),30
8d77d0bc35934c4dc5c3683dc1a7eeaa030ee2c85d05e2577f89715d7efa4d72b585c96df8e99b42e0398d9ea95a03436a705701faea0a1fee02c8c1e2974272,2025/2/28 18:00,30,NO CONTROLS,NO CONTROLS,CLEAR,DAYLIGHT,OTHER OBJECT,DIVIDED - W/MEDIAN BARRIER,STRAIGHT AND LEVEL,DRY,"RUT, HOLES",NOT ON SCENE (DESK REPORT),NO INJURY / DRIVE AWAY,$500 OR LESS,2025-03-04T10:15:00.000,ROAD CONSTRUCTION/MAINTENANCE,UNABLE TO DETERMINE,3315,W,OGDEN AVE,1024,1,NO INDICATION OF INJURY,0,0,0,0,0,1,0,18,6,2,41.85668453,-87.70838196,POINT (-87.70838195803 41.856684532692),30
c6553fc39c9846c50e746b90e0d2d60f84efad0ca2055bfaaa799d01cd045f4e81e6e2e669ddb1c09a889d28090025e6fe4529fd4a565a1e79a07d5fb35693b3,2025/2/28 18:00,30,NO CONTROLS,NO CONTROLS,CLEAR,"DARKNESS, LIGHTED ROAD",SIDESWIPE SAME DIRECTION,NOT DIVIDED,STRAIGHT AND LEVEL,DRY,NO DEFECTS,NOT ON SCENE (DESK REPORT),NO INJURY / DRIVE AWAY,"$501 - $1,500",2025-02-28T20:40:00.000,FAILING TO YIELD RIGHT-OF-WAY,FAILING TO YIELD RIGHT-OF-WAY,4000,S,CICERO AVE,1031,2,NO INDICATION OF INJURY,0,0,0,0,0,2,0,18,6,2,41.82056577,-87.7436532,POINT (-87.743653198213 41.820565772976),30
9a926fcb0a99b3cc7534e6f4b1250541b22e84a161b3e1d34b84cf383eabf2d2b16aa3e340446f812d84dd7bf1d9028a9f0d721c42c1327105add5b16ec848b8,2025/2/28 17:57,30,UNKNOWN,FUNCTIONING PROPERLY,CLEAR,"DARKNESS, LIGHTED ROAD",ANGLE,DIVIDED - W/MEDIAN (NOT RAISED),STRAIGHT AND LEVEL,DRY,NO DEFECTS,ON SCENE,INJURY AND / OR TOW DUE TO CRASH,"OVER $1,500",2025-02-28T18:15:00.000,UNDER THE INFLUENCE OF ALCOHOL/DRUGS (USE WHEN ARREST IS EFFECTED),FAILING TO YIELD RIGHT-OF-WAY,1313,N,WESTERN AVE,1424,3,NONINCAPACITATING INJURY,1,0,0,1,0,1,0,17,6,2,41.90527532,-87.68694035,POINT (-87.686940352729 41.90527532274),30
c28d17f0f2686927c7c89d19d76ed0be3b42531093bc31356af2223b23e02ceaa0833c2d0282f2e80ac9e8777d977b5ef179f44855b4b6b8152edd2e91ca6a9e,2025/2/28 17:55,25,NO CONTROLS,NO CONTROLS,CLEAR,DAYLIGHT,TURNING,PARKING LOT,STRAIGHT AND LEVEL,DRY,NO DEFECTS,NOT ON SCENE (DESK REPORT),NO INJURY / DRIVE AWAY,"OVER $1,500",2025-02-28T19:30:00.000,UNABLE TO DETERMINE,UNABLE TO DETERMINE,2027,E,95TH ST,431,2,NO INDICATION OF INJURY,0,0,0,0,0,3,0,17,6,2,41.72237211,-87.5742747,POINT (-87.57427469549 41.722372111968),25
ae5b9a2c7dec520852cd0a1c31ae7a14e7a854de9721d9f03c0b2aa852fae3ba467f7f651f43e4ba42e93cb11e1b3e04f7d0132da56c559f12051d1996938a88,2025/2/28 17:52,30,TRAFFIC SIGNAL,FUNCTIONING PROPERLY,CLEAR,"DARKNESS, LIGHTED ROAD",REAR END,ONE-WAY,STRAIGHT AND LEVEL,DRY,NO DEFECTS,ON SCENE,NO INJURY / DRIVE AWAY,"$501 - $1,500",2025-02-28T17:52:00.000,FOLLOWING TOO CLOSELY,NOT APPLICABLE,1601,W,CONGRESS PKWY,1231,2,NO INDICATION OF INJURY,0,0,0,0,0,2,0,17,6,2,41.87506476,-87.66674637,POINT (-87.666746366711 41.875064760708),30
89b315b63475124b48f05986be109ccd4de192a706687ddb76218387cfdfc94ad51b357e4abd74031fed17004534d2f9a8a75c3902740bd0c4e0c544c84a7521,2025/2/28 17:50,30,NO CONTROLS,NO CONTROLS,CLEAR,"DARKNESS, LIGHTED ROAD",TURNING,DIVIDED - W/MEDIAN (NOT RAISED),STRAIGHT AND LEVEL,DRY,UNKNOWN,ON SCENE,NO INJURY / DRIVE AWAY,"OVER $1,500",2025-02-28T17:59:00.000,IMPROPER TURNING/NO SIGNAL,NOT APPLICABLE,3134,W,76TH ST,835,2,NO INDICATION OF INJURY,0,0,0,0,0,4,0,17,6,2,41.75539484,-87.70148388,POINT (-87.70148388395 41.75539484205),30
c7f907ffc2fff80c8f548013a4ddfcd134fcd3d7b901f9c3884e1576e941ede961e29004d870bf446dcfd7b9c50fbbb70454ba8e92850137be12e29c5d3ad717,2025/2/28 17:50,45,UNKNOWN,UNKNOWN,UNKNOWN,UNKNOWN,REAR END,OTHER,STRAIGHT AND LEVEL,UNKNOWN,UNKNOWN,NOT ON SCENE (DESK REPORT),NO INJURY / DRIVE AWAY,"OVER $1,500",2025-03-01T10:50:00.000,FOLLOWING TOO CLOSELY,FOLLOWING TOO CLOSELY,3201,N,LAKE SHORE DR NB,1925,2,NO INDICATION OF INJURY,0,0,0,0,0,2,0,17,6,2,41.94061835,-87.6381939,POINT (-87.63819390104 41.94061834887),45
daefe2a62d70a995f2417d2ead118c47bc8eedce4cfc48ceb35e2a1538fb7b50bf47ff01423ba8ece585fd10ed7097e6ef9389e0a253b8d1988c1b96e6641d44,2025/2/28 17:47,25,NO CONTROLS,NOT FUNCTIONING,CLEAR,UNKNOWN,REAR TO FRONT,NOT DIVIDED,STRAIGHT AND LEVEL,UNKNOWN,UNKNOWN,ON SCENE,NO INJURY / DRIVE AWAY,"$501 - $1,500",2025-02-28T18:00:00.000,FAILING TO YIELD RIGHT-OF-WAY,NOT APPLICABLE,4322,W,49TH ST,815,2,NO INDICATION OF INJURY,0,0,0,0,0,2,0,17,6,2,41.80422006,-87.7318979,POINT (-87.731897899114 41.8042200605),25
b903423b73178c9ccf046e6f44633a6a1a70e6a21bc6af5bac99f750fd3e6e074ccf958935e669ac3f64dd660dc8ec5ac3d684b82887a35fc82524c98302c7ce,2025/2/28 17:45,30,NO CONTROLS,NO CONTROLS,CLEAR,DAYLIGHT,TURNING,NOT DIVIDED,STRAIGHT AND LEVEL,UNKNOWN,NO DEFECTS,NOT ON SCENE (DESK REPORT),NO INJURY / DRIVE AWAY,"$501 - $1,500",2025-02-28T18:28:00.000,NOT APPLICABLE,NOT APPLICABLE,5523,N,MOBILE AVE,1622,2,NO INDICATION OF INJURY,0,0,0,0,0,2,0,17,6,2,41.98188557,-87.78518353,POINT (-87.785183526781 41.981885566937),30
e4fdf63ae0470496766a63a99ef9a6ad3cff24232acbf02847bf70097329ad31608353c25dfcec04b64797511b8c007ef3eed5329aab8fd2b91ec4b9083228ee,2025/2/28 17:40,30,TRAFFIC SIGNAL,FUNCTIONING PROPERLY,CLEAR,DAYLIGHT,REAR END,T-INTERSECTION,STRAIGHT AND LEVEL,DRY,NO DEFECTS,ON SCENE,NO INJURY / DRIVE AWAY,"OVER $1,500",2025-02-28T17:45:00.000,FOLLOWING TOO CLOSELY,FOLLOWING TOO CLOSELY,35,W,75TH ST,623,2,NO INDICATION OF INJURY,0,0,0,0,0,2,0,17,6,2,41.7580542,-87.62616784,POINT (-87.626167835081 41.758054195707),30
4d984a813093a2113f327b75b3f5f5036bfe5759ec29e0abf81037c7e64a6cc9ca709b3606915fc1ab89ae87ad561f4da378d61ce21e910abb3cbfd24a779c4c,2025/2/28 17:35,35,TRAFFIC SIGNAL,FUNCTIONING PROPERLY,CLEAR,DUSK,TURNING,FOUR WAY,STRAIGHT AND LEVEL,DRY,NO DEFECTS,NOT ON SCENE (DESK REPORT),NO INJURY / DRIVE AWAY,"OVER $1,500",2025-02-28T18:40:00.000,FAILING TO YIELD RIGHT-OF-WAY,UNABLE TO DETERMINE,9200,S,ASHLAND AVE,2221,2,NO INDICATION OF INJURY,0,0,0,0,0,2,0,17,6,2,41.72657419,-87.66295077,POINT (-87.662950767468 41.72657418588),35
c6218c6af7a83d679e47015c766dcf5b4fe14a6829190bee55e379c46253618193061bb602eb27a3af07298dcc673f44ad2f0f07370421780562e279b9e64e95,2025/2/28 17:35,30,NO CONTROLS,NO CONTROLS,CLEAR,DAYLIGHT,SIDESWIPE SAME DIRECTION,NOT DIVIDED,STRAIGHT AND LEVEL,DRY,NO DEFECTS,NOT ON SCENE (DESK REPORT),NO INJURY / DRIVE AWAY,"OVER $1,500",2025-03-03T17:00:00.000,IMPROPER OVERTAKING/PASSING,NOT APPLICABLE,3300,W,MONTROSE AVE,1724,2,NO INDICATION OF INJURY,0,0,0,0,0,2,0,17,6,2,41.96126821,-87.71075304,POINT (-87.710753043479 41.961268212904),30
927af942ba2cca8e7b28cadd709bddaeebbc739b1204140909a4a54eca30cbbd185264c312ea48801adbf02c825543d2b730c93c940817038a10a22d07753d19,2025/2/28 17:30,40,NO CONTROLS,NO CONTROLS,CLEAR,DAYLIGHT,SIDESWIPE SAME DIRECTION,DIVIDED - W/MEDIAN BARRIER,STRAIGHT AND LEVEL,DRY,NO DEFECTS,ON SCENE,NO INJURY / DRIVE AWAY,"$501 - $1,500",2025-02-28T17:38:00.000,IMPROPER LANE USAGE,IMPROPER LANE USAGE,5253,S,LAKE SHORE DR SB,234,3,NO INDICATION OF INJURY,0,0,0,0,0,3,0,17,6,2,41.79994822,-87.58117956,POINT (-87.581179556508 41.799948220136),40
468ac42f80ed9edd7fb0b02de8cab9f69e1494ca950aa1a5ab8e93f4a46ffabbfff7d06f0589c8823734965ac00e94c446260452bdd5c96af23ad193d4a4fc86,2025/2/28 17:20,30,NO CONTROLS,NO CONTROLS,CLEAR,DAYLIGHT,PARKED MOTOR VEHICLE,DIVIDED - W/MEDIAN (NOT RAISED),STRAIGHT AND LEVEL,DRY,NO DEFECTS,NOT ON SCENE (DESK REPORT),NO INJURY / DRIVE AWAY,"$501 - $1,500",2025-03-02T15:50:00.000,UNABLE TO DETERMINE,NOT APPLICABLE,8322,S,SCOTTSDALE AVE,834,2,NO INDICATION OF INJURY,0,0,0,0,0,1,0,17,6,2,41.74129457,-87.73491389,POINT (-87.734913889278 41.741294572695),30
8ea4ef186f4eb444dcb1e9cdda8ad4a13ddd4a96e099c25c1f79308f61a80de94391fb6755c7d9c1b023346680574414fb29a097e2cd1de14dacb9c0a9d0d145,2025/2/28 17:15,30,TRAFFIC SIGNAL,FUNCTIONING PROPERLY,CLEAR,DAYLIGHT,TURNING,DIVIDED - W/MEDIAN (NOT RAISED),STRAIGHT AND LEVEL,DRY,NO DEFECTS,NOT ON SCENE (DESK REPORT),INJURY AND / OR TOW DUE TO CRASH,"$501 - $1,500",2025-02-28T19:37:00.000,FAILING TO YIELD RIGHT-OF-WAY,NOT APPLICABLE,8639,S,CICERO AVE,834,2,"REPORTED, NOT EVIDENT",1,0,0,0,1,1,0,17,6,2,41.73524228,-87.74084402,POINT (-87.740844016818 41.735242276938),30
d8fafd33c048726623e89da6462bdf47b28b3ba457d6faf22b46a4b34433e16f1f22d9c6a620f3d1b807ffa2edd04a5e7c72b226a73327cf8e3fb9bac415b7ce,2025/2/28 17:15,30,TRAFFIC SIGNAL,FUNCTIONING PROPERLY,CLEAR,DAYLIGHT,ANGLE,FOUR WAY,STRAIGHT AND LEVEL,DRY,NO DEFECTS,NOT ON SCENE (DESK REPORT),NO INJURY / DRIVE AWAY,"OVER $1,500",2025-02-28T17:30:00.000,UNABLE TO DETERMINE,UNABLE TO DETERMINE,1200,W,HARRISON ST,1231,2,NO INDICATION OF INJURY,0,0,0,0,0,2,0,17,6,2,41.87438864,-87.65695889,POINT (-87.656958888781 41.8743886435),30
af7a8530ebc424d906ef4f362b09319b54a450be6d173f5bc5fe1e755767664c71a39dab6f8fdec6bc9a0cdd8ca316d0e0055e97bb8baa38d50247d49c430593,2025/2/28 17:10,25,TRAFFIC SIGNAL,FUNCTIONING PROPERLY,CLEAR,DAYLIGHT,SIDESWIPE SAME DIRECTION,DIVIDED - W/MEDIAN (NOT RAISED),STRAIGHT AND LEVEL,DRY,NO DEFECTS,NOT ON SCENE (DESK REPORT),NO INJURY / DRIVE AWAY,"$501 - $1,500",2025-02-28T19:30:00.000,IMPROPER OVERTAKING/PASSING,NOT APPLICABLE,6340,N,BROADWAY,2433,2,NO INDICATION OF INJURY,0,0,0,0,0,2,0,17,6,2,41.99759056,-87.66063912,POINT (-87.660639122729 41.997590557921),25
2742d5b95102cf9fea29f2a45958a4a51053cb18c6d6e9a22181e68f96ecdfc0339889bf642b23f5f48adb476b1ba03164e404220d93eb43e3f2b3b53ba7380d,2025/2/28 17:08,30,TRAFFIC SIGNAL,FUNCTIONING PROPERLY,CLEAR,DAYLIGHT,TURNING,DIVIDED - W/MEDIAN BARRIER,STRAIGHT AND LEVEL,DRY,NO DEFECTS,ON SCENE,NO INJURY / DRIVE AWAY,"OVER $1,500",2025-02-28T17:08:00.000,FOLLOWING TOO CLOSELY,NOT APPLICABLE,1430,S,LAKE SHORE DR NB,132,2,NO INDICATION OF INJURY,0,0,0,0,0,2,0,17,6,2,41.86326636,-87.61908779,POINT (-87.619087788152 41.863266358713),30
a84391edf3a199911ac3c45ab897a17608e2bd29c100865b34fc6ab637242176dff7961d0a147f8e9aca8cc6f5ab9ded859421f0b4bac5826d0390c487871f8d,2025/2/28 17:06,30,UNKNOWN,UNKNOWN,CLEAR,DAYLIGHT,SIDESWIPE SAME DIRECTION,OTHER,STRAIGHT AND LEVEL,UNKNOWN,UNKNOWN,ON SCENE,NO INJURY / DRIVE AWAY,"OVER $1,500",2025-02-28T17:07:00.000,UNABLE TO DETERMINE,UNABLE TO DETERMINE,732,W,GARFIELD BLVD,935,2,NO INDICATION OF INJURY,0,0,0,0,0,2,0,17,6,2,41.79443124,-87.64406117,POINT (-87.644061174125 41.794431243086),30
0dd36a64228bb377afefb9ed5111c588f92099ce8d167f384f3fb4362726c15d7f2e33f9b6d2bd02e8cfac7a53ee8ab0a581e1f0e4db7edf525cfca1eefececc,2025/2/28 17:00,10,NO CONTROLS,NO CONTROLS,OTHER,"DARKNESS, LIGHTED ROAD",PARKED MOTOR VEHICLE,PARKING LOT,STRAIGHT AND LEVEL,DRY,NO DEFECTS,NOT ON SCENE (DESK REPORT),NO INJURY / DRIVE AWAY,"OVER $1,500",2025-03-01T15:20:00.000,UNABLE TO DETERMINE,UNABLE TO DETERMINE,1640,W,JACKSON BLVD,1231,2,NO INDICATION OF INJURY,0,0,0,0,0,1,0,17,6,2,41.87770748,-87.66837168,POINT (-87.668371683772 41.877707480076),10
15d99f5128060125ec13d88eb382d9c4e7a5babe4784595012d4c51280f5d067e712eeb9f2e7c15ad35615995717c62bcb730bbe2a07b81fd52ee38b6e465cd0,2025/2/28 16:51,15,UNKNOWN,UNKNOWN,UNKNOWN,UNKNOWN,ANGLE,PARKING LOT,STRAIGHT AND LEVEL,UNKNOWN,UNKNOWN,NOT ON SCENE (DESK REPORT),NO INJURY / DRIVE AWAY,$500 OR LESS,2025-02-28T18:25:00.000,UNABLE TO DETERMINE,UNABLE TO DETERMINE,7510,N,WESTERN AVE,2411,2,NO INDICATION OF INJURY,0,0,0,0,0,2,0,16,6,2,42.01801744,-87.69033737,POINT (-87.690337368212 42.018017439434),15
82a747a5b678a9722e92f2a4a337be6d4e3dcba4acaa660dd6146fceb02b11b12f233ee599344b2409059338903533779b78ce3932885e01ca1a3330bd1fad83,2025/2/28 16:50,30,UNKNOWN,UNKNOWN,UNKNOWN,DAYLIGHT,SIDESWIPE OPPOSITE DIRECTION,NOT DIVIDED,STRAIGHT AND LEVEL,UNKNOWN,NO DEFECTS,NOT ON SCENE (DESK REPORT),NO INJURY / DRIVE AWAY,"OVER $1,500",2025-02-28T18:40:00.000,UNABLE TO DETERMINE,NOT APPLICABLE,1999,N,ASHLAND AVE,1433,2,NO INDICATION OF INJURY,0,0,0,0,0,2,0,16,6,2,41.91791085,-87.66780632,POINT (-87.667806320353 41.917910849539),30
359206e6bb8194ff70a38fb0520ada5fdc7a0cb8ce214ecfbd1e8962fa9214acfc0899925462fa9812a892a88c575eab81df98763b3035d79b4e62c7e00b3ea3,2025/2/28 16:40,30,TRAFFIC SIGNAL,FUNCTIONING PROPERLY,CLEAR,DAYLIGHT,REAR TO FRONT,NOT DIVIDED,STRAIGHT AND LEVEL,DRY,NO DEFECTS,NOT ON SCENE (DESK REPORT),NO INJURY / DRIVE AWAY,$500 OR LESS,2025-02-28T18:00:00.000,UNABLE TO DETERMINE,UNABLE TO DETERMINE,601,S,LARAMIE AVE,1533,2,NO INDICATION OF INJURY,0,0,0,0,0,2,0,16,6,2,41.87289818,-87.75465833,POINT (-87.754658327466 41.872898184774),30
8616f909df1a2a743aadad6d12f8009a29b912fd538f715ad478ce918085b4267e86d614a72504c16946d565fbe88df486e9c5f9a2e5d87ecadef6743ca29e91,2025/2/28 16:40,30,NO CONTROLS,NO CONTROLS,CLEAR,DAYLIGHT,SIDESWIPE SAME DIRECTION,DIVIDED - W/MEDIAN BARRIER,STRAIGHT AND LEVEL,DRY,NO DEFECTS,ON SCENE,NO INJURY / DRIVE AWAY,"OVER $1,500",2025-02-28T16:45:00.000,IMPROPER LANE USAGE,UNABLE TO DETERMINE,675,N,OGDEN AVE,1214,2,NO INDICATION OF INJURY,0,0,0,0,0,2,0,16,6,2,41.89429959,-87.65612851,POINT (-87.656128514473 41.894299590259),30
c183e18c03b053788b97870aacc433c1c8ff7a678652f8f356adf444b91c6eca0db5f182665fabadc63228387d904c1947ce5f08a530b6f9fa2416cb3d8c6ba0,2025/2/28 16:40,30,TRAFFIC SIGNAL,FUNCTIONING PROPERLY,CLEAR,DAYLIGHT,TURNING,FOUR WAY,STRAIGHT AND LEVEL,DRY,NO DEFECTS,ON SCENE,NO INJURY / DRIVE AWAY,"OVER $1,500",2025-02-28T16:47:00.000,IMPROPER OVERTAKING/PASSING,NOT APPLICABLE,6900,S,DAMEN AVE,735,2,NO INDICATION OF INJURY,0,0,0,0,0,2,0,16,6,2,41.76839298,-87.67377006,POINT (-87.673770056146 41.768392979654),30
f0e32a52e9aa262cd2050e92336970cba7f86bf4d129ef04a5890140c892d8146bd2bc1dc2487746ded30822d965288f2b0b0db83bc0868e4e6ae27dfd5c7098,2025/2/28 16:33,30,UNKNOWN,UNKNOWN,UNKNOWN,UNKNOWN,ANGLE,UNKNOWN,STRAIGHT AND LEVEL,UNKNOWN,UNKNOWN,NOT ON SCENE (DESK REPORT),NO INJURY / DRIVE AWAY,$500 OR LESS,2025-02-28T17:21:00.000,UNABLE TO DETERMINE,UNABLE TO DETERMINE,6401,N,DAMEN AVE,2412,2,NO INDICATION OF INJURY,0,0,0,0,0,2,0,16,6,2,41.99798876,-87.67999183,POINT (-87.67999182584 41.997988761532),30
14801d029e38be13e8ee874b4e048ff2351fc663dfcf0ef0ba6fc264532e33052f50055a4fd1b77b78c33acb757f37e079ad18336fed2494be05324a092afaf6,2025/2/28 16:30,30,NO CONTROLS,NO CONTROLS,CLEAR,DAYLIGHT,TURNING,UNKNOWN,STRAIGHT AND LEVEL,DRY,UNKNOWN,NOT ON SCENE (DESK REPORT),NO INJURY / DRIVE AWAY,"OVER $1,500",2025-02-28T17:15:00.000,IMPROPER TURNING/NO SIGNAL,UNABLE TO DETERMINE,1000,W,ROOSEVELT RD,1232,2,NO INDICATION OF INJURY,0,0,0,0,0,2,0,16,6,2,41.86719645,-87.65108822,POINT (-87.651088220891 41.867196446975),30
6d7b0fbc32643b1f7ec839ea2d18ed5ba461491f273f6e6bd72633c042b5aba09a03aa045df42f467f6763d2e07d05ad248ced0f9d0ab5807e600c9feb9f88dd,2025/2/28 16:26,30,STOP SIGN/FLASHER,FUNCTIONING PROPERLY,CLEAR,DAYLIGHT,TURNING,DIVIDED - W/MEDIAN (NOT RAISED),STRAIGHT AND LEVEL,DRY,NO DEFECTS,NOT ON SCENE (DESK REPORT),NO INJURY / DRIVE AWAY,"$501 - $1,500",2025-02-28T19:05:00.000,IMPROPER TURNING/NO SIGNAL,FAILING TO YIELD RIGHT-OF-WAY,3125,N,NARRAGANSETT AVE,2511,2,NO INDICATION OF INJURY,0,0,0,0,0,2,0,16,6,2,41.937244,-87.78574988,POINT (-87.785749879271 41.937244003088),30
9b72abd3e3b8d483f53aa0dd8f608abf1dbb39160ddb1c5822a563709ce701ddc45d2417d37bcd24b719d84fa9d181e554c4a8c2371d40c01a18dd359f1b7355,2025/2/28 16:25,30,UNKNOWN,UNKNOWN,CLEAR,DAYLIGHT,REAR END,NOT DIVIDED,STRAIGHT AND LEVEL,UNKNOWN,UNKNOWN,NOT ON SCENE (DESK REPORT),NO INJURY / DRIVE AWAY,"OVER $1,500",2025-02-28T18:05:00.000,UNABLE TO DETERMINE,UNABLE TO DETERMINE,801,W,MONTROSE AVE,1915,2,NO INDICATION OF INJURY,0,0,0,0,0,2,0,16,6,2,41.96173258,-87.64997444,POINT (-87.649974439605 41.96173258018),30
9969157573ab0c8083a303d9a46986fa6caa5af5e4a048c0a53ec1b74d288952bc86ccd26c0632c11d76b934e0971968c4af4dc73b19eaf0fe5624e744e2809b,2025/2/28 16:22,30,TRAFFIC SIGNAL,UNKNOWN,CLEAR,DAYLIGHT,PARKED MOTOR VEHICLE,Y-INTERSECTION,STRAIGHT AND LEVEL,DRY,UNKNOWN,NOT ON SCENE (DESK REPORT),NO INJURY / DRIVE AWAY,"OVER $1,500",2025-02-28T17:00:00.000,FAILING TO YIELD RIGHT-OF-WAY,FAILING TO YIELD RIGHT-OF-WAY,830,N,MILWAUKEE AVE,1213,2,NO INDICATION OF INJURY,0,0,0,0,0,2,0,16,6,2,41.89691824,-87.65668624,POINT (-87.656686241843 41.896918237041),30
b35769bb417ba564ccac2ed663016949dccac79f9b808ca6a81fc152b6a7908a5751cd7138f316721255addc28565c949382a4ab59e3db67b30f3ecf558bc79e,2025/2/28 16:20,30,TRAFFIC SIGNAL,FUNCTIONING PROPERLY,CLEAR,DAYLIGHT,ANGLE,FOUR WAY,STRAIGHT AND LEVEL,UNKNOWN,UNKNOWN,NOT ON SCENE (DESK REPORT),NO INJURY / DRIVE AWAY,"OVER $1,500",2025-02-28T16:52:00.000,UNABLE TO DETERMINE,NOT APPLICABLE,2400,W,AINSLIE ST,2031,2,NO INDICATION OF INJURY,0,0,0,0,0,2,0,16,6,2,41.97052061,-87.68900166,POINT (-87.689001662761 41.970520611604),30
dc3e51b6b86bd54ce9bc25f0234c6ede394dea5631ae44483acb050ff9d784f85adeb5401ac6d79a27daf976c3ddba3f9b329a08bb001bc9d82c71ca082fe565,2025/2/28 16:20,35,NO CONTROLS,NO CONTROLS,CLEAR,DAYLIGHT,SIDESWIPE SAME DIRECTION,DIVIDED - W/MEDIAN (NOT RAISED),STRAIGHT AND LEVEL,DRY,NO DEFECTS,ON SCENE,NO INJURY / DRIVE AWAY,"OVER $1,500",2025-02-28T16:23:00.000,DRIVING SKILLS/KNOWLEDGE/EXPERIENCE,DRIVING SKILLS/KNOWLEDGE/EXPERIENCE,4830,S,PULASKI RD,815,2,NO INDICATION OF INJURY,0,0,0,0,0,2,0,16,6,2,41.80509293,-87.72364911,POINT (-87.723649105114 41.805092933458),35
290f7ae5f19538fd337286b92c1de0f4c92e74c1a3aa9ef3f7dc44ece4f14b533d46be70b620fb732a967d763dd7657845a0aee140904a628db29039ba8bfe3f,2025/2/28 16:19,30,NO CONTROLS,NO CONTROLS,CLEAR,DAYLIGHT,SIDESWIPE SAME DIRECTION,NOT DIVIDED,STRAIGHT AND LEVEL,DRY,NO DEFECTS,ON SCENE,NO INJURY / DRIVE AWAY,"OVER $1,500",2025-02-28T16:19:00.000,DRIVING SKILLS/KNOWLEDGE/EXPERIENCE,NOT APPLICABLE,4302,W,ROOSEVELT RD,1131,2,NO INDICATION OF INJURY,0,0,0,0,0,4,0,16,6,2,41.86617443,-87.73264011,POINT (-87.732640108982 41.866174432643),30