crash_record_id,crash_date,posted_speed_limit,traffic_control_device,device_condition,weather_condition,lighting_condition,first_crash_type,trafficway_type,alignment,roadway_surface_cond,road_defect,report_type,crash_type,damage,date_police_notified,prim_contributory_cause,sec_contributory_cause,street_no,street_direction,street_name,beat_of_occurrence,num_units,most_severe_injury,injuries_total,injuries_fatal,injuries_incapacitating,injuries_non_incapacitating,injuries_reported_not_evident,injuries_no_indication,injuries_unknown,crash_hour,crash_day_of_week,crash_month,latitude,longitude,location,speed_limit
d261fdf4aa7473c367a96daebab8401bbbc34280d960209f136c9aa27cc6122f2f660fda69389d38f191fd9886147e4dc974e76a877c1d4099e3464f553b5924,2025/2/28 16:16,30,NO CONTROLS,NO CONTROLS,CLEAR,DAYLIGHT,SIDESWIPE SAME DIRECTION,NOT DIVIDED,STRAIGHT AND LEVEL,DRY,NO DEFECTS,ON SCENE,NO INJURY / DRIVE AWAY,"OVER $1,500",2025-02-28T16:25:00.000,IMPROPER OVERTAKING/PASSING,UNABLE TO DETERMINE,6010,W,IRVING PARK RD,1624,2,NO INDICATION OF INJURY,0,0,0,0,0,2,0,16,6,2,41.95315292,-87.77726279,POINT (-87.7772627906 41.953152918587),30
00d5a6ef937dc8b2fa28d3ae3a5a93086f0c8a0d352a13147f92f4f3f4fb4ad958b7b074907b3e732ca08765ffd91b564ca487ac894c39f221b87ba632de2b0a,2025/2/28 16:15,20,NO CONTROLS,NO CONTROLS,CLEAR,DAYLIGHT,SIDESWIPE SAME DIRECTION,ONE-WAY,STRAIGHT AND LEVEL,DRY,UNKNOWN,NOT ON SCENE (DESK REPORT),NO INJURY / DRIVE AWAY,$500 OR LESS,2025-03-01T18:10:00.000,UNABLE TO DETERMINE,NOT APPLICABLE,6358,W,FLETCHER ST,2511,2,NO INDICATION OF INJURY,0,0,0,0,0,2,0,16,6,2,41.93751617,-87.78578336,POINT (-87.785783359329 41.93751617038),20
204266d50d9ea61df4042b4c9a0884293dea53487993f3d1f3fb5cfd8b568aa5d759f15aeafb2f73f8586b7176dd51f7c1e292c8c68985da6eb09bab13200564,2025/2/28 16:14,30,TRAFFIC SIGNAL,NO CONTROLS,CLEAR,DAYLIGHT,REAR END,NOT DIVIDED,STRAIGHT AND LEVEL,DRY,NO DEFECTS,NOT ON SCENE (DESK REPORT),NO INJURY / DRIVE AWAY,"OVER $1,500",2025-03-01T09:30:00.000,FOLLOWING TOO CLOSELY,FOLLOWING TOO CLOSELY,9901,S,WESTERN AVE,2213,2,NO INDICATION OF INJURY,0,0,0,0,0,2,0,16,6,2,41.71357435,-87.68169278,POINT (-87.681692782928 41.713574350662),30
97e1b31104f5a52c62624eec184d6753978359b164e3a6a240173bd46c6487edc900fa1dc4a07ff55c3dfa1df55aaf1450429cffda446f390ab0cced0f085b2b,2025/2/28 16:10,30,NO CONTROLS,NO CONTROLS,CLEAR,DAYLIGHT,SIDESWIPE SAME DIRECTION,NOT DIVIDED,STRAIGHT AND LEVEL,DRY,NO DEFECTS,ON SCENE,NO INJURY / DRIVE AWAY,"OVER $1,500",2025-02-28T16:13:00.000,FAILING TO YIELD RIGHT-OF-WAY,IMPROPER TURNING/NO SIGNAL,1314,W,TAYLOR ST,1231,2,NO INDICATION OF INJURY,0,0,0,0,0,2,0,16,6,2,41.86947884,-87.65982123,POINT (-87.659821234696 41.869478836984),30
fc86292ee1b81129e57a03b91d3b075c5116de75e7aee4f21c6ca0e4c5e1bd18be4c5dd0a3d5056a6d2811300cbb933b3e56678518c87e45c5f846a759b15b1d,2025/2/28 16:10,35,NO CONTROLS,NO CONTROLS,CLEAR,DAYLIGHT,SIDESWIPE SAME DIRECTION,DIVIDED - W/MEDIAN (NOT RAISED),STRAIGHT AND LEVEL,DRY,UNKNOWN,ON SCENE,NO INJURY / DRIVE AWAY,$500 OR LESS,2025-02-28T16:31:00.000,IMPROPER OVERTAKING/PASSING,DRIVING SKILLS/KNOWLEDGE/EXPERIENCE,3733,W,47TH ST,821,2,NO INDICATION OF INJURY,0,0,0,0,0,3,0,16,6,2,41.80783787,-87.71751368,POINT (-87.717513679176 41.807837873006),35
a93ac176377df57f6a83f503d90c9549db0e07763b32fca56278b3dc8a06b40a40eced942ecaa4a8962f4841649aabec5e97fc96838ed4cb8120a1b4a0361dd3,2025/2/28 16:02,30,STOP SIGN/FLASHER,FUNCTIONING PROPERLY,CLEAR,DAYLIGHT,ANGLE,FOUR WAY,STRAIGHT AND LEVEL,DRY,NO DEFECTS,ON SCENE,NO INJURY / DRIVE AWAY,"OVER $1,500",2025-02-28T16:06:00.000,DRIVING ON WRONG SIDE/WRONG WAY,UNABLE TO DETERMINE,8200,S,RHODES AVE,631,2,NO INDICATION OF INJURY,0,0,0,0,0,2,0,16,6,2,41.7456055,-87.61128607,POINT (-87.611286070266 41.745605500209),30
19275335957aff3d92105218948a179f7f575295a091e342bf1a876273b429ea21fa6798d291a30342d2654d91970b67a1c37e7a90afeea7a90ca30c5bf75812,2025/2/28 16:00,30,NO CONTROLS,NO CONTROLS,CLEAR,DAYLIGHT,SIDESWIPE SAME DIRECTION,DIVIDED - W/MEDIAN (NOT RAISED),STRAIGHT AND LEVEL,DRY,NO DEFECTS,NOT ON SCENE (DESK REPORT),NO INJURY / DRIVE AWAY,"OVER $1,500",2025-02-28T19:30:00.000,UNABLE TO DETERMINE,UNABLE TO DETERMINE,4702,W,AUGUSTA BLVD,1111,2,NO INDICATION OF INJURY,0,0,0,0,0,2,0,16,6,2,41.89884373,-87.74381625,POINT (-87.743816247976 41.89884373005),30
35f4fbe3a3e346a43453bc91b3cdccb4a97f4df4c0c76bcdaad2128e705e453202e5c962750bd2235383f1bb7556804aec6f6bf55afd8464b76b0c2d674af16b,2025/2/28 16:00,30,NO CONTROLS,NO CONTROLS,CLEAR,DAYLIGHT,REAR END,NOT DIVIDED,STRAIGHT AND LEVEL,UNKNOWN,UNKNOWN,NOT ON SCENE (DESK REPORT),NO INJURY / DRIVE AWAY,"OVER $1,500",2025-02-28T19:26:00.000,UNABLE TO DETERMINE,UNABLE TO DETERMINE,815,N,HAMLIN AVE,1112,2,NO INDICATION OF INJURY,0,0,0,0,0,2,0,16,6,2,41.89590321,-87.72106284,POINT (-87.721062844794 41.895903211582),30
5f3e9c53ce5647e357325b17372d3394f2ab5da92f5b727fa0e8dc9b1f2b0bdab483d0a8a7e3c6fc6b2ac56e29857bdc0a6479e0c420c57617b636a365c909ed,2025/2/28 16:00,30,NO CONTROLS,NO CONTROLS,CLEAR,DAYLIGHT,REAR END,PARKING LOT,STRAIGHT AND LEVEL,DRY,NO DEFECTS,NOT ON SCENE (DESK REPORT),NO INJURY / DRIVE AWAY,"$501 - $1,500",2025-02-28T17:00:00.000,UNABLE TO DETERMINE,UNABLE TO DETERMINE,4626,W,DIVERSEY AVE,2521,2,NO INDICATION OF INJURY,0,0,0,0,0,3,0,16,6,2,41.93168892,-87.74301695,POINT (-87.743016946831 41.931688919351),30
63f4d74a3b092b1f9bbe50b54054b46b0abb4ac62624910e40d9fd34d8d2991e73ee18f9da74010ea1db7619677b29667c5e5e6e9d71c4d6ddf4e22f34243eb7,2025/2/28 16:00,30,STOP SIGN/FLASHER,FUNCTIONING PROPERLY,CLEAR,DAYLIGHT,REAR TO FRONT,FOUR WAY,STRAIGHT AND LEVEL,DRY,NO DEFECTS,NOT ON SCENE (DESK REPORT),NO INJURY / DRIVE AWAY,"$501 - $1,500",2025-03-01T10:10:00.000,IMPROPER BACKING,NOT APPLICABLE,2201,W,HOWARD ST,2411,2,NO INDICATION OF INJURY,0,0,0,0,0,2,0,16,6,2,42.01937592,-87.6847478,POINT (-87.684747795441 42.019375917635),30
8b227b9e50e3d6b5d5860970c4b57709532e44af2992c3d8b9f56c57a1dd4b67afba255226bae9081a8f1fd8456a05ef74729b8e477ad0a19c332bc867d32179,2025/2/28 16:00,30,TRAFFIC SIGNAL,FUNCTIONING PROPERLY,CLEAR,DAYLIGHT,REAR END,NOT DIVIDED,STRAIGHT AND LEVEL,UNKNOWN,UNKNOWN,NOT ON SCENE (DESK REPORT),NO INJURY / DRIVE AWAY,"OVER $1,500",2025-02-28T16:30:00.000,UNABLE TO DETERMINE,NOT APPLICABLE,3430,W,ROOSEVELT RD,1133,2,NO INDICATION OF INJURY,0,0,0,0,0,2,0,16,6,2,41.86644399,-87.71180238,POINT (-87.711802378964 41.866443990247),30
981856e262948885e95ba9e1c493d6e0fdd331bb97a2fdbe60c6810cbf9dc85f347f58332d3837bc32ef9b83084e2ef3c50e211eaab8007e077708c5067e0726,2025/2/28 16:00,30,NO CONTROLS,NO CONTROLS,CLEAR,DAYLIGHT,PARKED MOTOR VEHICLE,NOT DIVIDED,STRAIGHT AND LEVEL,DRY,NO DEFECTS,NOT ON SCENE (DESK REPORT),NO INJURY / DRIVE AWAY,"OVER $1,500",2025-03-01T15:56:00.000,UNABLE TO DETERMINE,NOT APPLICABLE,1311,E,57TH ST,235,2,NO INDICATION OF INJURY,0,0,0,0,0,1,0,16,6,2,41.79135777,-87.59434962,POINT (-87.594349618659 41.791357772096),30
f487fe9f0b4d680a2435403c4530350ba2e922eed4b267836bdc1f00ea4dee9375902444c852a951995a34ad3e6f96e9048dc4658ae13d4591e25832b6282390,2025/2/28 15:57,40,UNKNOWN,UNKNOWN,UNKNOWN,UNKNOWN,SIDESWIPE SAME DIRECTION,DIVIDED - W/MEDIAN BARRIER,STRAIGHT AND LEVEL,UNKNOWN,UNKNOWN,NOT ON SCENE (DESK REPORT),NO INJURY / DRIVE AWAY,"$501 - $1,500",2025-02-28T17:00:00.000,DRIVING SKILLS/KNOWLEDGE/EXPERIENCE,UNABLE TO DETERMINE,1500,S,LAKE SHORE DR SB,132,2,NO INDICATION OF INJURY,0,0,0,0,0,3,0,15,6,2,41.86197884,-87.61864307,POINT (-87.618643071791 41.861978838775),40
939f98259e02d9d8a17548474d8bedb38834c4bae990d3bd60d1ff1b0bd65fa3a5d732a5c543e4b485687164a93cad6809ae640a053d246ef01bf911e6e0afd8,2025/2/28 15:55,30,TRAFFIC SIGNAL,FUNCTIONING PROPERLY,CLEAR,DAYLIGHT,TURNING,FOUR WAY,STRAIGHT AND LEVEL,DRY,NO DEFECTS,NOT ON SCENE (DESK REPORT),INJURY AND / OR TOW DUE TO CRASH,"OVER $1,500",2025-02-28T16:30:00.000,FAILING TO YIELD RIGHT-OF-WAY,NOT APPLICABLE,8700,S,HALSTED ST,2223,2,NO INDICATION OF INJURY,0,0,0,0,0,2,0,15,6,2,41.73578527,-87.64375883,POINT (-87.643758829628 41.735785266472),30
87d444cf644ed2f936104a2cea6a2a2b729d1e5c5e34501ad2c5fd30a87e74fedd13d5a720be128c9adb106d3fbef316d6aac55d617dee2d6f629622556bf24b,2025/2/28 15:50,30,TRAFFIC SIGNAL,FUNCTIONING PROPERLY,CLEAR,DAYLIGHT,REAR END,NOT DIVIDED,STRAIGHT AND LEVEL,DRY,UNKNOWN,ON SCENE,NO INJURY / DRIVE AWAY,"$501 - $1,500",2025-02-28T15:56:00.000,FOLLOWING TOO CLOSELY,FAILING TO REDUCE SPEED TO AVOID CRASH,1609,W,51ST ST,932,2,NO INDICATION OF INJURY,0,0,0,0,0,3,0,15,6,2,41.80120327,-87.66520426,POINT (-87.66520425688 41.801203267078),30
bcda8bf555734b2d40852c9fc69f150e25f859c89942d802136ddb74241c58660f3069cbda11b2d475934d5d44b59f824d12382bad85c0aa86a6882ebec84f1e,2025/2/28 15:50,30,NO CONTROLS,NO CONTROLS,CLEAR,DAYLIGHT,PEDALCYCLIST,ONE-WAY,STRAIGHT AND LEVEL,DRY,NO DEFECTS,NOT ON SCENE (DESK REPORT),NO INJURY / DRIVE AWAY,"OVER $1,500",2025-03-01T14:21:00.000,FAILING TO YIELD RIGHT-OF-WAY,NOT APPLICABLE,181,W,WASHINGTON ST,122,2,NO INDICATION OF INJURY,0,0,0,0,0,3,0,15,6,2,41.88309836,-87.63329757,POINT (-87.633297567416 41.883098363437),30
eb1a4a926a569245936fef997f70c2b022c357e4bee673116670f4e818c6be2e4ae64399e59f4ea05483fcc6b3679534743419b1523a5972af768e14e494f588,2025/2/28 15:50,30,NO CONTROLS,NO CONTROLS,CLEAR,DAYLIGHT,REAR END,PARKING LOT,STRAIGHT AND LEVEL,DRY,NO DEFECTS,NOT ON SCENE (DESK REPORT),NO INJURY / DRIVE AWAY,"OVER $1,500",2025-03-01T15:49:00.000,UNABLE TO DETERMINE,UNABLE TO DETERMINE,5335,S,KENWOOD AVE,234,2,NO INDICATION OF INJURY,0,0,0,0,0,2,0,15,6,2,41.79852501,-87.59330352,POINT (-87.593303516527 41.798525006525),30
5a5b235b3bc080ded096d813361baccc56f5c7670b9e6653bdd6517ce03f96babe7ad6c9ba42b09f88940836c752cb4262b81e7ea78cf8d66e7a45faeeb01c53,2025/2/28 15:45,30,STOP SIGN/FLASHER,FUNCTIONING PROPERLY,CLEAR,DAYLIGHT,TURNING,NOT DIVIDED,STRAIGHT AND LEVEL,DRY,NO DEFECTS,ON SCENE,INJURY AND / OR TOW DUE TO CRASH,"OVER $1,500",2025-02-28T15:56:00.000,FOLLOWING TOO CLOSELY,FOLLOWING TOO CLOSELY,4945,N,HARLEM AVE,1613,2,NONINCAPACITATING INJURY,2,0,0,2,0,2,0,15,6,2,41.97142783,-87.80694572,POINT (-87.806945723439 41.971427833961),30
19ab5461aea561502ed23b8251c292d2ccd2a5e49dac03973ae9a235c0563074c86eb60f5976cd5e23df3fee13a4cad4617f00eec15b599766d8f1f524f2cbca,2025/2/28 15:40,30,TRAFFIC SIGNAL,FUNCTIONING PROPERLY,CLEAR,DAYLIGHT,ANGLE,FOUR WAY,STRAIGHT AND LEVEL,DRY,NO DEFECTS,ON SCENE,INJURY AND / OR TOW DUE TO CRASH,"OVER $1,500",2025-03-01T01:24:00.000,DISREGARDING TRAFFIC SIGNALS,DISREGARDING TRAFFIC SIGNALS,2400,S,MICHIGAN AVE,131,2,NONINCAPACITATING INJURY,1,0,0,1,0,1,0,15,6,2,41.84924285,-87.6238609,POINT (-87.623860898773 41.849242854384),30
5f7523d0e4924ff1b41e91160ecdaa6c53449e62894ff5508fc89408616197b25ed47bfa6ff5e7e3ff25b40ec2d919e70a15b6242777468f295e9045dc0025bb,2025/2/28 15:40,30,NO CONTROLS,NO CONTROLS,CLEAR,DAYLIGHT,REAR END,DIVIDED - W/MEDIAN (NOT RAISED),STRAIGHT AND LEVEL,DRY,NO DEFECTS,NOT ON SCENE (DESK REPORT),NO INJURY / DRIVE AWAY,"$501 - $1,500",2025-02-28T16:51:00.000,FOLLOWING TOO CLOSELY,NOT APPLICABLE,4825,S,ARCHER AVE,821,2,NO INDICATION OF INJURY,0,0,0,0,0,2,0,15,6,2,41.80569234,-87.71768468,POINT (-87.717684675605 41.80569234079),30
28406f489a5cd213c9600dd68404a451e049497dc9d0bb075f5516fd25c2574b5f53cc697aab82782028d19200adaa69953898bcd31faf9c032904dab8a2365b,2025/2/28 15:35,25,TRAFFIC SIGNAL,FUNCTIONING PROPERLY,CLEAR,DAYLIGHT,REAR END,TRAFFIC ROUTE,STRAIGHT AND LEVEL,DRY,NO DEFECTS,NOT ON SCENE (DESK REPORT),NO INJURY / DRIVE AWAY,"OVER $1,500",2025-02-28T16:45:00.000,UNABLE TO DETERMINE,UNABLE TO DETERMINE,12700,S,TORRENCE AVE,433,2,NO INDICATION OF INJURY,0,0,0,0,0,2,0,15,6,2,41.66459846,-87.55901468,POINT (-87.55901468201 41.664598462101),25
79b07039f1a7c063fbea7452d765a6f6a8cd28ec3a10fbbe6d6799aa51304d5f3ec0cf51a0b3654a13b77e04aef6978c898857a39e1a331bc1834c6acae7f973,2025/2/28 15:35,30,STOP SIGN/FLASHER,FUNCTIONING PROPERLY,CLEAR,DAYLIGHT,TURNING,NOT DIVIDED,STRAIGHT AND LEVEL,DRY,NO DEFECTS,NOT ON SCENE (DESK REPORT),INJURY AND / OR TOW DUE TO CRASH,"OVER $1,500",2025-02-28T16:45:00.000,UNABLE TO DETERMINE,NOT APPLICABLE,2221,N,LISTER AVE,1432,2,"REPORTED, NOT EVIDENT",1,0,0,0,1,2,0,15,6,2,41.92195576,-87.67452277,POINT (-87.674522767738 41.921955754958),30
81e37ef174c4774d9399f9f0e9bd5f7133fe08ca586adaae05c0039d18c1820b1f0a491c75a236cf0a07b134eb39bf4a39b409cee624cda86074fc65ddc14b21,2025/2/28 15:35,15,NO CONTROLS,NO CONTROLS,CLEAR,DAYLIGHT,REAR TO SIDE,PARKING LOT,STRAIGHT AND LEVEL,DRY,NO DEFECTS,ON SCENE,NO INJURY / DRIVE AWAY,"OVER $1,500",2025-02-28T16:16:00.000,UNABLE TO DETERMINE,UNABLE TO DETERMINE,4226,W,NORTH AVE,2534,2,NO INDICATION OF INJURY,0,0,0,0,0,3,0,15,6,2,41.90991436,-87.73238506,POINT (-87.732385063034 41.9099143621),15
06142b7fdfc347e48e6daaccc02b7ac7e2632f7caa49ed7b46642d6ae55b011da5359a3a04c59393226cb502cddee96fa9d5f8d65d5ecc43991dd0e550afb401,2025/2/28 15:30,30,TRAFFIC SIGNAL,FUNCTIONING PROPERLY,CLEAR,DAYLIGHT,SIDESWIPE SAME DIRECTION,ONE-WAY,STRAIGHT AND LEVEL,DRY,NO DEFECTS,ON SCENE,NO INJURY / DRIVE AWAY,$500 OR LESS,2025-02-28T15:33:00.000,IMPROPER OVERTAKING/PASSING,NOT APPLICABLE,3499,S,WENTWORTH AVE,915,2,NO INDICATION OF INJURY,0,0,0,0,0,2,0,15,6,2,41.83098582,-87.63135921,POINT (-87.631359208646 41.830985824933),30
b3abcb3b68e9991d14df284a0166ceccc1ef1a9677ce279d7f6aaf2fad9a1877faedbea2f7e8a8ff0d8a03b72f5df88cb9d2204cf2826e5590899b5c43a47966,2025/2/28 15:30,30,STOP SIGN/FLASHER,FUNCTIONING PROPERLY,CLEAR,DAYLIGHT,ANGLE,NOT DIVIDED,STRAIGHT AND LEVEL,DRY,NO DEFECTS,NOT ON SCENE (DESK REPORT),NO INJURY / DRIVE AWAY,"OVER $1,500",2025-02-28T19:00:00.000,FOLLOWING TOO CLOSELY,UNABLE TO DETERMINE,6901,W,BERWYN AVE,1613,2,NO INDICATION OF INJURY,0,0,0,0,0,2,0,15,6,2,41.97704403,-87.79987405,POINT (-87.799874049818 41.977044025457),30
dee5c42b0635bf57ad2b34b0c73bc5d64e0c8a10631e33e2c56fbfe4d9b3127a9f9a725b01f3148072a13b20abe7ffca5fd5bea820a5508f84ba9e728ba83180,2025/2/28 15:18,30,NO CONTROLS,NO CONTROLS,CLEAR,DAYLIGHT,PARKED MOTOR VEHICLE,NOT DIVIDED,STRAIGHT AND LEVEL,DRY,NO DEFECTS,ON SCENE,NO INJURY / DRIVE AWAY,"OVER $1,500",2025-02-28T17:22:00.000,FAILING TO REDUCE SPEED TO AVOID CRASH,NOT APPLICABLE,519,N,WOOD ST,1215,2,NO INDICATION OF INJURY,0,0,0,0,0,1,0,15,6,2,41.89152844,-87.67189423,POINT (-87.671894226254 41.891528439536),30
979669a0a3348014da3d5ad1000e2d005bbcec2853b68d8e871ffa7d33b141470bc5f748ab90717ea7454085460743e3f2af05c2e5b2791616e8fedef0ce1515,2025/2/28 15:17,10,NO CONTROLS,NO CONTROLS,CLEAR,DAYLIGHT,PARKED MOTOR VEHICLE,PARKING LOT,STRAIGHT AND LEVEL,DRY,UNKNOWN,NOT ON SCENE (DESK REPORT),NO INJURY / DRIVE AWAY,"$501 - $1,500",2025-02-28T16:00:00.000,UNABLE TO DETERMINE,NOT APPLICABLE,2112,W,PETERSON AVE,2413,2,NO INDICATION OF INJURY,0,0,0,0,0,3,0,15,6,2,41.99072922,-87.68297945,POINT (-87.682979453599 41.990729217961),10
20d5b42e7e953f8c64d654062f833d83111e01b424d2bde3207741bf70a072378cc46aad8f636214cd7f811f557757a6e63bfd770f01d4778a8238b5ca65b141,2025/2/28 15:16,30,NO CONTROLS,NO CONTROLS,CLEAR,DAYLIGHT,SIDESWIPE SAME DIRECTION,NOT DIVIDED,STRAIGHT AND LEVEL,DRY,NO DEFECTS,NOT ON SCENE (DESK REPORT),NO INJURY / DRIVE AWAY,"OVER $1,500",2025-02-28T16:33:00.000,IMPROPER OVERTAKING/PASSING,NOT APPLICABLE,5680,S,ARCHER AVE,814,3,NO INDICATION OF INJURY,0,0,0,0,0,4,0,15,6,2,41.79722281,-87.75332617,POINT (-87.753326171827 41.797222813411),30
e55243d1a1635167d575bb78b9d3f07c999419dcf76dcacf9520a247ce4f29cc9e515d8edec8532ad39dab55427d8545ab4396516253d767b697782b8c680cb3,2025/2/28 15:14,30,NO CONTROLS,NO CONTROLS,CLEAR,DAYLIGHT,REAR END,DIVIDED - W/MEDIAN (NOT RAISED),STRAIGHT AND LEVEL,UNKNOWN,UNKNOWN,NOT ON SCENE (DESK REPORT),NO INJURY / DRIVE AWAY,"$501 - $1,500",2025-02-28T15:55:00.000,FAILING TO REDUCE SPEED TO AVOID CRASH,NOT APPLICABLE,2124,W,TOUHY AVE,2411,2,NO INDICATION OF INJURY,0,0,0,0,0,2,0,15,6,2,42.01232621,-87.68398567,POINT (-87.683985668827 42.012326213941),30
5132cfd7393c742988955d9f23c8b923f1f4926b452e5848f050c08088c35ec36cccbd244178572d9338f633ae8d7f8d58c1dcb883d83ea2b25f60e8f57a1347,2025/2/28 15:12,30,NO CONTROLS,NO CONTROLS,CLEAR,DAYLIGHT,REAR END,FOUR WAY,STRAIGHT AND LEVEL,DRY,NO DEFECTS,ON SCENE,INJURY AND / OR TOW DUE TO CRASH,"OVER $1,500",2025-02-28T16:58:00.000,FAILING TO REDUCE SPEED TO AVOID CRASH,FOLLOWING TOO CLOSELY,5615,W,DEVON AVE,1621,2,NO INDICATION OF INJURY,0,0,0,0,0,2,0,15,6,2,41.99708679,-87.76877623,POINT (-87.768776227489 41.997086793139),30
3d7c13ffb85548df8a1a9fd05e1c76396d27811a73ea8e9a1c30791f72e7e77ccfc26b615c191bfc148e99e5c4d7d36394e8e2b808ab3c7c7346d0ed741e43da,2025/2/28 15:10,30,OTHER,OTHER,CLEAR,DAYLIGHT,TURNING,OTHER,STRAIGHT AND LEVEL,UNKNOWN,UNKNOWN,NOT ON SCENE (DESK REPORT),NO INJURY / DRIVE AWAY,"OVER $1,500",2025-02-28T15:25:00.000,UNABLE TO DETERMINE,UNABLE TO DETERMINE,2652,W,FOSTER AVE,2011,2,NO INDICATION OF INJURY,0,0,0,0,0,5,0,15,6,2,41.97594956,-87.69614102,POINT (-87.696141020994 41.975949562646),30
0dca883203888fed92857a6505bf2ae21ea94669a96954099156594455a52dfe77d35841a509b1c05705c232d54b36cd560a92949f2caf3d79a19c1b83afb540,2025/2/28 15:07,20,NO CONTROLS,NO CONTROLS,CLEAR,DAYLIGHT,TURNING,FOUR WAY,STRAIGHT AND LEVEL,DRY,NO DEFECTS,ON SCENE,INJURY AND / OR TOW DUE TO CRASH,"OVER $1,500",2025-02-28T15:07:00.000,FAILING TO YIELD RIGHT-OF-WAY,FAILING TO YIELD RIGHT-OF-WAY,3233,N,AUSTIN AVE,1633,2,NO INDICATION OF INJURY,0,0,0,0,0,3,0,15,6,2,41.9394705,-87.77610786,POINT (-87.776107857465 41.939470501947),20
39ae3addd92926cea43fb140cf63f8f9a980941cb96aba231406ad10000658c7c090496898ca2313c231154e8672ef499ac95c3173559642ceeaa938ccdb3d1f,2025/2/28 15:04,30,TRAFFIC SIGNAL,FUNCTIONING PROPERLY,CLEAR,DAYLIGHT,SIDESWIPE SAME DIRECTION,DIVIDED - W/MEDIAN (NOT RAISED),STRAIGHT AND LEVEL,DRY,NO DEFECTS,NOT ON SCENE (DESK REPORT),NO INJURY / DRIVE AWAY,"$501 - $1,500",2025-02-28T16:20:00.000,IMPROPER OVERTAKING/PASSING,FAILING TO YIELD RIGHT-OF-WAY,575,W,BELMONT AVE,1934,2,NO INDICATION OF INJURY,0,0,0,0,0,2,0,15,6,2,41.93993654,-87.6443351,POINT (-87.64433509789 41.939936541264),30
052e6084039d13c0aaea6f9444485f5aabb89307f40d555d52dcd1ea1e2ad7d84e583417bcf2bddeb6cb3f9502cf80997fab223c2d3222cf75c543ee25d7f227,2025/2/28 15:03,30,STOP SIGN/FLASHER,FUNCTIONING PROPERLY,CLEAR,DAYLIGHT,ANGLE,NOT DIVIDED,STRAIGHT AND LEVEL,DRY,NO DEFECTS,ON SCENE,INJURY AND / OR TOW DUE TO CRASH,"OVER $1,500",2025-02-28T15:05:00.000,FAILING TO YIELD RIGHT-OF-WAY,UNABLE TO DETERMINE,5107,S,ARCHER AVE,815,2,NO INDICATION OF INJURY,0,0,0,0,0,2,0,15,6,2,41.80065434,-87.72945246,POINT (-87.729452463841 41.800654342938),30
896e5a70871dcecab14da122b2ee50c91433b4a4cdd1616f10d33b1bf217af9677dcf9f4c46a6e6c456213fac2eb3e3b1c8eb737b49c295017cfb5a29d410337,2025/2/28 15:03,30,NO CONTROLS,NO CONTROLS,CLEAR,DAYLIGHT,TURNING,NOT DIVIDED,STRAIGHT AND LEVEL,DRY,NO DEFECTS,NOT ON SCENE (DESK REPORT),NO INJURY / DRIVE AWAY,"OVER $1,500",2025-03-03T16:00:00.000,UNABLE TO DETERMINE,UNABLE TO DETERMINE,530,N,FAIRBANKS CT,1834,2,NO INDICATION OF INJURY,0,0,0,0,0,4,0,15,6,2,41.89191337,-87.62038281,POINT (-87.620382813048 41.891913373934),30
292df7e94a2f97901695e69ecc9769e8ed75963a67b6db7ab19a9aab053dc4c0533c18d745a3d5ce84bea332c1c83ce7460d79d2cb8dac167add68b761ff21ad,2025/2/28 15:01,15,NO CONTROLS,NO CONTROLS,CLEAR,DAYLIGHT,PARKED MOTOR VEHICLE,PARKING LOT,STRAIGHT AND LEVEL,DRY,NO DEFECTS,ON SCENE,NO INJURY / DRIVE AWAY,"OVER $1,500",2025-02-28T15:11:00.000,"OPERATING VEHICLE IN ERRATIC, RECKLESS, CARELESS, NEGLIGENT OR AGGRESSIVE MANNER","OPERATING VEHICLE IN ERRATIC, RECKLESS, CARELESS, NEGLIGENT OR AGGRESSIVE MANNER",730,N,PULASKI RD,1111,2,NO INDICATION OF INJURY,0,0,0,0,0,3,0,15,6,2,41.89444828,-87.72620305,POINT (-87.726203047904 41.894448278337),15
0a29625ba9de8f168e2b27d78df83b640e6c7f9d5efbc50c0a398eadcdab420ccef4b14bbfbccbb4cdfb77b655fdceba8457ee5beea30d059ba0df53b43bec6a,2025/2/28 15:00,30,TRAFFIC SIGNAL,UNKNOWN,CLEAR,DAYLIGHT,ANGLE,FOUR WAY,STRAIGHT AND LEVEL,UNKNOWN,UNKNOWN,NOT ON SCENE (DESK REPORT),NO INJURY / DRIVE AWAY,"OVER $1,500",2025-02-28T15:45:00.000,UNABLE TO DETERMINE,UNABLE TO DETERMINE,7200,N,RIDGE BLVD,2411,2,NO INDICATION OF INJURY,0,0,0,0,0,2,0,15,6,2,42.01238319,-87.68325708,POINT (-87.683257079712 42.012383191822),30