crash_record_id,crash_date,posted_speed_limit,traffic_control_device,device_condition,weather_condition,lighting_condition,first_crash_type,trafficway_type,alignment,roadway_surface_cond,road_defect,report_type,crash_type,damage,date_police_notified,prim_contributory_cause,sec_contributory_cause,street_no,street_direction,street_name,beat_of_occurrence,num_units,most_severe_injury,injuries_total,injuries_fatal,injuries_incapacitating,injuries_non_incapacitating,injuries_reported_not_evident,injuries_no_indication,injuries_unknown,crash_hour,crash_day_of_week,crash_month,latitude,longitude,location,speed_limit
2f4759fdfc3df87d1c906ae93032084853c032e8fe396551296be088d15c5e02883bcc5569670fb270962ba015675c006b5b262f29e55ad133cca841982daef2,2025/2/28 15:00,30,UNKNOWN,UNKNOWN,UNKNOWN,UNKNOWN,TURNING,FOUR WAY,STRAIGHT AND LEVEL,UNKNOWN,UNKNOWN,NOT ON SCENE (DESK REPORT),NO INJURY / DRIVE AWAY,"OVER $1,500",2025-02-28T16:45:00.000,UNABLE TO DETERMINE,NOT APPLICABLE,3700,W,FULLERTON AVE,2524,2,NO INDICATION OF INJURY,0,0,0,0,0,2,0,15,6,2,41.9246824,-87.71950184,POINT (-87.719501835372 41.92468239973),30
4162ba76911b7eb77e48ebb68e7ee954dec3d4125b3554c681d81bd5b602116de6e511975148dbf50e71e7800224258ab168f75a7ef08b7e02fa44c64bc4ea2b,2025/2/28 15:00,30,NO CONTROLS,NO CONTROLS,CLEAR,DAYLIGHT,PARKED MOTOR VEHICLE,ONE-WAY,STRAIGHT AND LEVEL,DRY,NO DEFECTS,NOT ON SCENE (DESK REPORT),NO INJURY / DRIVE AWAY,"OVER $1,500",2025-03-03T09:59:00.000,UNABLE TO DETERMINE,NOT APPLICABLE,6620,S,MARQUETTE RD,312,2,NO INDICATION OF INJURY,0,0,0,0,0,1,0,15,6,2,41.77417381,-87.61322865,POINT (-87.613228652237 41.774173804995),30
70ed7a97f6de1f9a6d69d03d64de2dfc007d883876a3bc4316fcff00bfc67db6bb9ac2fea77b1ecac1f01c62c4c988b334e794591fca693a3ec61cebefa863fb,2025/2/28 14:47,30,TRAFFIC SIGNAL,FUNCTIONING PROPERLY,CLEAR,DAYLIGHT,REAR END,FOUR WAY,STRAIGHT AND LEVEL,UNKNOWN,UNKNOWN,NOT ON SCENE (DESK REPORT),NO INJURY / DRIVE AWAY,"OVER $1,500",2025-02-28T16:35:00.000,UNABLE TO DETERMINE,NOT APPLICABLE,7202,N,RIDGE BLVD,2411,2,NO INDICATION OF INJURY,0,0,0,0,0,3,0,14,6,2,42.01243304,-87.68327343,POINT (-87.6832734341 42.012433040107),30
a94aa0585fe8536e7b590acb22e7860e0ee1e46c96b3f59e8791ed64f951193b032ef0af27ced4c8c8a0b4163874ca370b68d84e68312be2a4d8e888cd346531,2025/2/28 14:47,30,NO CONTROLS,NO CONTROLS,CLEAR,DAYLIGHT,PARKED MOTOR VEHICLE,ONE-WAY,STRAIGHT AND LEVEL,DRY,NO DEFECTS,ON SCENE,INJURY AND / OR TOW DUE TO CRASH,"OVER $1,500",2025-02-28T15:54:00.000,UNABLE TO DETERMINE,UNABLE TO DETERMINE,4956,W,FERDINAND ST,1532,2,"REPORTED, NOT EVIDENT",1,0,0,0,1,1,0,14,6,2,41.88963447,-87.75031048,POINT (-87.75031047503 41.889634465506),30
f7ea8d6c16e43cdc9cfc87d6285f20057da238d658b06cb0bed23bead6c55554315e525cecdda383d5030912ffbeacff51cd8c06bd196f14836dfa23760ae4ad,2025/2/28 14:45,30,NO CONTROLS,UNKNOWN,UNKNOWN,DAYLIGHT,SIDESWIPE SAME DIRECTION,DIVIDED - W/MEDIAN (NOT RAISED),STRAIGHT AND LEVEL,UNKNOWN,UNKNOWN,NOT ON SCENE (DESK REPORT),NO INJURY / DRIVE AWAY,"$501 - $1,500",2025-02-28T21:30:00.000,UNABLE TO DETERMINE,UNABLE TO DETERMINE,4401,W,OGDEN AVE,1013,2,NO INDICATION OF INJURY,0,0,0,0,0,2,0,14,6,2,41.84757771,-87.73438434,POINT (-87.734384344751 41.847577707741),30
d4791abeb98528e08aa8ab29edf3724dc0eb9cef7250141622695ac6998eded0443068c25a1d474508fe3d6ebf4c5dc52a8065dfbe211400f42317cc96b92fe0,2025/2/28 14:44,30,NO CONTROLS,NO CONTROLS,CLEAR,DAYLIGHT,PARKED MOTOR VEHICLE,NOT DIVIDED,STRAIGHT AND LEVEL,DRY,NO DEFECTS,ON SCENE,NO INJURY / DRIVE AWAY,"OVER $1,500",2025-02-28T15:16:00.000,DRIVING SKILLS/KNOWLEDGE/EXPERIENCE,NOT APPLICABLE,206,S,PULASKI RD,1115,2,NO INDICATION OF INJURY,0,0,0,0,0,2,0,14,6,2,41.87773073,-87.72571614,POINT (-87.725716139408 41.877730727368),30
f88ce344861ea08054a49b83c410f005873f623068f82b324598a7a079f92d1c32f2e1fb5112630708bc90d2e86eee1aae429d9ccf4a840e927ba65989aca9fc,2025/2/28 14:42,20,NO CONTROLS,NO CONTROLS,CLEAR,DAYLIGHT,FIXED OBJECT,PARKING LOT,STRAIGHT AND LEVEL,DRY,NO DEFECTS,NOT ON SCENE (DESK REPORT),NO INJURY / DRIVE AWAY,"OVER $1,500",2025-03-01T10:15:00.000,UNABLE TO DETERMINE,NOT APPLICABLE,8301,S,HALSTED ST,622,1,NO INDICATION OF INJURY,0,0,0,0,0,1,0,14,6,2,41.74326879,-87.6436819,POINT (-87.643681903238 41.743268786393),20
1f0be8929b602c2178270f1d54ca762a1646468fbb0c90b4872772ae1eeec08745c081d5196fbccd55f78664cbfa6840ccaa3a3ded039d912a129ae717d44191,2025/2/28 14:40,30,NO CONTROLS,NO CONTROLS,CLEAR,DAYLIGHT,REAR END,DIVIDED - W/MEDIAN (NOT RAISED),STRAIGHT AND LEVEL,DRY,NO DEFECTS,NOT ON SCENE (DESK REPORT),NO INJURY / DRIVE AWAY,"$501 - $1,500",2025-02-28T15:40:00.000,FOLLOWING TOO CLOSELY,UNABLE TO DETERMINE,1500,N,KOSTNER AVE,2533,2,NO INDICATION OF INJURY,0,0,0,0,0,2,0,14,6,2,41.9077338,-87.73642884,POINT (-87.736428838531 41.907733800341),30
73fa61cd9e1155908e0884a096a33a86acbc2b261de20430648e03a9f1dc4c3580fb080c46e4ab850ec9bde92325ab415c033ecb488306e93252a2dcdbf88117,2025/2/28 14:40,30,TRAFFIC SIGNAL,FUNCTIONING PROPERLY,CLEAR,DAYLIGHT,TURNING,NOT DIVIDED,STRAIGHT AND LEVEL,DRY,NO DEFECTS,NOT ON SCENE (DESK REPORT),NO INJURY / DRIVE AWAY,"OVER $1,500",2025-02-28T15:10:00.000,UNABLE TO DETERMINE,NOT APPLICABLE,199,N,HALSTED ST,1224,2,NO INDICATION OF INJURY,0,0,0,0,0,3,0,14,6,2,41.88563892,-87.64732624,POINT (-87.647326238258 41.885638918531),30
86c26b963681093e466ce9495a599ce7a731944d711c039d51f79f6438fd87ab6cc4450cce22bb919bd49b8327627f96f49c78cfa38580e9e20a7f09f382df00,2025/2/28 14:35,30,NO CONTROLS,NO CONTROLS,CLEAR,DAYLIGHT,REAR END,DIVIDED - W/MEDIAN BARRIER,STRAIGHT AND LEVEL,DRY,NO DEFECTS,NOT ON SCENE (DESK REPORT),NO INJURY / DRIVE AWAY,$500 OR LESS,2025-02-28T15:00:00.000,UNABLE TO DETERMINE,UNABLE TO DETERMINE,1011,S,ASHLAND AVE,1231,2,NO INDICATION OF INJURY,0,0,0,0,0,2,0,14,6,2,41.86890356,-87.66630191,POINT (-87.666301908521 41.868903555394),30
22fd2b927b660d09f8a0f8e79c85a5d5a464666f566a6fcb11900a624d106e8a63e7c6fda7026523003aba803742f2c2ec4b3367887a9d0398b8b8f727f1dc92,2025/2/28 14:31,30,NO CONTROLS,NO CONTROLS,CLEAR,DAYLIGHT,TURNING,NOT DIVIDED,STRAIGHT AND LEVEL,DRY,NO DEFECTS,ON SCENE,INJURY AND / OR TOW DUE TO CRASH,"OVER $1,500",2025-02-28T14:49:00.000,DRIVING SKILLS/KNOWLEDGE/EXPERIENCE,NOT APPLICABLE,5006,S,ASHLAND AVE,931,2,NONINCAPACITATING INJURY,2,0,0,2,0,2,0,14,6,2,41.80287715,-87.66496349,POINT (-87.664963485458 41.802877153835),30
1d680a43feb8230449a736e99d85d65e8be60505a23fb368cece8680ddb07eeb2da9c6b9f78e41c55e9bcbf7aa375ef15f9baf3d4f9894c772d938d5cf7c74ad,2025/2/28 14:30,20,UNKNOWN,UNKNOWN,UNKNOWN,DAYLIGHT,PARKED MOTOR VEHICLE,UNKNOWN,STRAIGHT AND LEVEL,UNKNOWN,UNKNOWN,NOT ON SCENE (DESK REPORT),NO INJURY / DRIVE AWAY,"OVER $1,500",2025-03-04T17:15:00.000,UNABLE TO DETERMINE,UNABLE TO DETERMINE,3601,N,MILWAUKEE AVE,1731,2,NO INDICATION OF INJURY,0,0,0,0,0,1,0,14,6,2,41.94640794,-87.73562542,POINT (-87.735625415724 41.946407935599),20
9a3999b26e66a217d8401713d95dc40ced3968b328c065beb4bf8d94416fdc5b32883a89beaec510704e99f7d55e63d8567d9ffc6f478d978d6318efe41d4629,2025/2/28 14:30,30,TRAFFIC SIGNAL,FUNCTIONING PROPERLY,CLEAR,DAYLIGHT,TURNING,NOT DIVIDED,STRAIGHT AND LEVEL,DRY,NO DEFECTS,ON SCENE,NO INJURY / DRIVE AWAY,"$501 - $1,500",2025-02-28T14:37:00.000,FAILING TO YIELD RIGHT-OF-WAY,NOT APPLICABLE,1601,W,CHICAGO AVE,1215,2,NO INDICATION OF INJURY,0,0,0,0,0,2,0,14,6,2,41.89596285,-87.6673493,POINT (-87.667349299733 41.895962849999),30
dd0c63b339b5a57ee12874a2f5e968f727f4b7f2213b9efb4dfa320ec4f6e46c1651842141d5b0402d53c2b105eab395381b86b7bf8241198700c8f31e66c1f1,2025/2/28 14:30,15,NO CONTROLS,NO CONTROLS,RAIN,DAYLIGHT,PARKED MOTOR VEHICLE,NOT DIVIDED,STRAIGHT AND LEVEL,WET,NO DEFECTS,NOT ON SCENE (DESK REPORT),NO INJURY / DRIVE AWAY,"$501 - $1,500",2025-03-04T16:35:00.000,UNABLE TO DETERMINE,NOT APPLICABLE,4255,W,WAVELAND AVE,1731,2,NO INDICATION OF INJURY,0,0,0,0,0,1,0,14,6,2,41.94799493,-87.7344729,POINT (-87.734472896492 41.947994931863),15
f85d967b97eaae1bfacf5325a93c3a85e5ca7962056e30f2b98a45692cdda5e4f637c940a03854e0082da10b1d37f579d7649cbbc1a4a12643c1d7e8b7060ee7,2025/2/28 14:30,30,NO CONTROLS,NO CONTROLS,CLEAR,DAYLIGHT,REAR END,ONE-WAY,STRAIGHT AND LEVEL,DRY,UNKNOWN,NOT ON SCENE (DESK REPORT),NO INJURY / DRIVE AWAY,"OVER $1,500",2025-02-28T16:00:00.000,FOLLOWING TOO CLOSELY,FAILING TO REDUCE SPEED TO AVOID CRASH,59,W,WALTON ST,1832,3,NO INDICATION OF INJURY,0,0,0,0,0,3,0,14,6,2,41.89968879,-87.63054862,POINT (-87.630548622579 41.899688787984),30
97a4d44a7a1d4a33534445f7ce9f8eba9d8d6cf2ac9e46eb5f4726b08e193dd79539628e87837d42c1ac8614ab8f5490ae6f654e6ec068369b9265d93fc58f1a,2025/2/28 14:15,30,NO CONTROLS,NO CONTROLS,CLEAR,DAYLIGHT,TURNING,DIVIDED - W/MEDIAN (NOT RAISED),STRAIGHT AND LEVEL,DRY,UNKNOWN,NOT ON SCENE (DESK REPORT),NO INJURY / DRIVE AWAY,"OVER $1,500",2025-02-28T14:30:00.000,IMPROPER TURNING/NO SIGNAL,FAILING TO REDUCE SPEED TO AVOID CRASH,1202,N,CLYBOURN AVE,1821,2,NO INDICATION OF INJURY,0,0,0,0,0,2,0,14,6,2,41.9038161,-87.63984729,POINT (-87.639847292087 41.903816098782),30
088430b8b2e72141c0c2a98e95c30196c26bde40ab68443814e6afe99278283c1fa5ecc037119877ea10550a9b4f68d0004ea0d03ae0020eb0451b90c5b3e7c4,2025/2/28 14:14,30,UNKNOWN,UNKNOWN,CLEAR,DAYLIGHT,SIDESWIPE SAME DIRECTION,NOT DIVIDED,STRAIGHT AND LEVEL,UNKNOWN,UNKNOWN,NOT ON SCENE (DESK REPORT),NO INJURY / DRIVE AWAY,"OVER $1,500",2025-02-28T14:50:00.000,UNABLE TO DETERMINE,UNABLE TO DETERMINE,460,W,DIVISION ST,1821,2,NO INDICATION OF INJURY,0,0,0,0,0,2,0,14,6,2,41.90386568,-87.64063288,POINT (-87.640632876902 41.903865678575),30
d4c03f630ed0eb909a5cbc727e7777c82eb5eb57e9ea9e1995007fe7dc2719bffc22fc6bdb02d6346aa28634d566f209921ed762ca64ec1d8744f342e35be0f2,2025/2/28 14:11,30,NO CONTROLS,NO CONTROLS,CLEAR,DAYLIGHT,REAR END,NOT DIVIDED,STRAIGHT AND LEVEL,DRY,NO DEFECTS,NOT ON SCENE (DESK REPORT),NO INJURY / DRIVE AWAY,"$501 - $1,500",2025-02-28T14:33:00.000,FOLLOWING TOO CLOSELY,NOT APPLICABLE,3900,W,63RD ST,823,2,NO INDICATION OF INJURY,0,0,0,0,0,2,0,14,6,2,41.77880353,-87.72043298,POINT (-87.720432984625 41.778803528412),30
b6f3751ec960374534eb89c276889288090980b33b393f99c507f093929a08954b9be33a9dbc890c3189c8420dc42f4e9547595144a9402ad6e9c7024790ec20,2025/2/28 14:10,30,NO CONTROLS,NO CONTROLS,CLEAR,DAYLIGHT,TURNING,NOT DIVIDED,STRAIGHT AND LEVEL,DRY,NO DEFECTS,NOT ON SCENE (DESK REPORT),NO INJURY / DRIVE AWAY,"OVER $1,500",2025-03-03T10:00:00.000,FAILING TO REDUCE SPEED TO AVOID CRASH,FAILING TO YIELD RIGHT-OF-WAY,4701,W,AUGUSTA BLVD,1111,2,NO INDICATION OF INJURY,0,0,0,0,0,2,0,14,6,2,41.89862581,-87.74373267,POINT (-87.743732672122 41.898625812116),30
8b72d417d78407083a0e9146d542f3aca5402b616553f2c3d8144670093e42a77a0ec9a482c6b04d84b2195e9f057a1831990ef456404ccfa8ad5a1d6df401eb,2025/2/28 14:05,30,NO CONTROLS,NO CONTROLS,CLEAR,DAYLIGHT,SIDESWIPE SAME DIRECTION,NOT DIVIDED,STRAIGHT AND LEVEL,DRY,NO DEFECTS,NOT ON SCENE (DESK REPORT),NO INJURY / DRIVE AWAY,"OVER $1,500",2025-02-28T16:00:00.000,UNABLE TO DETERMINE,UNABLE TO DETERMINE,7846,S,SOUTH SHORE DR,421,2,NO INDICATION OF INJURY,0,0,0,0,0,3,0,14,6,2,41.75317196,-87.54950421,POINT (-87.549504211967 41.753171959553),30
3b74d702d3595f27d33e17d852a046a3d864aaa8d38969c132c1098e4b2413d32d49595284cd72498a9b2bbedff4c586ba58942611415c198f05ed4dd5abc747,2025/2/28 14:00,35,TRAFFIC SIGNAL,FUNCTIONING PROPERLY,CLEAR,DAYLIGHT,TURNING,TRAFFIC ROUTE,STRAIGHT AND LEVEL,UNKNOWN,UNKNOWN,NOT ON SCENE (DESK REPORT),NO INJURY / DRIVE AWAY,"$501 - $1,500",2025-02-28T14:48:00.000,UNABLE TO DETERMINE,UNABLE TO DETERMINE,201,W,63RD ST,312,2,NO INDICATION OF INJURY,0,0,0,0,0,2,0,14,6,2,41.779877,-87.63016667,POINT (-87.630166669416 41.779877003627),35
ed76cca4445107b61bbdf4e4788ad0002b6c147e043229b4012701371892e46120b314da94220ae8f9c7bc15da62637ab55b3cbc4aefe0086852256cf50d9b77,2025/2/28 14:00,30,NO CONTROLS,NO CONTROLS,CLEAR,DAYLIGHT,PARKED MOTOR VEHICLE,NOT DIVIDED,STRAIGHT AND LEVEL,DRY,NO DEFECTS,ON SCENE,NO INJURY / DRIVE AWAY,"OVER $1,500",2025-02-28T14:04:00.000,UNABLE TO DETERMINE,UNABLE TO DETERMINE,3434,S,HALSTED ST,913,2,NO INDICATION OF INJURY,0,0,0,0,0,3,0,14,6,2,41.8317244,-87.64627639,POINT (-87.646276392434 41.831724396177),30
01612f2ec8b770dfe4ef3b6799ef665e22d397ef462a7214e8d0e16d3473609be4bf37db39fe93c33736863b500d8998e6c9b9c63b00a137e580729dcb89dfed,2025/2/28 13:50,30,TRAFFIC SIGNAL,FUNCTIONING PROPERLY,CLEAR,DAYLIGHT,REAR END,DIVIDED - W/MEDIAN BARRIER,STRAIGHT AND LEVEL,DRY,NO DEFECTS,ON SCENE,NO INJURY / DRIVE AWAY,"OVER $1,500",2025-02-28T13:50:00.000,UNABLE TO DETERMINE,NOT APPLICABLE,201,W,47TH ST,224,2,NO INDICATION OF INJURY,0,0,0,0,0,2,0,13,6,2,41.80905216,-87.63087745,POINT (-87.630877451303 41.809052155949),30
c6657721829af90d1a1166a19f07a6e50d7aa01476bdf6cc4668553872776e85b63cfb9e99c959c0fe3ea60abefd153f761cc50ed67fbd53852183a406c5000f,2025/2/28 13:45,35,TRAFFIC SIGNAL,FUNCTIONING PROPERLY,CLEAR,DAYLIGHT,REAR END,DIVIDED - W/MEDIAN (NOT RAISED),STRAIGHT AND LEVEL,DRY,NO DEFECTS,NOT ON SCENE (DESK REPORT),NO INJURY / DRIVE AWAY,"OVER $1,500",2025-02-28T14:40:00.000,FOLLOWING TOO CLOSELY,UNABLE TO DETERMINE,8300,S,RACINE AVE,613,2,NO INDICATION OF INJURY,0,0,0,0,0,2,0,13,6,2,41.74312405,-87.65368441,POINT (-87.653684412547 41.743124050063),35
188228483c8a36674fbdf117c39ee416cddfb75563828e1519268644d814e4b1cca9755280481ef080cb26b97144012622497c2cc06cedee6ecee78509636b5c,2025/2/28 13:40,15,NO CONTROLS,NO CONTROLS,CLEAR,DAYLIGHT,PARKED MOTOR VEHICLE,PARKING LOT,STRAIGHT AND LEVEL,DRY,UNKNOWN,NOT ON SCENE (DESK REPORT),NO INJURY / DRIVE AWAY,"OVER $1,500",2025-03-01T11:00:00.000,UNABLE TO DETERMINE,UNABLE TO DETERMINE,2114,S,WABASH AVE,131,2,NO INDICATION OF INJURY,0,0,0,0,0,1,0,13,6,2,41.85376672,-87.62566517,POINT (-87.625665166864 41.853766723135),15
ba8131b2119177c399683c8ac7fd57a0857e96c22989cd2cd17f2b6c751abf4e26a81267b051b608fdfada0589c67ed74c01b7346eaa24a9fea28e10b0c143b1,2025/2/28 13:40,15,NO CONTROLS,NO CONTROLS,CLEAR,DAYLIGHT,FIXED OBJECT,ALLEY,STRAIGHT AND LEVEL,DRY,NO DEFECTS,ON SCENE,NO INJURY / DRIVE AWAY,"$501 - $1,500",2025-02-28T13:52:00.000,IMPROPER BACKING,UNABLE TO DETERMINE,6351,S,NEW ENGLAND AVE,812,1,NO INDICATION OF INJURY,0,0,0,0,0,1,0,13,6,2,41.77597681,-87.79329231,POINT (-87.793292310485 41.775976806213),15
e955ce2441a4765dcb7fe0583bc9c0f91bf539104dbc9f096f3ef40f29a3ec3ad9cf294faf3ad0fd7d67208b2d2acb8fdfd1206c1cdb0a45c0c13d687c3362a2,2025/2/28 13:30,30,NO CONTROLS,NO CONTROLS,CLEAR,DAYLIGHT,REAR END,NOT DIVIDED,STRAIGHT AND LEVEL,DRY,NO DEFECTS,ON SCENE,NO INJURY / DRIVE AWAY,"$501 - $1,500",2025-02-28T13:31:00.000,DISTRACTION - FROM INSIDE VEHICLE,NOT APPLICABLE,3056,S,WESTERN AVE,1034,2,NO INDICATION OF INJURY,0,0,0,0,0,4,0,13,6,2,41.83809305,-87.68522071,POINT (-87.685220707096 41.838093049429),30
e4934e507bddc2ddeef046cea1edb205506f28c401096d265f73969812b6c8cab697b6527b64fc5954aa69fd79da65540f7638eecd5da7c182a94968faa9bc95,2025/2/28 13:20,30,TRAFFIC SIGNAL,FUNCTIONING PROPERLY,CLEAR,DAYLIGHT,TURNING,DIVIDED - W/MEDIAN (NOT RAISED),STRAIGHT AND LEVEL,DRY,NO DEFECTS,NOT ON SCENE (DESK REPORT),NO INJURY / DRIVE AWAY,"$501 - $1,500",2025-02-28T14:30:00.000,DISREGARDING TRAFFIC SIGNALS,FAILING TO YIELD RIGHT-OF-WAY,2753,W,LITHUANIAN PLAZA CT,831,2,NO INDICATION OF INJURY,0,0,0,0,0,3,0,13,6,2,41.76807173,-87.69280249,POINT (-87.692802491414 41.768071727602),30
b57e5e06b9e1eac489e1fca39e76ffad12468d4dd8ebee725cc6a1356bf0dd59e0a1434ede18c0b73ffb6b93fc20b20598169a9b77ef6df75c6ea953ddef993e,2025/2/28 13:16,20,NO CONTROLS,NO CONTROLS,CLEAR,DAYLIGHT,PARKED MOTOR VEHICLE,PARKING LOT,STRAIGHT AND LEVEL,DRY,UNKNOWN,NOT ON SCENE (DESK REPORT),NO INJURY / DRIVE AWAY,"OVER $1,500",2025-02-28T14:00:00.000,FAILING TO YIELD RIGHT-OF-WAY,FAILING TO YIELD RIGHT-OF-WAY,1059,W,13TH ST,1232,2,NO INDICATION OF INJURY,0,0,0,0,0,1,0,13,6,2,41.86532347,-87.65347031,POINT (-87.653470312358 41.865323467095),20
ab08a13bd1867f58e016fb7e6ba2680bf47dd35f3105625de0efea9e3f644d4399f569ff2f59548fe85822b8b20c0d0b6d997ad05582ef16c77af0f9ae99bea3,2025/2/28 13:15,30,TRAFFIC SIGNAL,FUNCTIONING PROPERLY,CLEAR,DAYLIGHT,REAR END,NOT DIVIDED,STRAIGHT AND LEVEL,DRY,NO DEFECTS,NOT ON SCENE (DESK REPORT),NO INJURY / DRIVE AWAY,"OVER $1,500",2025-02-28T14:15:00.000,UNABLE TO DETERMINE,NOT APPLICABLE,3311,W,ADDISON ST,1733,2,NO INDICATION OF INJURY,0,0,0,0,0,2,0,13,6,2,41.94648113,-87.71083454,POINT (-87.71083453946 41.946481125232),30
1b822b6d9082f6dc8bc328301171dcc7bc349b2fdedc579f3351bd30244078178a764a2f4e2b755034db724b8bcd22cc4be43624e5d06160d66ed69c93af74a3,2025/2/28 13:10,30,NO CONTROLS,NO CONTROLS,CLEAR,DAYLIGHT,REAR END,NOT DIVIDED,STRAIGHT AND LEVEL,DRY,NO DEFECTS,NOT ON SCENE (DESK REPORT),NO INJURY / DRIVE AWAY,$500 OR LESS,2025-02-28T14:20:00.000,FOLLOWING TOO CLOSELY,FAILING TO REDUCE SPEED TO AVOID CRASH,5100,S,ST LOUIS AVE,822,2,NO INDICATION OF INJURY,0,0,0,0,0,2,0,13,6,2,41.80062192,-87.71126962,POINT (-87.71126961707 41.800621917861),30
5f7f3aa177df1e022274387915c8927aee65f846f55eb8709ff2926db07985f92523cbc9528f3e1aa815e27bd5f3e4bb259754a07a3b79e68fcfebbbc82a9d1c,2025/2/28 13:10,30,NO CONTROLS,NO CONTROLS,CLEAR,DAYLIGHT,SIDESWIPE SAME DIRECTION,DIVIDED - W/MEDIAN (NOT RAISED),STRAIGHT AND LEVEL,DRY,NO DEFECTS,ON SCENE,NO INJURY / DRIVE AWAY,"OVER $1,500",2025-02-28T13:25:00.000,UNABLE TO DETERMINE,UNABLE TO DETERMINE,2823,W,BELMONT AVE,1411,2,NO INDICATION OF INJURY,0,0,0,0,0,2,0,13,6,2,41.93927815,-87.698802,POINT (-87.698801998612 41.939278148184),30
d6f7c397d8fa87e446760de2626adfb016fade248e3ed3b59bedae7c90e89502bce65e6dc17c6d6948261d225019258603e78f564193e40feee8a426b96ddaed,2025/2/28 13:10,25,NO CONTROLS,NO CONTROLS,CLEAR,DAYLIGHT,SIDESWIPE SAME DIRECTION,DIVIDED - W/MEDIAN (NOT RAISED),STRAIGHT AND LEVEL,DRY,NO DEFECTS,NOT ON SCENE (DESK REPORT),NO INJURY / DRIVE AWAY,"OVER $1,500",2025-03-03T08:00:00.000,FAILING TO YIELD RIGHT-OF-WAY,NOT APPLICABLE,1756,W,CHICAGO AVE,1213,2,NO INDICATION OF INJURY,0,0,0,0,0,2,0,13,6,2,41.89610573,-87.67194771,POINT (-87.671947713596 41.896105730698),25
019e9edbe16b608642196107d20cf3a7768d409d4ad671943baa2bc9faf55ab0f7d9258f9800d656adf0a772cf11f96f7e89bb98a0ee71a7caf9a49e06747e90,2025/2/28 13:00,30,NO CONTROLS,NO CONTROLS,CLEAR,DAYLIGHT,PARKED MOTOR VEHICLE,ONE-WAY,STRAIGHT AND LEVEL,DRY,NO DEFECTS,NOT ON SCENE (DESK REPORT),NO INJURY / DRIVE AWAY,"$501 - $1,500",2025-02-28T15:36:00.000,UNABLE TO DETERMINE,NOT APPLICABLE,6310,S,TRIPP AVE,813,2,NO INDICATION OF INJURY,0,0,0,0,0,1,0,13,6,2,41.77813352,-87.72899818,POINT (-87.728998180828 41.778133517032),30
a090bcf34ac8f78dbbd49708a66a550ec734350e54f62e3a83598bab53585c04dc862caeb556760d0c83fdc74f28eba59fc28e28827d1b2d26f174880e305e6b,2025/2/28 13:00,30,TRAFFIC SIGNAL,FUNCTIONING PROPERLY,CLEAR,DAYLIGHT,SIDESWIPE SAME DIRECTION,DIVIDED - W/MEDIAN (NOT RAISED),STRAIGHT AND LEVEL,DRY,NO DEFECTS,NOT ON SCENE (DESK REPORT),NO INJURY / DRIVE AWAY,"$501 - $1,500",2025-02-28T18:57:00.000,IMPROPER LANE USAGE,NOT APPLICABLE,131,W,IDA B WELLS DR,123,2,NO INDICATION OF INJURY,0,0,0,0,0,2,0,13,6,2,41.87548668,-87.6317932,POINT (-87.631793201142 41.875486677706),30
cb723af01acc61bad3fbe9cd17325347fa64c639475f2b7c9dc3eb7bd469790e555e37b849927ea6188fd57c306a7bc5f0ec7f7ed56018bed82a233e0b5ba466,2025/2/28 13:00,30,NO CONTROLS,NO CONTROLS,CLEAR,DAYLIGHT,REAR END,ONE-WAY,STRAIGHT AND LEVEL,DRY,UNKNOWN,NOT ON SCENE (DESK REPORT),NO INJURY / DRIVE AWAY,"OVER $1,500",2025-02-28T17:00:00.000,FOLLOWING TOO CLOSELY,FAILING TO REDUCE SPEED TO AVOID CRASH,455,N,CITY FRONT PLAZA DR,1834,2,NO INDICATION OF INJURY,0,0,0,0,0,2,0,13,6,2,41.89000134,-87.62143869,POINT (-87.621438688301 41.890001335215),30
dcc1b66b7b2eefae3e37d09f0ff0bf0ad0c096754e86a8f3eee41994538acdbff35dd7e1c8020667078896016b6735f2e6f63621c221575ec395bb3beba6b9de,2025/2/28 13:00,30,UNKNOWN,UNKNOWN,CLEAR,DAYLIGHT,PARKED MOTOR VEHICLE,NOT DIVIDED,STRAIGHT AND LEVEL,WET,UNKNOWN,NOT ON SCENE (DESK REPORT),NO INJURY / DRIVE AWAY,"OVER $1,500",2025-03-03T13:20:00.000,UNABLE TO DETERMINE,UNABLE TO DETERMINE,147,E,111TH ST,531,2,NO INDICATION OF INJURY,0,0,0,0,0,1,0,13,6,2,41.69252836,-87.61909494,POINT (-87.619094942999 41.692528363031),30
01c84c6cb889c4a80edfb14f508253072e091fade8a51769f441245bedec653ef81b39eb35c13eb4e5e7e7b3b8bc99d0fe69d72e7330a97d5c0874adee14e872,2025/2/28 12:59,30,STOP SIGN/FLASHER,FUNCTIONING PROPERLY,CLEAR,DAYLIGHT,ANGLE,FOUR WAY,STRAIGHT AND LEVEL,DRY,NO DEFECTS,ON SCENE,INJURY AND / OR TOW DUE TO CRASH,"OVER $1,500",2025-02-28T13:00:00.000,DISREGARDING STOP SIGN,FAILING TO YIELD RIGHT-OF-WAY,1258,S,DAMEN AVE,1233,3,NONINCAPACITATING INJURY,1,0,0,1,0,2,0,12,6,2,41.86498097,-87.67634528,POINT (-87.67634527993 41.864980968071),30