crash_record_id,crash_date,posted_speed_limit,traffic_control_device,device_condition,weather_condition,lighting_condition,first_crash_type,trafficway_type,alignment,roadway_surface_cond,road_defect,report_type,crash_type,damage,date_police_notified,prim_contributory_cause,sec_contributory_cause,street_no,street_direction,street_name,beat_of_occurrence,num_units,most_severe_injury,injuries_total,injuries_fatal,injuries_incapacitating,injuries_non_incapacitating,injuries_reported_not_evident,injuries_no_indication,injuries_unknown,crash_hour,crash_day_of_week,crash_month,latitude,longitude,location,speed_limit
8afe581cd30244c6cd8abea296d27041bcb33986d84610ab03e3206442ce594d4b47dffaee3c76ccd13f10384ee6bcbe925fa65ee8dbaeedf6988524a7c774e9,2025/2/28 12:55,30,NO CONTROLS,NO CONTROLS,CLEAR,DAYLIGHT,PARKED MOTOR VEHICLE,NOT DIVIDED,STRAIGHT AND LEVEL,DRY,NO DEFECTS,ON SCENE,NO INJURY / DRIVE AWAY,$500 OR LESS,2025-02-28T16:00:00.000,FOLLOWING TOO CLOSELY,FOLLOWING TOO CLOSELY,1661,N,ELSTON AVE,1433,2,NO INDICATION OF INJURY,0,0,0,0,0,1,0,12,6,2,41.91224938,-87.66312318,POINT (-87.663123183123 41.912249375031),30
8f4eb947c76e1f275f2574e2748a73b115b191b65a25ac312e27beb39beb45bd262be9a8a6ce4f302f1f8a796e8841e54a1b0e0d37a8194c8643d4cc7123a385,2025/2/28 12:55,35,STOP SIGN/FLASHER,FUNCTIONING PROPERLY,CLEAR,DAYLIGHT,TURNING,DIVIDED - W/MEDIAN BARRIER,STRAIGHT AND LEVEL,DRY,NO DEFECTS,ON SCENE,INJURY AND / OR TOW DUE TO CRASH,"OVER $1,500",2025-02-28T12:57:00.000,FAILING TO YIELD RIGHT-OF-WAY,NOT APPLICABLE,3831,W,DEVON AVE,1711,2,NO INDICATION OF INJURY,0,0,0,0,0,2,0,12,6,2,41.99714364,-87.72516125,POINT (-87.725161247231 41.997143636567),35
aef0f5e4b025eea512d373cab3c36ee71c9c8c67a633b5c9a45e82bbeb74c52ee8f66e87b4f23af779bec4c8a2188174c1b7aeaeda8dcd2fb3259999c3f146b2,2025/2/28 12:50,30,NO CONTROLS,NO CONTROLS,CLEAR,DAYLIGHT,PARKED MOTOR VEHICLE,NOT DIVIDED,STRAIGHT AND LEVEL,DRY,NO DEFECTS,ON SCENE,INJURY AND / OR TOW DUE TO CRASH,"OVER $1,500",2025-02-28T12:55:00.000,DISTRACTION - FROM INSIDE VEHICLE,NOT APPLICABLE,2243,W,ADDISON ST,1921,3,NO INDICATION OF INJURY,0,0,0,0,0,1,0,12,6,2,41.94666827,-87.68509629,POINT (-87.685096294612 41.946668265776),30
17908ca82aa55b21cf7003e7301d31730ea8166113d99589a62540009fb914c808f57582f5e4834d4fd3e83d34fd566843e89ba9e63ff4bf0d350a84d70f3f98,2025/2/28 12:45,30,TRAFFIC SIGNAL,FUNCTIONING PROPERLY,CLEAR,DAYLIGHT,PEDESTRIAN,FOUR WAY,STRAIGHT AND LEVEL,DRY,NO DEFECTS,ON SCENE,NO INJURY / DRIVE AWAY,"OVER $1,500",2025-02-28T12:48:00.000,UNABLE TO DETERMINE,UNABLE TO DETERMINE,3200,W,55TH ST,822,2,NO INDICATION OF INJURY,0,0,0,0,0,2,0,12,6,2,41.7936228,-87.70361814,POINT (-87.70361814062 41.7936228033),30
20ddebf49f9d7214cbf0d8bf487ab4689b72b9749ea077aa1e5ead53df1676dbe9a62f5dd27e72da4b310df6edf30db03186e576ffdab675af5e42af6015cf8d,2025/2/28 12:45,30,NO CONTROLS,NO CONTROLS,CLEAR,DAYLIGHT,REAR TO SIDE,PARKING LOT,STRAIGHT AND LEVEL,DRY,UNKNOWN,NOT ON SCENE (DESK REPORT),NO INJURY / DRIVE AWAY,"OVER $1,500",2025-03-01T13:15:00.000,IMPROPER BACKING,NOT APPLICABLE,3320,W,BELMONT AVE,1733,2,NO INDICATION OF INJURY,0,0,0,0,0,3,0,12,6,2,41.93940519,-87.71090059,POINT (-87.710900591809 41.939405187888),30
b45551ba8c0eebeffd20636c7db8e0530731c0656b8990de4d45aedcc7f9faa9d7db0900b7dd67fb2ff1cdab39fb95d3bc4aaa29e970d21b8ea5d2e6c79daf3d,2025/2/28 12:45,30,NO CONTROLS,NO CONTROLS,CLEAR,DAYLIGHT,SIDESWIPE SAME DIRECTION,NOT DIVIDED,STRAIGHT AND LEVEL,DRY,NO DEFECTS,NOT ON SCENE (DESK REPORT),NO INJURY / DRIVE AWAY,"OVER $1,500",2025-02-28T16:02:00.000,IMPROPER LANE USAGE,NOT APPLICABLE,6601,N,SHERIDAN RD,2432,2,NO INDICATION OF INJURY,0,0,0,0,0,2,0,12,6,2,42.00260508,-87.66063811,POINT (-87.660638114337 42.002605075607),30
4c6d85bd1a5bd6309f303da645132da2b6163f5a618166c120500f16d112da71c833d5a0a9346d9c3991191e01d992199d69e693395709780fa4fd0f37d9c88b,2025/2/28 12:40,30,NO CONTROLS,NO CONTROLS,CLEAR,DAYLIGHT,PARKED MOTOR VEHICLE,DIVIDED - W/MEDIAN (NOT RAISED),STRAIGHT AND LEVEL,DRY,NO DEFECTS,NOT ON SCENE (DESK REPORT),NO INJURY / DRIVE AWAY,"OVER $1,500",2025-02-28T14:25:00.000,UNABLE TO DETERMINE,UNABLE TO DETERMINE,1676,W,OGDEN AVE,1224,2,NO INDICATION OF INJURY,0,0,0,0,0,2,0,12,6,2,41.87920455,-87.66899491,POINT (-87.668994911406 41.879204554691),30
5e2fdf5776d1aad64bf4e0a42273f6a937b7a377f869533eec7c79eeccfae943457e551e40c46f1a75e1c16dfdcaf10218b3e5f0ab24176f581e784099b5bdb1,2025/2/28 12:35,30,TRAFFIC SIGNAL,FUNCTIONING PROPERLY,CLEAR,DAYLIGHT,ANGLE,FOUR WAY,STRAIGHT AND LEVEL,DRY,NO DEFECTS,ON SCENE,INJURY AND / OR TOW DUE TO CRASH,"OVER $1,500",2025-02-28T12:40:00.000,FAILING TO YIELD RIGHT-OF-WAY,DRIVING SKILLS/KNOWLEDGE/EXPERIENCE,1848,W,DEVON AVE,2432,2,NO INDICATION OF INJURY,0,0,0,0,0,2,0,12,6,2,41.99807005,-87.67677543,POINT (-87.676775434372 41.998070048285),30
071cadc94b9566ad35f0d0ead189b7fce506bf3a0abecad3cb8cec5452ec7ac2637253e812831a264ac73cf9f4a0131ce6ec290749c06450c4f2d4e439c55ddd,2025/2/28 12:30,30,TRAFFIC SIGNAL,FUNCTIONING PROPERLY,CLEAR,DAYLIGHT,SIDESWIPE SAME DIRECTION,FOUR WAY,STRAIGHT AND LEVEL,DRY,NO DEFECTS,NOT ON SCENE (DESK REPORT),NO INJURY / DRIVE AWAY,$500 OR LESS,2025-02-28T13:05:00.000,DRIVING SKILLS/KNOWLEDGE/EXPERIENCE,NOT APPLICABLE,100,W,87TH ST,622,2,NO INDICATION OF INJURY,0,0,0,0,0,2,0,12,6,2,41.73637382,-87.62723156,POINT (-87.627231564567 41.736373820276),30
b5e0e38b3caa6bac07dc1f6b7bbb64478ac31d53bc75ed4e65aa045f0cc08b295fd75ac342d2f3bc67f5172e61fa1c41bc65883a6ff5ceaaca2d2a6c6da0ad63,2025/2/28 12:30,30,NO CONTROLS,NO CONTROLS,CLEAR,DAYLIGHT,ANGLE,DIVIDED - W/MEDIAN (NOT RAISED),STRAIGHT AND LEVEL,UNKNOWN,UNKNOWN,NOT ON SCENE (DESK REPORT),NO INJURY / DRIVE AWAY,"OVER $1,500",2025-02-28T13:30:00.000,IMPROPER OVERTAKING/PASSING,FAILING TO YIELD RIGHT-OF-WAY,6615,N,SHERIDAN RD,2432,2,NO INDICATION OF INJURY,0,0,0,0,0,2,0,12,6,2,42.00305011,-87.66065314,POINT (-87.660653141593 42.003050107178),30
d14244669c91475377d415365d73c7b600f6891f31d8477aa053d1b8c0f6372cdb059a0fe828227c00a12d183d75f131c0a337ff86f14652b1e744bde6cd43d3,2025/2/28 12:11,30,NO CONTROLS,NO CONTROLS,CLEAR,DAYLIGHT,PARKED MOTOR VEHICLE,ONE-WAY,STRAIGHT AND LEVEL,DRY,NO DEFECTS,ON SCENE,NO INJURY / DRIVE AWAY,$500 OR LESS,2025-02-28T12:14:00.000,NOT APPLICABLE,NOT APPLICABLE,920,W,18TH PL,1235,2,NO INDICATION OF INJURY,0,0,0,0,0,1,0,12,6,2,41.85753477,-87.64910175,POINT (-87.64910175366 41.857534769168),30
0f3d991b18f0ab04a44ee8fd0505638d96842fc5b0c5bbf28c598aaeaaa9e6eb1b36c7bab7553979eff2f7c5f9ca13720ae57195656d40861894f2fd73bf3363,2025/2/28 12:05,30,STOP SIGN/FLASHER,FUNCTIONING PROPERLY,CLEAR,DAYLIGHT,TURNING,NOT DIVIDED,STRAIGHT AND LEVEL,DRY,NO DEFECTS,NOT ON SCENE (DESK REPORT),NO INJURY / DRIVE AWAY,"$501 - $1,500",2025-02-28T14:00:00.000,UNABLE TO DETERMINE,UNABLE TO DETERMINE,115,E,34TH ST,211,2,NO INDICATION OF INJURY,0,0,0,0,0,3,0,12,6,2,41.83278228,-87.62259072,POINT (-87.622590719379 41.832782284103),30
191fe5fe15261191a1ba2a9cc31555695ae5d6790a982a21de8818441db2b7b43740df6f7b4df684a072930de8d66f4cc9d2adac86074a3d7b07269757f8efd2,2025/2/28 12:00,35,NO CONTROLS,NO CONTROLS,CLEAR,DAYLIGHT,REAR END,DIVIDED - W/MEDIAN BARRIER,STRAIGHT AND LEVEL,DRY,NO DEFECTS,ON SCENE,NO INJURY / DRIVE AWAY,"OVER $1,500",2025-02-28T12:08:00.000,UNABLE TO DETERMINE,UNABLE TO DETERMINE,300,E,GARFIELD BLVD,231,3,NO INDICATION OF INJURY,0,0,0,0,0,3,0,12,6,2,41.79486171,-87.61914773,POINT (-87.619147726853 41.794861709043),35
79e65ea5f5438f0f9b222d8b24aee5a87265e9738d6a1e780c847384f5ec87c0ce364397a2c35776df0975e89c790ed2202cf115c6faef481277980b1d484d33,2025/2/28 12:00,30,TRAFFIC SIGNAL,FUNCTIONING PROPERLY,CLEAR,DAYLIGHT,SIDESWIPE SAME DIRECTION,NOT DIVIDED,STRAIGHT AND LEVEL,DRY,NO DEFECTS,NOT ON SCENE (DESK REPORT),NO INJURY / DRIVE AWAY,"OVER $1,500",2025-02-28T16:40:00.000,IMPROPER OVERTAKING/PASSING,UNABLE TO DETERMINE,30,W,MONROE ST,112,2,NO INDICATION OF INJURY,0,0,0,0,0,2,0,12,6,2,41.88083862,-87.62890194,POINT (-87.628901944452 41.880838615883),30
a44ceddbaec59ceaa8beb775f13099501d23048662e9c351f97b5fe0e78a94c81bd11e2a409a44614aab8275903409f7a4d5748709dd59560340f2f51264bfa4,2025/2/28 12:00,30,TRAFFIC SIGNAL,FUNCTIONING PROPERLY,CLEAR,DAYLIGHT,TURNING,FOUR WAY,STRAIGHT AND LEVEL,DRY,NO DEFECTS,NOT ON SCENE (DESK REPORT),NO INJURY / DRIVE AWAY,"OVER $1,500",2025-02-28T12:20:00.000,FAILING TO YIELD RIGHT-OF-WAY,IMPROPER TURNING/NO SIGNAL,1103,W,GRAND AVE,1214,2,NO INDICATION OF INJURY,0,0,0,0,0,4,0,12,6,2,41.89099764,-87.6547725,POINT (-87.654772502692 41.890997639127),30
133c6eec1bc079f152a8cb0208070471a385abf98bebe09c73f9bb726e967a55572938db4070756e60e1c860bd9ecb9c3972dca6704974647c8daa75804c8a9b,2025/2/28 11:55,30,TRAFFIC SIGNAL,FUNCTIONING PROPERLY,CLEAR,DAYLIGHT,REAR END,NOT DIVIDED,STRAIGHT AND LEVEL,DRY,NO DEFECTS,NOT ON SCENE (DESK REPORT),NO INJURY / DRIVE AWAY,"OVER $1,500",2025-02-28T12:10:00.000,UNABLE TO DETERMINE,UNABLE TO DETERMINE,607,W,BELMONT AVE,1934,2,NO INDICATION OF INJURY,0,0,0,0,0,2,0,11,6,2,41.93992787,-87.64473626,POINT (-87.644736255184 41.939927870322),30
0df5d8b29c278a89200c2158c366d276a48179bb187a775f52d2f12a586e9696ca134f36e904005a5823f6bb32f95e5a8a1febff03db25a174356fa7f477afcd,2025/2/28 11:50,30,TRAFFIC SIGNAL,FUNCTIONING PROPERLY,CLEAR,DAYLIGHT,TURNING,DIVIDED - W/MEDIAN (NOT RAISED),STRAIGHT AND LEVEL,DRY,UNKNOWN,ON SCENE,NO INJURY / DRIVE AWAY,"OVER $1,500",2025-02-28T12:10:00.000,UNABLE TO DETERMINE,UNABLE TO DETERMINE,4200,S,CICERO AVE,814,2,NO INDICATION OF INJURY,0,0,0,0,0,2,0,11,6,2,41.81672939,-87.74353671,POINT (-87.743536712476 41.816729386747),30
e8f1b82beacb74ca0a0432edba1a111773819d29bb574b6507a92487aecf937f0ed6b57938ab24ad05cb5e56661f48ca8c51e611ea45f7b9a0618d76ed7b4b80,2025/2/28 11:46,30,NO CONTROLS,NO CONTROLS,CLEAR,DAYLIGHT,TURNING,NOT DIVIDED,STRAIGHT AND LEVEL,DRY,NO DEFECTS,ON SCENE,NO INJURY / DRIVE AWAY,"OVER $1,500",2025-02-28T12:00:00.000,IMPROPER OVERTAKING/PASSING,NOT APPLICABLE,1232,W,63RD ST,713,2,NO INDICATION OF INJURY,0,0,0,0,0,2,0,11,6,2,41.77970253,-87.6558024,POINT (-87.65580240405 41.779702525566),30
416346705d82df4516a0b4fadd11201d49ab59548a517632101b7a0e0160bfa6f517171c97236c52142a1ea34a88b0fd734687d17da5e334612db6ca82663170,2025/2/28 11:45,30,NO CONTROLS,NO CONTROLS,CLEAR,DAYLIGHT,TURNING,DIVIDED - W/MEDIAN (NOT RAISED),STRAIGHT AND LEVEL,DRY,NO DEFECTS,ON SCENE,NO INJURY / DRIVE AWAY,"OVER $1,500",2025-02-28T11:46:00.000,DRIVING SKILLS/KNOWLEDGE/EXPERIENCE,DRIVING SKILLS/KNOWLEDGE/EXPERIENCE,1771,W,HOWARD ST,2422,2,NO INDICATION OF INJURY,0,0,0,0,0,2,0,11,6,2,42.01928966,-87.67535734,POINT (-87.675357340583 42.019289662789),30
b06c121869e202393cfb8b8d1ec9cd57fc32b97a132c58818a337901c528127dcac59d07ed3139a95803b90d00608255b7e6ef3dd7ac15c9e16a2df61f27d753,2025/2/28 11:45,30,NO CONTROLS,NO CONTROLS,CLEAR,DAYLIGHT,ANGLE,DIVIDED - W/MEDIAN (NOT RAISED),STRAIGHT AND LEVEL,DRY,NO DEFECTS,NOT ON SCENE (DESK REPORT),NO INJURY / DRIVE AWAY,"OVER $1,500",2025-02-28T12:50:00.000,UNABLE TO DETERMINE,UNABLE TO DETERMINE,6717,N,OSHKOSH AVE,1612,2,NO INDICATION OF INJURY,0,0,0,0,0,2,0,11,6,2,42.00308934,-87.81749298,POINT (-87.817492983352 42.003089343791),30
31321d6abdc1f5cbd89c54590346e3c901e1eff13fc2f5bc898122d711b20d48f878d0566ae9b6a096822b7158dde47a39eb3b3475e13601e2844d7db88b1e8c,2025/2/28 11:38,30,NO CONTROLS,NO CONTROLS,CLEAR,DAYLIGHT,REAR TO FRONT,T-INTERSECTION,STRAIGHT AND LEVEL,DRY,NO DEFECTS,ON SCENE,INJURY AND / OR TOW DUE TO CRASH,"OVER $1,500",2025-02-28T11:42:00.000,DRIVING ON WRONG SIDE/WRONG WAY,DRIVING SKILLS/KNOWLEDGE/EXPERIENCE,6014,N,WASHTENAW AVE,2413,2,"REPORTED, NOT EVIDENT",2,0,0,0,2,0,0,11,6,2,41.9909224,-87.6971269,POINT (-87.697126902942 41.990922404534),30
85ed4bc18993961b63c575f67a25e41fd7f3edf535d47248162761fcdc1439dbd4da9cfe01522fa5f6bc18742b854fcba8a1676ac5bbea1e423b5e5a7752f70b,2025/2/28 11:33,15,NO CONTROLS,NO CONTROLS,CLEAR,DAYLIGHT,REAR TO FRONT,PARKING LOT,STRAIGHT AND LEVEL,DRY,NO DEFECTS,NOT ON SCENE (DESK REPORT),NO INJURY / DRIVE AWAY,"OVER $1,500",2025-02-28T16:35:00.000,UNABLE TO DETERMINE,UNABLE TO DETERMINE,1804,W,LAWRENCE AVE,2032,2,NO INDICATION OF INJURY,0,0,0,0,0,2,0,11,6,2,41.96892356,-87.67482236,POINT (-87.674822359376 41.968923564032),15
14e66ce1b4880aef41a47eb75257835dfc1502e28c60555fcb8bbfb9bfae5b4cb3d0ac70bd37a75bb486e89874a2318f8852bff192da9f435f132129aef5be34,2025/2/28 11:30,30,TRAFFIC SIGNAL,FUNCTIONING PROPERLY,CLEAR,DAYLIGHT,SIDESWIPE SAME DIRECTION,FOUR WAY,STRAIGHT AND LEVEL,DRY,NO DEFECTS,ON SCENE,NO INJURY / DRIVE AWAY,"OVER $1,500",2025-02-28T13:25:00.000,DRIVING SKILLS/KNOWLEDGE/EXPERIENCE,NOT APPLICABLE,1600,E,75TH ST,324,2,NO INDICATION OF INJURY,0,0,0,0,0,2,0,11,6,2,41.75887774,-87.58568244,POINT (-87.585682440932 41.758877741252),30
be0060e90b992cc6f679c285d00921c103f5ef65c0e040596a347272837e8479265e5535884f98eaa1ff7e8da42a063b394ca99af9917c27c5da5f1d62fed659,2025/2/28 11:30,30,STOP SIGN/FLASHER,FUNCTIONING PROPERLY,CLEAR,DAYLIGHT,TURNING,L-INTERSECTION,STRAIGHT AND LEVEL,DRY,NO DEFECTS,NOT ON SCENE (DESK REPORT),NO INJURY / DRIVE AWAY,$500 OR LESS,2025-02-28T15:00:00.000,FAILING TO YIELD RIGHT-OF-WAY,UNABLE TO DETERMINE,99,W,MONROE ST,112,2,NO INDICATION OF INJURY,0,0,0,0,0,2,0,11,6,2,41.88058766,-87.63077634,POINT (-87.630776341567 41.880587656375),30
a06674a161ed1c5f652007e0c941afc93f023ba522c02f3c1846a148348a6eb764655bb2e427dfa7d955f7fa24dcd15fdafc3b35e8c06886279d91031fdbbabc,2025/2/28 11:20,5,NO CONTROLS,NO CONTROLS,CLEAR,DAYLIGHT,FIXED OBJECT,PARKING LOT,STRAIGHT AND LEVEL,DRY,NO DEFECTS,ON SCENE,NO INJURY / DRIVE AWAY,"OVER $1,500",2025-02-28T11:28:00.000,DRIVING SKILLS/KNOWLEDGE/EXPERIENCE,UNABLE TO DETERMINE,1415,W,44TH ST,924,1,NO INDICATION OF INJURY,0,0,0,0,0,1,0,11,6,2,41.81402062,-87.66091401,POINT (-87.6609140134 41.814020615993),5
aff977978a1c273024a4261a7bf239fc625bbfb2ecc079e61adf907bdd5e3e49b1af1af6f13bfec72f440b7c3d60dac25e87e5a04236c8c5845650c022f78ae6,2025/2/28 11:20,30,NO CONTROLS,NO CONTROLS,CLEAR,DAYLIGHT,REAR TO SIDE,PARKING LOT,STRAIGHT AND LEVEL,DRY,NO DEFECTS,ON SCENE,NO INJURY / DRIVE AWAY,"OVER $1,500",2025-02-28T11:33:00.000,UNABLE TO DETERMINE,UNABLE TO DETERMINE,6000,S,KEDZIE AVE,823,2,NO INDICATION OF INJURY,0,0,0,0,0,2,0,11,6,2,41.78433325,-87.7034373,POINT (-87.70343729709 41.784333248946),30
8f8e8d187a5472a0c7cf7036292b53c8e2d1007962c26ac7cc447607abbe79b98dbedaf56c22b6e96190d6b499b1dbe7bbfd8aa368398a9d66f7241c88d3b40f,2025/2/28 11:17,30,TRAFFIC SIGNAL,FUNCTIONING PROPERLY,CLEAR,DAYLIGHT,PEDESTRIAN,NOT DIVIDED,STRAIGHT AND LEVEL,DRY,NO DEFECTS,ON SCENE,NO INJURY / DRIVE AWAY,$500 OR LESS,2025-02-28T11:19:00.000,UNABLE TO DETERMINE,NOT APPLICABLE,4500,W,FULLERTON AVE,2521,2,NO INDICATION OF INJURY,0,0,0,0,0,2,0,11,6,2,41.92444425,-87.7391185,POINT (-87.739118496396 41.924444254222),30
841b4b99f86218dcccb585bc6e9f447b3459471b7c07fdcd7c6fc47c3fe66d119915ae4910ab59fdf859de9d4375dc3ac93dd40daa15f3498e746bdd82137ba2,2025/2/28 11:05,30,UNKNOWN,UNKNOWN,UNKNOWN,UNKNOWN,PARKED MOTOR VEHICLE,NOT DIVIDED,STRAIGHT AND LEVEL,UNKNOWN,UNKNOWN,NOT ON SCENE (DESK REPORT),NO INJURY / DRIVE AWAY,"OVER $1,500",2025-03-01T09:10:00.000,UNABLE TO DETERMINE,UNABLE TO DETERMINE,1012,W,SUNNYSIDE AVE,1914,2,NO INDICATION OF INJURY,0,0,0,0,0,1,0,11,6,2,41.9637089,-87.6554023,POINT (-87.655402297873 41.963708895891),30
1b9b4558e991d7c929ee88a0da2b70aa7adea543a590db08f03313d965fb324249b8389d0a356435217337d17db783b08098d3dc45dfa764e0d55e9c555dfd5e,2025/2/28 11:00,30,NO CONTROLS,NO CONTROLS,CLEAR,DAYLIGHT,PARKED MOTOR VEHICLE,DIVIDED - W/MEDIAN (NOT RAISED),STRAIGHT AND LEVEL,DRY,NO DEFECTS,NOT ON SCENE (DESK REPORT),NO INJURY / DRIVE AWAY,"OVER $1,500",2025-02-28T11:25:00.000,"OPERATING VEHICLE IN ERRATIC, RECKLESS, CARELESS, NEGLIGENT OR AGGRESSIVE MANNER",NOT APPLICABLE,1255,W,PRATT BLVD,2432,2,NO INDICATION OF INJURY,0,0,0,0,0,2,0,11,6,2,42.0053954,-87.66312314,POINT (-87.663123144941 42.005395398144),30
9793a61c15327f8645e0c7af4ab96e261a8631631924f68b56632b43d16be43ede12a92a86b7055b87c053c982a46c98220d991094370103d38120aa39ca888c,2025/2/28 11:00,30,STOP SIGN/FLASHER,NO CONTROLS,CLEAR,DAYLIGHT,REAR END,ONE-WAY,STRAIGHT AND LEVEL,DRY,NO DEFECTS,NOT ON SCENE (DESK REPORT),NO INJURY / DRIVE AWAY,"$501 - $1,500",2025-02-28T11:20:00.000,FOLLOWING TOO CLOSELY,NOT APPLICABLE,3600,N,TRIPP AVE,1731,2,NO INDICATION OF INJURY,0,0,0,0,0,2,0,11,6,2,41.94638126,-87.73389771,POINT (-87.73389771107 41.946381264584),30
b2512301ab12cafaf27ebfdbc2664f0eba8b1985f1dc47ea3e4d77a17b4f934e0c1cf0b253f7c39a567410eb82d924deb9400ce9ee6ebbf7851254494d8d4465,2025/2/28 11:00,30,NO CONTROLS,NO CONTROLS,CLEAR,DAYLIGHT,PARKED MOTOR VEHICLE,ONE-WAY,STRAIGHT AND LEVEL,DRY,NO DEFECTS,NOT ON SCENE (DESK REPORT),NO INJURY / DRIVE AWAY,"$501 - $1,500",2025-03-01T11:15:00.000,IMPROPER LANE USAGE,NOT APPLICABLE,7642,N,BOSWORTH AVE,2422,2,NO INDICATION OF INJURY,0,0,0,0,0,1,0,11,6,2,42.02061345,-87.66962992,POINT (-87.669629915245 42.020613453682),30
734dab828dbc7870db32a66c2957f9b64aa68cf4021024758bcc1a03b96da1a842e78988cd15f64803b19e8ba3590768a2affb31fcea0e096ab39a540c9eddcf,2025/2/28 10:57,30,NO CONTROLS,NO CONTROLS,CLEAR,DAYLIGHT,PARKED MOTOR VEHICLE,NOT DIVIDED,STRAIGHT AND LEVEL,DRY,NO DEFECTS,NOT ON SCENE (DESK REPORT),NO INJURY / DRIVE AWAY,"OVER $1,500",2025-02-28T15:04:00.000,UNABLE TO DETERMINE,UNABLE TO DETERMINE,5627,W,IRVING PARK RD,1633,2,NO INDICATION OF INJURY,0,0,0,0,0,1,0,10,6,2,41.9530591,-87.76808492,POINT (-87.768084915961 41.953059097074),30
e6eedb6f7b7a815cc348fe6c09953aec524f90907da596da83f0c5deddbfa3b8bdb9d512b4331820bd86605e6301df9aadbc71b67c463465893cb62bdf7f104a,2025/2/28 10:47,30,TRAFFIC SIGNAL,FUNCTIONING PROPERLY,CLEAR,DAYLIGHT,ANGLE,FOUR WAY,STRAIGHT AND LEVEL,DRY,NO DEFECTS,ON SCENE,INJURY AND / OR TOW DUE TO CRASH,"OVER $1,500",2025-02-28T10:57:00.000,FAILING TO YIELD RIGHT-OF-WAY,FAILING TO YIELD RIGHT-OF-WAY,700,S,LARAMIE AVE,1522,2,NO INDICATION OF INJURY,0,0,0,0,0,2,0,10,6,2,41.87193899,-87.75491455,POINT (-87.754914549958 41.871938985166),30
47b94a30efc6f457f6e844ca53adac4237fb97c22ed71add74c8cc6519662a614f8c5e466e1dff90469113711f12c58d985090f1053a662d465847de3a957740,2025/2/28 10:45,30,STOP SIGN/FLASHER,UNKNOWN,CLEAR,DAYLIGHT,TURNING,NOT DIVIDED,STRAIGHT AND LEVEL,DRY,UNKNOWN,NOT ON SCENE (DESK REPORT),NO INJURY / DRIVE AWAY,"OVER $1,500",2025-02-28T11:50:00.000,UNABLE TO DETERMINE,UNABLE TO DETERMINE,7401,S,CICERO AVE,833,2,NO INDICATION OF INJURY,0,0,0,0,0,2,0,10,6,2,41.758728,-87.74153566,POINT (-87.741535662317 41.75872799769),30
7ba5d6d8f675bab8d8f2e126148815692600f9e8558c6d284fc0ea2c6e49f569c0ab1cab552d88a39d9e10bb39897b3739558ee6bd53eebd550236cec56f69a6,2025/2/28 10:40,30,TRAFFIC SIGNAL,FUNCTIONING PROPERLY,CLEAR,DAYLIGHT,TURNING,DIVIDED - W/MEDIAN (NOT RAISED),STRAIGHT AND LEVEL,DRY,NO DEFECTS,ON SCENE,NO INJURY / DRIVE AWAY,"$501 - $1,500",2025-02-28T10:43:00.000,UNABLE TO DETERMINE,NOT APPLICABLE,3800,N,CLARK ST,1923,2,NO INDICATION OF INJURY,0,0,0,0,0,2,0,10,6,2,41.95106405,-87.65979513,POINT (-87.659795128028 41.951064053085),30
a89cfbdd7d4f845813d0610946c3887417cbad3a66f71753ffcc59b996ba99279b15c30fffce6d8823f67b3722eb15da7f2c19c4fc92b531826a5655cc98aed7,2025/2/28 10:30,25,NO CONTROLS,NO CONTROLS,CLEAR,DAYLIGHT,PARKED MOTOR VEHICLE,PARKING LOT,STRAIGHT AND LEVEL,DRY,NO DEFECTS,NOT ON SCENE (DESK REPORT),NO INJURY / DRIVE AWAY,"$501 - $1,500",2025-02-28T15:20:00.000,NOT APPLICABLE,NOT APPLICABLE,1230,W,LAKE ST,1215,2,NO INDICATION OF INJURY,0,0,0,0,0,1,0,10,6,2,41.88559427,-87.65806386,POINT (-87.658063862752 41.885594269832),25
b5df2d797e51dcc249c1dd4bb0ad4b38da887699d7dc97f6bdbad0d5560013c9f2c4c071a6eca973b7a8f5e9447ede3eaafad22ccebb3a85d2d50d2c39aa3d46,2025/2/28 10:30,30,TRAFFIC SIGNAL,FUNCTIONING PROPERLY,CLEAR,DAYLIGHT,TURNING,FOUR WAY,STRAIGHT AND LEVEL,DRY,NO DEFECTS,ON SCENE,INJURY AND / OR TOW DUE TO CRASH,"OVER $1,500",2025-02-28T10:32:00.000,UNABLE TO DETERMINE,UNABLE TO DETERMINE,4301,S,PULASKI RD,821,2,NONINCAPACITATING INJURY,3,0,0,2,1,0,0,10,6,2,41.81510701,-87.72371188,POINT (-87.723711879533 41.815107007217),30
be4ed961edea495b1114b2f63c5f8d776e2a29f0b5da3a78df1995765c131b4012c8444598f1f47792941c502d58ed4bf153b11146144a9be0cdcb69380e790f,2025/2/28 10:29,30,NO CONTROLS,UNKNOWN,CLEAR,DAYLIGHT,SIDESWIPE SAME DIRECTION,NOT DIVIDED,STRAIGHT AND LEVEL,DRY,UNKNOWN,ON SCENE,NO INJURY / DRIVE AWAY,"OVER $1,500",2025-02-28T10:29:00.000,UNABLE TO DETERMINE,NOT APPLICABLE,2424,S,BLUE ISLAND AVE,1034,2,NO INDICATION OF INJURY,0,0,0,0,0,2,0,10,6,2,41.84833025,-87.67660648,POINT (-87.67660647613 41.848330252298),30