crash_record_id,crash_date,posted_speed_limit,traffic_control_device,device_condition,weather_condition,lighting_condition,first_crash_type,trafficway_type,alignment,roadway_surface_cond,road_defect,report_type,crash_type,damage,date_police_notified,prim_contributory_cause,sec_contributory_cause,street_no,street_direction,street_name,beat_of_occurrence,num_units,most_severe_injury,injuries_total,injuries_fatal,injuries_incapacitating,injuries_non_incapacitating,injuries_reported_not_evident,injuries_no_indication,injuries_unknown,crash_hour,crash_day_of_week,crash_month,latitude,longitude,location,speed_limit
d84fe2a954a589d51c40ed19d0d35a17d24ccd2b785c93277f712a6dd577e3ffa79076f2b28e7cad4240505dfcf001cecb10f9361f849ae2bf2897b40e9e315d,2025/2/28 10:26,30,NO CONTROLS,NO CONTROLS,CLEAR,DAYLIGHT,PARKED MOTOR VEHICLE,DIVIDED - W/MEDIAN (NOT RAISED),STRAIGHT AND LEVEL,DRY,NO DEFECTS,ON SCENE,NO INJURY / DRIVE AWAY,"OVER $1,500",2025-02-28T10:26:00.000,FAILING TO REDUCE SPEED TO AVOID CRASH,NOT APPLICABLE,4747,N,KEDZIE AVE,1713,2,NO INDICATION OF INJURY,0,0,0,0,0,2,0,10,6,2,41.96802226,-87.70831225,POINT (-87.708312247075 41.968022259396),30
708d8e35795c6389e8a935cc903b5701479cc9df151539200a6e0e6290fbf35435a935886020e7c9e94a1c120073a9babe513b810ab00dad850e52bf600e636c,2025/2/28 10:17,30,STOP SIGN/FLASHER,FUNCTIONING PROPERLY,CLEAR,DAYLIGHT,TURNING,NOT DIVIDED,STRAIGHT AND LEVEL,DRY,UNKNOWN,ON SCENE,NO INJURY / DRIVE AWAY,"OVER $1,500",2025-02-28T10:18:00.000,FAILING TO YIELD RIGHT-OF-WAY,NOT APPLICABLE,3700,N,CICERO AVE,1634,2,NO INDICATION OF INJURY,0,0,0,0,0,2,0,10,6,2,41.94798802,-87.74728849,POINT (-87.747288493953 41.947988016986),30
000394a53948b3f13ec6120a8aa6b776a995b81920f0c4b2e6056f151f23187d128a9c38552b71c092171fc881d52791e4740939e1de31cf4329218382aa132f,2025/2/28 10:15,30,TRAFFIC SIGNAL,FUNCTIONING PROPERLY,CLEAR,DAYLIGHT,TURNING,FOUR WAY,STRAIGHT AND LEVEL,DRY,NO DEFECTS,ON SCENE,INJURY AND / OR TOW DUE TO CRASH,"OVER $1,500",2025-02-28T10:20:00.000,FAILING TO YIELD RIGHT-OF-WAY,UNABLE TO DETERMINE,3700,W,55TH ST,822,2,NO INDICATION OF INJURY,0,0,0,0,0,3,0,10,6,2,41.79342196,-87.71587465,POINT (-87.715874651747 41.793421958324),30
8441c6ec17e25290e9241d2d744696afec4ccf010d2894ddd0e9045ff6d5810ef043e9839d2f89bd983b7b2af402a89af5f0d83f897b4b6df15a8456a19bfbe5,2025/2/28 10:01,15,NO CONTROLS,NO CONTROLS,CLEAR,DAYLIGHT,PEDALCYCLIST,NOT REPORTED,STRAIGHT AND LEVEL,DRY,NO DEFECTS,ON SCENE,INJURY AND / OR TOW DUE TO CRASH,$500 OR LESS,2025-02-28T10:07:00.000,FAILING TO REDUCE SPEED TO AVOID CRASH,FAILING TO YIELD RIGHT-OF-WAY,2751,N,LINDER AVE,2514,2,NONINCAPACITATING INJURY,1,0,0,1,0,1,0,10,6,2,41.93103285,-87.763633,POINT (-87.763633001963 41.931032849405),15
363ee3aaf94eeec89bdbe5548701dab9b8e68c7baa82d53a4fd9b4b149dca82760fc0a41c50ebe4a2a76b82dcfd15891890d4d22a65e0e6dd536818f163d3693,2025/2/28 10:00,30,NO CONTROLS,NO CONTROLS,UNKNOWN,DAYLIGHT,PARKED MOTOR VEHICLE,DIVIDED - W/MEDIAN (NOT RAISED),STRAIGHT AND LEVEL,UNKNOWN,UNKNOWN,NOT ON SCENE (DESK REPORT),NO INJURY / DRIVE AWAY,"OVER $1,500",2025-03-05T18:00:00.000,FAILING TO REDUCE SPEED TO AVOID CRASH,UNABLE TO DETERMINE,1439,N,CLYBOURN AVE,1822,2,NO INDICATION OF INJURY,0,0,0,0,0,1,0,10,6,2,41.90742118,-87.64444524,POINT (-87.64444523632 41.90742117497),30
49e6c9d47a45f21c3205e4094597a8c1367ce23351a4c8cd380bd9dcdb489553fc12a5101ac959ccc433223cbbf65061371944019dcf5c6e5adb45b587f9939f,2025/2/28 10:00,30,STOP SIGN/FLASHER,NO CONTROLS,CLEAR,DAYLIGHT,TURNING,NOT DIVIDED,STRAIGHT AND LEVEL,DRY,NO DEFECTS,NOT ON SCENE (DESK REPORT),NO INJURY / DRIVE AWAY,"OVER $1,500",2025-02-28T10:25:00.000,UNABLE TO DETERMINE,UNABLE TO DETERMINE,3900,W,OGDEN AVE,1014,2,NO INDICATION OF INJURY,0,0,0,0,0,2,0,10,6,2,41.85210673,-87.72239872,POINT (-87.722398724589 41.8521067288),30
c27b8ab7cd824b20e7af6e10c7e39f128235a190027715f4a4424532ece1f9f71a794e8a191a5d5d3df84fa5dc25f6b99e2168feeea599c33090acb4e269de0b,2025/2/28 10:00,30,TRAFFIC SIGNAL,FUNCTIONING PROPERLY,CLEAR,DAYLIGHT,TURNING,FOUR WAY,STRAIGHT AND LEVEL,DRY,UNKNOWN,ON SCENE,INJURY AND / OR TOW DUE TO CRASH,"$501 - $1,500",2025-02-28T10:02:00.000,DRIVING ON WRONG SIDE/WRONG WAY,IMPROPER LANE USAGE,6100,S,INDIANA AVE,311,2,"REPORTED, NOT EVIDENT",1,0,0,0,1,3,0,10,6,2,41.78373508,-87.62070737,POINT (-87.620707373155 41.783735080115),30
ce5c19264980b37feddde3823f76ba66e8f31fcb1c60689a5c075cdbc514472bf789fe4c246aeea724d340707bdea3855ce8be9ba7bd0a13cbfee53adfebcf60,2025/2/28 10:00,30,NO CONTROLS,NO CONTROLS,CLEAR,DAYLIGHT,PARKED MOTOR VEHICLE,ONE-WAY,STRAIGHT AND LEVEL,DRY,NO DEFECTS,NOT ON SCENE (DESK REPORT),NO INJURY / DRIVE AWAY,"$501 - $1,500",2025-03-01T11:30:00.000,DRIVING SKILLS/KNOWLEDGE/EXPERIENCE,DRIVING SKILLS/KNOWLEDGE/EXPERIENCE,10225,S,HOXIE AVE,431,2,NO INDICATION OF INJURY,0,0,0,0,0,1,0,10,6,2,41.7091899,-87.5607528,POINT (-87.560752801295 41.709189902148),30
cf01fc03e974330bb13b8c91f2d326099b97b10ed9b66aa014779cca81dfd073d34b9e8baaf7292832ddabf19d845018a21cf072a706fa98399f4b350e0dda32,2025/2/28 9:58,30,NO CONTROLS,NO CONTROLS,CLEAR,DAYLIGHT,PARKED MOTOR VEHICLE,DIVIDED - W/MEDIAN BARRIER,STRAIGHT AND LEVEL,DRY,UNKNOWN,NOT ON SCENE (DESK REPORT),NO INJURY / DRIVE AWAY,"OVER $1,500",2025-02-28T10:40:00.000,DRIVING SKILLS/KNOWLEDGE/EXPERIENCE,DRIVING SKILLS/KNOWLEDGE/EXPERIENCE,1101,S,STATE ST,123,2,NO INDICATION OF INJURY,0,0,0,0,0,2,0,9,6,2,41.86914591,-87.62731901,POINT (-87.627319014706 41.869145914067),30
0014a3afe9ac715fdf5b1153bda03c6697d54361b95cb4861ba7014fcb399baa16885ebb372991b8a04e5bb14b3587c4cbb0442b8a41fad5ce2c7e330e0fda80,2025/2/28 9:38,30,NO CONTROLS,NO CONTROLS,CLEAR,DAYLIGHT,SIDESWIPE OPPOSITE DIRECTION,NOT DIVIDED,STRAIGHT AND LEVEL,DRY,NO DEFECTS,ON SCENE,NO INJURY / DRIVE AWAY,"OVER $1,500",2025-02-28T10:10:00.000,IMPROPER OVERTAKING/PASSING,DRIVING SKILLS/KNOWLEDGE/EXPERIENCE,4600,S,KOLIN AVE,815,2,NO INDICATION OF INJURY,0,0,0,0,0,3,0,9,6,2,41.80949738,-87.73258873,POINT (-87.732588730895 41.809497378089),30
88c3fb671d7e9e7f8c1491fba9a040233adec6a85b02b62ab9c3f667338aa6e6858cc53c40a3d455f0af44740d819824913c8e2dc20e284c80a41c2dfc125205,2025/2/28 9:30,30,TRAFFIC SIGNAL,FUNCTIONING PROPERLY,CLEAR,DAYLIGHT,ANGLE,FOUR WAY,STRAIGHT AND LEVEL,DRY,UNKNOWN,NOT ON SCENE (DESK REPORT),NO INJURY / DRIVE AWAY,"OVER $1,500",2025-02-28T12:25:00.000,UNABLE TO DETERMINE,NOT APPLICABLE,7901,S,HALSTED ST,621,2,NO INDICATION OF INJURY,0,0,0,0,0,2,0,9,6,2,41.75055308,-87.64389524,POINT (-87.643895239296 41.75055307754),30
45d9e6c01077047e8c3b7c01415f088261d9b43d7c5b581d27b7dbc0839e27badaffc14e412d9fdf73b0fa18c40abfe85cddf9944a996e0a056184fafe55aa14,2025/2/28 9:20,30,TRAFFIC SIGNAL,FUNCTIONING PROPERLY,CLEAR,DAYLIGHT,REAR END,FOUR WAY,STRAIGHT AND LEVEL,DRY,UNKNOWN,NOT ON SCENE (DESK REPORT),NO INJURY / DRIVE AWAY,"OVER $1,500",2025-02-28T10:50:00.000,UNABLE TO DETERMINE,NOT APPLICABLE,1828,W,63RD ST,714,2,NO INDICATION OF INJURY,0,0,0,0,0,2,0,9,6,2,41.77947683,-87.67022516,POINT (-87.670225160019 41.779476828435),30
02ff9891cbe8afcdd152dcdbbfac0e67e1dfe2a15297f7544afb8666c1442d4ce3165349675f6164ce4fa87cb89563e5b4874d1d3aa2b30d85d4ac05ec7d4c46,2025/2/28 9:15,30,NO CONTROLS,NO CONTROLS,CLEAR,DAYLIGHT,REAR END,NOT DIVIDED,STRAIGHT AND LEVEL,DRY,NO DEFECTS,NOT ON SCENE (DESK REPORT),NO INJURY / DRIVE AWAY,"OVER $1,500",2025-02-28T13:30:00.000,FOLLOWING TOO CLOSELY,UNABLE TO DETERMINE,2740,N,NARRAGANSETT AVE,2512,2,NO INDICATION OF INJURY,0,0,0,0,0,2,0,9,6,2,41.93039536,-87.78583235,POINT (-87.785832347895 41.930395362425),30
28b9f4bf376f5384501b46a174026711f69b2acfb6c5909af031d7a819695897342a9e6f17f028ba6fdfbc013410b22ff7d1d992f9c65c487c30d84a1ced0ed0,2025/2/28 9:15,30,NO CONTROLS,NO CONTROLS,CLEAR,DAYLIGHT,FIXED OBJECT,NOT DIVIDED,STRAIGHT AND LEVEL,DRY,NO DEFECTS,ON SCENE,INJURY AND / OR TOW DUE TO CRASH,"OVER $1,500",2025-02-28T09:18:00.000,NOT APPLICABLE,NOT APPLICABLE,6030,N,SHERIDAN RD,2433,1,NO INDICATION OF INJURY,0,0,0,0,0,1,0,9,6,2,41.99187057,-87.6555887,POINT (-87.655588697476 41.991870574046),30
7b15ea3163220491be128745fa3aad20a9a266abafa67016499072aa40c36512b7c019d537afb24b56271ce44bfa1adf41cc17a5d0d388b0705ec0b13eeaf53a,2025/2/28 9:15,30,STOP SIGN/FLASHER,UNKNOWN,UNKNOWN,UNKNOWN,ANGLE,NOT DIVIDED,STRAIGHT AND LEVEL,UNKNOWN,UNKNOWN,NOT ON SCENE (DESK REPORT),NO INJURY / DRIVE AWAY,"OVER $1,500",2025-03-01T07:15:00.000,UNABLE TO DETERMINE,UNABLE TO DETERMINE,3301,S,CALUMET AVE,211,2,NO INDICATION OF INJURY,0,0,0,0,0,3,0,9,6,2,41.83466006,-87.61804631,POINT (-87.618046305552 41.834660060747),30
7a69331fda5f179dc5b40e4a3601da5d4c99ccefc387d3bf9944471aa9766a0c80debe439fd57181ecedd2ba2ffce7f0ef2eb4fae2846fbb6237a06d19d2380a,2025/2/28 9:13,30,TRAFFIC SIGNAL,FUNCTIONING PROPERLY,CLEAR,DAYLIGHT,ANGLE,NOT DIVIDED,STRAIGHT AND LEVEL,DRY,NO DEFECTS,ON SCENE,NO INJURY / DRIVE AWAY,"OVER $1,500",2025-02-28T09:20:00.000,DISREGARDING TRAFFIC SIGNALS,UNABLE TO DETERMINE,5100,S,INDIANA AVE,231,2,NO INDICATION OF INJURY,0,0,0,0,0,2,0,9,6,2,41.80193189,-87.62117126,POINT (-87.621171264382 41.801931892323),30
0b45e7af4d5e5dc1d775fc3210a43165420b104faccc69378fa21bf01090414d728e1f069450a6bc7f182e7c69803bb8b2d6297bb53c462172176ddc9e11de69,2025/2/28 9:00,15,NO CONTROLS,NO CONTROLS,CLEAR,DAYLIGHT,ANIMAL,ALLEY,STRAIGHT AND LEVEL,WET,UNKNOWN,ON SCENE,NO INJURY / DRIVE AWAY,"$501 - $1,500",2025-02-28T09:20:00.000,UNABLE TO DETERMINE,UNABLE TO DETERMINE,3003,W,61ST ST,823,1,NO INDICATION OF INJURY,0,0,0,0,0,2,0,9,6,2,41.78257124,-87.69851615,POINT (-87.69851615075 41.78257123925),15
2694761e67d5e2150e0636fabf00a3ee860bc57a03dfba5f29366dd62040a3222a211e7126a4b784ffce0784a7273b2a1d63c500b35eb150fd47f75a31db8650,2025/2/28 9:00,30,NO CONTROLS,NO CONTROLS,CLEAR,DAYLIGHT,SIDESWIPE SAME DIRECTION,DIVIDED - W/MEDIAN BARRIER,STRAIGHT AND LEVEL,DRY,NO DEFECTS,NOT ON SCENE (DESK REPORT),NO INJURY / DRIVE AWAY,"OVER $1,500",2025-02-28T14:30:00.000,FOLLOWING TOO CLOSELY,UNABLE TO DETERMINE,4732,N,ASHLAND AVE,1912,2,NO INDICATION OF INJURY,0,0,0,0,0,2,0,9,6,2,41.9680475,-87.66956753,POINT (-87.669567533229 41.968047499442),30
494582ecffc3c84e1089ade6b84f8c78c8d22bd71da7876b4623084c25be46efa1f693e1c74a4f0a3b4d4aa8d3378c4b934a80e2cecc692ff1954e7b0ee04f23,2025/2/28 9:00,25,TRAFFIC SIGNAL,FUNCTIONING PROPERLY,CLEAR,DAYLIGHT,PEDALCYCLIST,FOUR WAY,STRAIGHT AND LEVEL,DRY,NO DEFECTS,ON SCENE,INJURY AND / OR TOW DUE TO CRASH,"OVER $1,500",2025-02-28T09:10:00.000,NOT APPLICABLE,NOT APPLICABLE,6001,N,DAMEN AVE,2413,2,NONINCAPACITATING INJURY,1,0,0,1,0,1,0,9,6,2,41.99073835,-87.67968219,POINT (-87.679682193274 41.990738350523),25
5a83ece32013822b97656c62f76992d510f03f8b32afa2c220064e62c1d1a9cb42274a1641a2585763fbc9f0811a608eec6bde6a1fdd8574478fb464b5672720,2025/2/28 9:00,30,NO CONTROLS,NO CONTROLS,CLEAR,DAYLIGHT,SIDESWIPE SAME DIRECTION,NOT DIVIDED,STRAIGHT AND LEVEL,DRY,NO DEFECTS,NOT ON SCENE (DESK REPORT),NO INJURY / DRIVE AWAY,"OVER $1,500",2025-02-28T10:00:00.000,FAILING TO YIELD RIGHT-OF-WAY,FAILING TO YIELD RIGHT-OF-WAY,1038,W,GRANVILLE AVE,2433,2,NO INDICATION OF INJURY,0,0,0,0,0,2,0,9,6,2,41.99470137,-87.65710389,POINT (-87.657103891617 41.994701369627),30
f2fdb27d68b7e2ef22b9f06705f92170f26f29432653c33e829a5f08a9673429a2ef0773c8b1d4a70d19b7af1cc324f4d22066a6eddb1aa2562ad8d1eae589e1,2025/2/28 9:00,30,NO CONTROLS,NO CONTROLS,CLEAR,DAYLIGHT,REAR END,DIVIDED - W/MEDIAN BARRIER,STRAIGHT AND LEVEL,DRY,NO DEFECTS,NOT ON SCENE (DESK REPORT),NO INJURY / DRIVE AWAY,"OVER $1,500",2025-03-01T14:00:00.000,UNABLE TO DETERMINE,UNABLE TO DETERMINE,4601,W,LAKE ST,1113,2,NO INDICATION OF INJURY,0,0,0,0,0,2,0,9,6,2,41.88618581,-87.74030533,POINT (-87.740305327933 41.886185806132),30
f563210101e5f4dd0475f4d6363ac3d0fd9f999a22980dd7f7a41dd4dab0e528d8c74c9e3d4b9d2170f1ad60a611f7116184b532a747b2c167e76757cc5adcfd,2025/2/28 8:53,25,TRAFFIC SIGNAL,UNKNOWN,CLEAR,DAYLIGHT,TURNING,NOT DIVIDED,STRAIGHT AND LEVEL,DRY,UNKNOWN,NOT ON SCENE (DESK REPORT),NO INJURY / DRIVE AWAY,"OVER $1,500",2025-02-28T09:30:00.000,IMPROPER LANE USAGE,IMPROPER LANE USAGE,5255,S,STATE ST,225,2,NO INDICATION OF INJURY,0,0,0,0,0,3,0,8,6,2,41.79847228,-87.62565509,POINT (-87.625655089262 41.798472275588),25
79cd3191049af2f2903f42b6c4582e0581ea25446f9ab4f16a3bb229033414da2428ff8babf4cc45c6f7688c9356b06f59398f3dd8c75790cb5874a96905869f,2025/2/28 8:45,25,UNKNOWN,UNKNOWN,CLEAR,DAYLIGHT,REAR END,DIVIDED - W/MEDIAN (NOT RAISED),STRAIGHT AND LEVEL,DRY,UNKNOWN,NOT ON SCENE (DESK REPORT),NO INJURY / DRIVE AWAY,"OVER $1,500",2025-02-28T11:00:00.000,UNABLE TO DETERMINE,UNABLE TO DETERMINE,2210,N,PULASKI RD,2525,2,NO INDICATION OF INJURY,0,0,0,0,0,2,0,8,6,2,41.92120702,-87.72682445,POINT (-87.726824450095 41.921207015039),25
e6b708c55eee3cc325058920aca3ddc00a77ac9de71a2d9fecba22da2afafb4a5cb80a4176c2edeb365ca0f0310b6c36d7c80fb6b391ab74ff611986b55d3b48,2025/2/28 8:45,25,TRAFFIC SIGNAL,FUNCTIONING PROPERLY,CLEAR,DAYLIGHT,ANGLE,FOUR WAY,STRAIGHT AND LEVEL,DRY,NO DEFECTS,ON SCENE,INJURY AND / OR TOW DUE TO CRASH,"OVER $1,500",2025-02-28T08:50:00.000,UNABLE TO DETERMINE,UNABLE TO DETERMINE,3700,W,MARQUETTE RD,833,2,NONINCAPACITATING INJURY,1,0,0,1,0,1,0,8,6,2,41.77159494,-87.71534929,POINT (-87.715349285832 41.771594936175),25
d17fd0cca51e32faa5bacd50a0a252d5f65a1d026ddab77e9aa904a4ca3f103295c71dc0c2aba8b7a7b8d0bf7bd2283dc3039ec8a9f8ea565d7606fd58ca898a,2025/2/28 8:44,30,NO CONTROLS,NO CONTROLS,CLEAR,DAYLIGHT,FIXED OBJECT,NOT DIVIDED,STRAIGHT AND LEVEL,DRY,NO DEFECTS,NOT ON SCENE (DESK REPORT),NO INJURY / DRIVE AWAY,$500 OR LESS,2025-02-28T16:24:00.000,DRIVING ON WRONG SIDE/WRONG WAY,EQUIPMENT - VEHICLE CONDITION,431,W,PERSHING RD,925,2,NO INDICATION OF INJURY,0,0,0,0,0,2,0,8,6,2,41.82345687,-87.63742233,POINT (-87.637422326207 41.823456868622),30
8aa3009865500c941b0714e4666b6f97253434b6866fd1749840eb234fb05fb550b88efc6fd2058991f4abfa704a00c78146c1198b49347062fe998fc91a4f70,2025/2/28 8:40,30,NO CONTROLS,NO CONTROLS,FOG/SMOKE/HAZE,DAYLIGHT,TURNING,T-INTERSECTION,STRAIGHT AND LEVEL,WET,NO DEFECTS,NOT ON SCENE (DESK REPORT),NO INJURY / DRIVE AWAY,"OVER $1,500",2025-02-28T09:00:00.000,FAILING TO YIELD RIGHT-OF-WAY,FAILING TO YIELD RIGHT-OF-WAY,699,E,35TH ST,212,2,NO INDICATION OF INJURY,0,0,0,0,0,2,0,8,6,2,41.8310984,-87.60840157,POINT (-87.608401567222 41.83109839621),30
e7e5d50399baaf9baded0eaa98aedbc3fd0c5fb51c05a80650b21dfd4c447d9461c13a5a78b7b57619c86a727339828a11ee12a404571cec79723dfc82f3b8c5,2025/2/28 8:40,30,NO CONTROLS,NO CONTROLS,CLEAR,DAYLIGHT,PEDALCYCLIST,NOT DIVIDED,STRAIGHT AND LEVEL,DRY,NO DEFECTS,ON SCENE,INJURY AND / OR TOW DUE TO CRASH,"OVER $1,500",2025-02-28T08:43:00.000,UNABLE TO DETERMINE,UNABLE TO DETERMINE,1515,N,MILWAUKEE AVE,1424,2,NONINCAPACITATING INJURY,1,0,0,1,0,1,0,8,6,2,41.90912699,-87.6752852,POINT (-87.675285202161 41.909126988092),30
4fd1fc3ec61b2136bd49cb663598fd2d06dded0ea0d6e2638b0adf80c9e930b55e709c7387b438dcfde980ea64d60a87b9da0d9f3b62c8c2c29afdd0407b96bc,2025/2/28 8:30,30,NO CONTROLS,NO CONTROLS,CLEAR,DAYLIGHT,REAR END,FOUR WAY,STRAIGHT AND LEVEL,DRY,NO DEFECTS,NOT ON SCENE (DESK REPORT),NO INJURY / DRIVE AWAY,"OVER $1,500",2025-02-28T09:00:00.000,IMPROPER BACKING,UNABLE TO DETERMINE,3558,W,63RD ST,823,3,NO INDICATION OF INJURY,0,0,0,0,0,3,0,8,6,2,41.77894052,-87.71260758,POINT (-87.7126075752 41.778940516889),30
deaa5405aeb5b594b58ed7a3bdb47cab7813ad2a2b467be5eed04de4eb3cabcc9cbc95bb43149dc17af2e3da509f853362945b73728618d2f1254e0893aff20f,2025/2/28 8:30,30,TRAFFIC SIGNAL,FUNCTIONING PROPERLY,CLEAR,DAYLIGHT,SIDESWIPE SAME DIRECTION,NOT DIVIDED,STRAIGHT AND LEVEL,DRY,NO DEFECTS,NOT ON SCENE (DESK REPORT),NO INJURY / DRIVE AWAY,"OVER $1,500",2025-02-28T15:37:00.000,IMPROPER OVERTAKING/PASSING,NOT APPLICABLE,112,E,BALBO DR,114,2,NO INDICATION OF INJURY,0,0,0,0,0,2,0,8,6,2,41.87327816,-87.62370633,POINT (-87.623706329144 41.873278163745),30
e33f482f4d830abe77260b66bd75d6f6a6225f568f78b9e9898177b8d9495b46cae264a026d09c934cfd9fdb35964eaad5d3a799a3b1183c23d1474cdef0d7a0,2025/2/28 8:30,15,NO CONTROLS,NO CONTROLS,CLEAR,DAYLIGHT,PARKED MOTOR VEHICLE,ALLEY,STRAIGHT AND LEVEL,DRY,NO DEFECTS,ON SCENE,NO INJURY / DRIVE AWAY,$500 OR LESS,2025-02-28T09:00:00.000,UNABLE TO DETERMINE,NOT APPLICABLE,5920,N,KENMORE AVE,2022,2,NO INDICATION OF INJURY,0,0,0,0,0,1,0,8,6,2,41.98979315,-87.6569531,POINT (-87.656953104312 41.989793148585),15
75b80ce19255eafa2f4c780f5bc8a654555aa16897577e859b8e78b4111682492593d03336cbbbf4c9c37ac61c0a74ba6ad9eecd01a64d8e4f602fe36617f1cd,2025/2/28 8:29,30,NO CONTROLS,NO CONTROLS,CLEAR,DAYLIGHT,TURNING,NOT DIVIDED,STRAIGHT AND LEVEL,DRY,NO DEFECTS,ON SCENE,INJURY AND / OR TOW DUE TO CRASH,"OVER $1,500",2025-02-28T08:33:00.000,FAILING TO YIELD RIGHT-OF-WAY,UNABLE TO DETERMINE,5645,W,ADDISON ST,1633,2,NO INDICATION OF INJURY,0,0,0,0,0,2,0,8,6,2,41.94574757,-87.76853828,POINT (-87.76853827934 41.945747574682),30
8a2f49314318d702f564498eb635083c781ae9ef8e98a34ae16a5575ae99b0b5a0bca1c9b47625af6c6e87701a47dd74961f7d6f61e72152b485329333d1fdc4,2025/2/28 8:25,30,TRAFFIC SIGNAL,FUNCTIONING PROPERLY,CLEAR,DAYLIGHT,SIDESWIPE SAME DIRECTION,FOUR WAY,STRAIGHT AND LEVEL,DRY,NO DEFECTS,ON SCENE,NO INJURY / DRIVE AWAY,"$501 - $1,500",2025-02-28T08:35:00.000,IMPROPER OVERTAKING/PASSING,FAILING TO YIELD RIGHT-OF-WAY,1599,N,KINGSBURY ST,1822,2,NO INDICATION OF INJURY,0,0,0,0,0,2,0,8,6,2,41.91083019,-87.65391111,POINT (-87.653911114283 41.910830186786),30
5d94e64f8c455d86443812d8755300e079b6901c53ce76a909f3a918cc5f64475968acf8d3bce535032914f1863fa4439d7eecc1c18853505801548def41e983,2025/2/28 8:23,30,STOP SIGN/FLASHER,NO CONTROLS,CLEAR,DAYLIGHT,ANGLE,NOT DIVIDED,STRAIGHT AND LEVEL,DRY,NO DEFECTS,ON SCENE,INJURY AND / OR TOW DUE TO CRASH,"OVER $1,500",2025-02-28T08:29:00.000,DISREGARDING STOP SIGN,DISREGARDING STOP SIGN,99,E,81ST ST,631,2,NO INDICATION OF INJURY,0,0,0,0,0,2,0,8,6,2,41.74724388,-87.62136257,POINT (-87.621362566142 41.747243877966),30
3e4ce07eb568c5e74719140796370f31b62595a7f51225efc12aa58621af16a3a699cc3ccc0b2075a23058de620d97baefeff8143dd57b58b7fc8298d1c05259,2025/2/28 8:20,30,STOP SIGN/FLASHER,FUNCTIONING PROPERLY,CLEAR,DAYLIGHT,ANGLE,FOUR WAY,STRAIGHT AND LEVEL,DRY,UNKNOWN,ON SCENE,INJURY AND / OR TOW DUE TO CRASH,"OVER $1,500",2025-02-28T08:25:00.000,FAILING TO YIELD RIGHT-OF-WAY,UNABLE TO DETERMINE,7200,S,JEFFERY BLVD,333,2,"REPORTED, NOT EVIDENT",1,0,0,0,1,1,0,8,6,2,41.76428391,-87.57640667,POINT (-87.576406669444 41.764283911619),30
c97084a5a450f73a6875b6030d1e572603c875bae73a0278c13c001cfcefc5c37f096d132fc07590f37e79729bdcbac029865cdeb60e19415a2db1a6e10d054e,2025/2/28 8:20,30,TRAFFIC SIGNAL,FUNCTIONING PROPERLY,CLEAR,DAYLIGHT,SIDESWIPE SAME DIRECTION,ONE-WAY,STRAIGHT AND LEVEL,DRY,UNKNOWN,NOT ON SCENE (DESK REPORT),NO INJURY / DRIVE AWAY,"OVER $1,500",2025-02-28T08:50:00.000,IMPROPER OVERTAKING/PASSING,IMPROPER OVERTAKING/PASSING,300,S,ASHLAND AVE,1231,2,NO INDICATION OF INJURY,0,0,0,0,0,2,0,8,6,2,41.87759828,-87.66683392,POINT (-87.666833916263 41.877598278077),30
5fb418e4a5e95fd21a813a0ae6454f1f0390bfdf1ce550466dc5335ddeb7e1702b34af07e726b0de5cf89a44fcdb6bb4efb982a90b1ce9d01fa1f8f3e6cc9269,2025/2/28 8:16,20,OTHER,NO CONTROLS,CLEAR,DAYLIGHT,PARKED MOTOR VEHICLE,ONE-WAY,STRAIGHT AND LEVEL,DRY,NO DEFECTS,ON SCENE,NO INJURY / DRIVE AWAY,"OVER $1,500",2025-02-28T08:19:00.000,UNABLE TO DETERMINE,UNABLE TO DETERMINE,11714,S,STEWART AVE,522,2,NO INDICATION OF INJURY,0,0,0,0,0,1,0,8,6,2,41.68106877,-87.6325092,POINT (-87.632509200156 41.681068772544),20
7121a4e0a84a13c1b00fbfdbc2d72e0568913e162735726bcf5529316ecbb98a07ed47365763b15becf9768a6f08c53f2a83675c6c71b843a6e9cf7c3ae28565,2025/2/28 8:15,30,NO CONTROLS,NO CONTROLS,CLEAR,DAYLIGHT,ANGLE,NOT DIVIDED,STRAIGHT AND LEVEL,DRY,NO DEFECTS,NOT ON SCENE (DESK REPORT),INJURY AND / OR TOW DUE TO CRASH,"OVER $1,500",2025-02-28T08:45:00.000,UNABLE TO DETERMINE,UNABLE TO DETERMINE,2301,W,IRVING PARK RD,1921,2,"REPORTED, NOT EVIDENT",1,0,0,0,1,2,0,8,6,2,41.95393808,-87.68609929,POINT (-87.686099288874 41.953938084395),30