crash_record_id,crash_date,posted_speed_limit,traffic_control_device,device_condition,weather_condition,lighting_condition,first_crash_type,trafficway_type,alignment,roadway_surface_cond,road_defect,report_type,crash_type,damage,date_police_notified,prim_contributory_cause,sec_contributory_cause,street_no,street_direction,street_name,beat_of_occurrence,num_units,most_severe_injury,injuries_total,injuries_fatal,injuries_incapacitating,injuries_non_incapacitating,injuries_reported_not_evident,injuries_no_indication,injuries_unknown,crash_hour,crash_day_of_week,crash_month,latitude,longitude,location,speed_limit
24a39fc514fd7187013e0b6f2f04c12054344e9721a7b2ded9fcc8fe76c101c139a211b1e0b4a1e721ef78e60c22602074985587f6dea2c57f6656e9001ad688,2025/2/28 8:09,15,STOP SIGN/FLASHER,FUNCTIONING PROPERLY,CLEAR,DAYLIGHT,REAR TO FRONT,NOT DIVIDED,STRAIGHT AND LEVEL,DRY,NO DEFECTS,NOT ON SCENE (DESK REPORT),NO INJURY / DRIVE AWAY,"OVER $1,500",2025-02-28T08:48:00.000,NOT APPLICABLE,NOT APPLICABLE,4433,S,PULASKI RD,821,2,NO INDICATION OF INJURY,0,0,0,0,0,3,0,8,6,2,41.81237471,-87.7236084,POINT (-87.723608403774 41.812374710327),15
af0e35d3feb737153ff21a80ef79bb97170c2e0e9a812df7dcbd2de89c6c1ece5715d3e151757134bd66ff4ba4212cbdc5154161844fbae99c9771cae6898860,2025/2/28 8:06,30,NO CONTROLS,NO CONTROLS,CLEAR,DAYLIGHT,PARKED MOTOR VEHICLE,NOT DIVIDED,STRAIGHT AND LEVEL,DRY,UNKNOWN,NOT ON SCENE (DESK REPORT),NO INJURY / DRIVE AWAY,"OVER $1,500",2025-02-28T09:30:00.000,DRIVING SKILLS/KNOWLEDGE/EXPERIENCE,NOT APPLICABLE,4946,W,JACKSON BLVD,1533,2,NO INDICATION OF INJURY,0,0,0,0,0,3,0,8,6,2,41.87684317,-87.74911617,POINT (-87.749116167819 41.87684316912),30
b358fff938536f427937fdb01c3f3941f5bb1ec767a89965a5f314e39b2cdfe011f56823850f951124d23f4c5106a510f1feae38430f2f1d26f6110a540b3df6,2025/2/28 8:05,30,STOP SIGN/FLASHER,NO CONTROLS,CLEAR,DAYLIGHT,ANGLE,NOT DIVIDED,STRAIGHT AND LEVEL,DRY,NO DEFECTS,NOT ON SCENE (DESK REPORT),NO INJURY / DRIVE AWAY,$500 OR LESS,2025-02-28T16:45:00.000,DRIVING ON WRONG SIDE/WRONG WAY,DRIVING ON WRONG SIDE/WRONG WAY,4800,S,DR MARTIN LUTHER KING JR DR,224,2,NO INDICATION OF INJURY,0,0,0,0,0,2,0,8,6,2,41.80747002,-87.61668477,POINT (-87.6166847743 41.807470016864),30
fabd7efed6aa1e1015ae813ac1834e989ae6ebe1d5b85387562f268b967000830c0984f2bf8c1609f275d7d8e2354c4213b9c91b75372ffd3f20e8818cf5e485,2025/2/28 8:05,30,NO CONTROLS,NO CONTROLS,CLEAR,DAYLIGHT,TURNING,NOT DIVIDED,STRAIGHT AND LEVEL,DRY,NO DEFECTS,NOT ON SCENE (DESK REPORT),NO INJURY / DRIVE AWAY,"OVER $1,500",2025-02-28T09:04:00.000,UNABLE TO DETERMINE,UNABLE TO DETERMINE,4200,S,KEDZIE AVE,821,2,NO INDICATION OF INJURY,0,0,0,0,0,3,0,8,6,2,41.81715064,-87.70447558,POINT (-87.70447558046 41.817150635743),30
24408e7f840ed3b33fcf4fea1d44ec13eb891d5256a10536f2ead75a0b6814b5b885c77c9931b8f30d0091b32dd803e0252685f8b519106bd09a322c70b32589,2025/2/28 8:00,25,NO CONTROLS,NO CONTROLS,CLEAR,DAYLIGHT,ANGLE,NOT DIVIDED,STRAIGHT AND LEVEL,DRY,NO DEFECTS,NOT ON SCENE (DESK REPORT),INJURY AND / OR TOW DUE TO CRASH,"OVER $1,500",2025-02-28T08:10:00.000,NOT APPLICABLE,NOT APPLICABLE,6130,N,RAVENSWOOD AVE,2413,2,NO INDICATION OF INJURY,0,0,0,0,0,2,0,8,6,2,41.99291366,-87.67546578,POINT (-87.675465777883 41.99291365994),25
6a2543730ffde4dff9392d649e93a2254afe206b74a0b5fec8950243c3fd55a88dd48ee6ae64c1430789c1d744f5a0040e580b4a24819caf6663388fa91bf040,2025/2/28 7:59,30,TRAFFIC SIGNAL,FUNCTIONING PROPERLY,CLEAR,DAYLIGHT,REAR END,FOUR WAY,STRAIGHT AND LEVEL,DRY,UNKNOWN,NOT ON SCENE (DESK REPORT),NO INJURY / DRIVE AWAY,"OVER $1,500",2025-02-28T08:25:00.000,UNABLE TO DETERMINE,NOT APPLICABLE,6900,S,HALSTED ST,733,2,NO INDICATION OF INJURY,0,0,0,0,0,2,0,7,6,2,41.76874434,-87.64465138,POINT (-87.644651378169 41.768744340933),30
7a2b6c5af6e50c621de91ffab413dd7012fa9da15acdf18a1a9d3c18e05986ee4766d6b86dbd222862fb9a25edddcc7bd52e2ed87087f2647dc204f1fd54527b,2025/2/28 7:58,30,TRAFFIC SIGNAL,FUNCTIONING PROPERLY,CLEAR,DAYLIGHT,PEDESTRIAN,FOUR WAY,STRAIGHT AND LEVEL,DRY,NO DEFECTS,ON SCENE,INJURY AND / OR TOW DUE TO CRASH,$500 OR LESS,2025-02-28T08:09:00.000,FAILING TO YIELD RIGHT-OF-WAY,NOT APPLICABLE,1740,N,HALSTED ST,1813,2,NONINCAPACITATING INJURY,1,0,0,1,0,1,0,7,6,2,41.91377314,-87.64850695,POINT (-87.648506952981 41.91377313589),30
e88798139a337199df306342076ff56f1c21dc0967f8c64d7809c44d4d64e9c100144da9f1b46c6d9a56f7c3d18578e349649b1275ef03760fc5cd95bf77539b,2025/2/28 7:58,30,NO CONTROLS,NO CONTROLS,CLEAR,DAYLIGHT,SIDESWIPE SAME DIRECTION,ONE-WAY,STRAIGHT AND LEVEL,DRY,WORN SURFACE,ON SCENE,NO INJURY / DRIVE AWAY,"OVER $1,500",2025-02-28T08:02:00.000,FAILING TO YIELD RIGHT-OF-WAY,FAILING TO YIELD RIGHT-OF-WAY,1425,W,73RD PL,734,2,NO INDICATION OF INJURY,0,0,0,0,0,5,0,7,6,2,41.76030963,-87.6598975,POINT (-87.659897502365 41.760309629905),30
d5deb5ff9592fa1679ddb07801d5972c7b8df1f21c085863f290f2bb987b4f31623ba0f1e92675c57eacee4fd30e3532f14ea081290618a04e30457faa0d42d9,2025/2/28 7:55,30,NO CONTROLS,NO CONTROLS,CLEAR,DAYLIGHT,TURNING,DRIVEWAY,STRAIGHT AND LEVEL,DRY,NO DEFECTS,NOT ON SCENE (DESK REPORT),NO INJURY / DRIVE AWAY,"OVER $1,500",2025-03-01T15:30:00.000,UNABLE TO DETERMINE,NOT APPLICABLE,3501,S,PULASKI RD,1031,2,NO INDICATION OF INJURY,0,0,0,0,0,2,0,7,6,2,41.83022704,-87.72405846,POINT (-87.724058459741 41.83022704248),30
118e08562c3eee758fe1ebac679661e56635f24b959716dea129415403f5035efb1123cab8d51097441f65bf7281a0b106f55a008afa37c24684448709da3ff0,2025/2/28 7:54,20,TRAFFIC SIGNAL,FUNCTIONING PROPERLY,CLEAR,DAYLIGHT,PARKED MOTOR VEHICLE,FOUR WAY,STRAIGHT AND LEVEL,DRY,NO DEFECTS,ON SCENE,NO INJURY / DRIVE AWAY,"$501 - $1,500",2025-02-28T08:10:00.000,IMPROPER TURNING/NO SIGNAL,UNABLE TO DETERMINE,1000,N,OAKLEY BLVD,1212,2,NO INDICATION OF INJURY,0,0,0,0,0,1,0,7,6,2,41.89946548,-87.684634,POINT (-87.684634004746 41.899465484141),20
b9bda38a0c701ea4f8640e4692052c30de7089f2c75f9271287383244e445bb7c53a3d8bbd45475b2885d385e14389da613ab0cdb2dab18741baa731889caa59,2025/2/28 7:40,30,TRAFFIC SIGNAL,FUNCTIONING PROPERLY,CLEAR,DAYLIGHT,SIDESWIPE SAME DIRECTION,NOT DIVIDED,STRAIGHT AND LEVEL,DRY,NO DEFECTS,ON SCENE,INJURY AND / OR TOW DUE TO CRASH,"OVER $1,500",2025-02-28T07:59:00.000,FAILING TO YIELD RIGHT-OF-WAY,UNABLE TO DETERMINE,4005,W,CHICAGO AVE,1111,2,NO INDICATION OF INJURY,0,0,0,0,0,2,0,7,6,2,41.89525528,-87.72628691,POINT (-87.726286912368 41.895255278112),30
c015b1e0c61c4343a91c3de64124b09477565feac2f52618f7191e7b67957ab989d17395b2f6abba625f40798a3b86f8627e1fe5e7936d5adb1e1418884999fd,2025/2/28 7:40,30,OTHER REG. SIGN,NO CONTROLS,CLEAR,DAYLIGHT,SIDESWIPE SAME DIRECTION,DIVIDED - W/MEDIAN (NOT RAISED),STRAIGHT AND LEVEL,DRY,NO DEFECTS,ON SCENE,NO INJURY / DRIVE AWAY,"$501 - $1,500",2025-02-28T07:41:00.000,FAILING TO YIELD RIGHT-OF-WAY,IMPROPER OVERTAKING/PASSING,1540,N,HUMBOLDT DR,1423,2,NO INDICATION OF INJURY,0,0,0,0,0,2,0,7,6,2,41.90943502,-87.70195133,POINT (-87.70195132703 41.909435015217),30
d5bf7c020297f42c1f75e016972084fa1ceb73ff40780cb081d57e5854bef0c116aed1d90526c1f54b728c128e3d4333b8e32f7c22bd4d37c43b642443f2de80,2025/2/28 7:38,30,STOP SIGN/FLASHER,FUNCTIONING PROPERLY,CLEAR,DAYLIGHT,SIDESWIPE OPPOSITE DIRECTION,FOUR WAY,STRAIGHT ON GRADE,DRY,NO DEFECTS,ON SCENE,INJURY AND / OR TOW DUE TO CRASH,"OVER $1,500",2025-02-28T07:38:00.000,FAILING TO REDUCE SPEED TO AVOID CRASH,DRIVING SKILLS/KNOWLEDGE/EXPERIENCE,6095,N,AVONDALE AVE,1612,3,NONINCAPACITATING INJURY,2,0,0,2,0,3,0,7,6,2,41.99253502,-87.80079641,POINT (-87.800796410356 41.992535017558),30
a8087d7a43ec33094bb274c0c52f93e48caff0d12b2ca2a7210441615f574c217c67e1e87952503d47f861621f06960844b32abe54619c7dd480e50e690f08b9,2025/2/28 7:35,35,TRAFFIC SIGNAL,FUNCTIONING PROPERLY,CLEAR,DAYLIGHT,REAR END,NOT DIVIDED,STRAIGHT AND LEVEL,DRY,NO DEFECTS,NOT ON SCENE (DESK REPORT),NO INJURY / DRIVE AWAY,"OVER $1,500",2025-02-28T08:35:00.000,UNABLE TO DETERMINE,UNABLE TO DETERMINE,3400,N,WESTERN AVE,1921,2,NO INDICATION OF INJURY,0,0,0,0,0,2,0,7,6,2,41.94318737,-87.68830202,POINT (-87.688302020702 41.943187373182),35
599b5f4b1a33f314f4be5e3b176de2c5fcf5d12295b9bca47236d1be21c7e6ae4b32bc38f379b4bbe88727c5a9622f238667b4884566655403926a21ef266321,2025/2/28 7:30,30,NO CONTROLS,NO CONTROLS,CLEAR,DAYLIGHT,SIDESWIPE SAME DIRECTION,RAMP,STRAIGHT AND LEVEL,DRY,NO DEFECTS,NOT ON SCENE (DESK REPORT),NO INJURY / DRIVE AWAY,"$501 - $1,500",2025-02-28T08:00:00.000,FOLLOWING TOO CLOSELY,NOT APPLICABLE,5200,N,LAKE SHORE DR SB,2024,2,NO INDICATION OF INJURY,0,0,0,0,0,2,0,7,6,2,41.97662163,-87.65079003,POINT (-87.650790026249 41.976621627865),30
aaae7d6ff5640f63b31b8d48038ba3ecda7318c6dd281b429f755a4515709e00c166bdc6f502a987be045e70fb01f7f8a399743fc21e15a89739faf98a7211b5,2025/2/28 7:30,30,NO CONTROLS,NO CONTROLS,CLEAR,DAYLIGHT,SIDESWIPE SAME DIRECTION,NOT DIVIDED,STRAIGHT AND LEVEL,DRY,NO DEFECTS,ON SCENE,NO INJURY / DRIVE AWAY,"OVER $1,500",2025-02-28T07:31:00.000,UNABLE TO DETERMINE,UNABLE TO DETERMINE,722,S,CAMPBELL AVE,1135,2,NO INDICATION OF INJURY,0,0,0,0,0,2,0,7,6,2,41.8722653,-87.68876647,POINT (-87.68876646518 41.872265297552),30
769f36be33a7e295e71021b866aa922227325a0da027cdc4b2efa43e92e2f7b398a02b73aa46449c4fa918e5ff01a38539a90a9b0df7b45cdeb28e4443eadc21,2025/2/28 7:22,25,TRAFFIC SIGNAL,FUNCTIONING PROPERLY,CLEAR,DAYLIGHT,ANGLE,FOUR WAY,STRAIGHT AND LEVEL,DRY,NO DEFECTS,ON SCENE,INJURY AND / OR TOW DUE TO CRASH,"OVER $1,500",2025-02-28T07:51:00.000,DISREGARDING TRAFFIC SIGNALS,DISTRACTION - FROM INSIDE VEHICLE,334,S,FRANKLIN ST,122,2,NO INDICATION OF INJURY,0,0,0,0,0,2,0,7,6,2,41.87725665,-87.63533507,POINT (-87.635335066285 41.877256647458),25
380b104a30ee34af9c2eeff4a0fe59a221a7b0008eaaf34e093fc70b2884a1cd4bd078911488bd71ecb5df5500a47d9116187396411db049d5ad3cdadc379fd7,2025/2/28 7:15,20,NO CONTROLS,NO CONTROLS,CLEAR,DAYLIGHT,REAR END,NOT DIVIDED,STRAIGHT AND LEVEL,UNKNOWN,UNKNOWN,NOT ON SCENE (DESK REPORT),NO INJURY / DRIVE AWAY,"OVER $1,500",2025-02-28T07:30:00.000,FOLLOWING TOO CLOSELY,NOT APPLICABLE,3037,W,FOSTER AVE,1713,2,NO INDICATION OF INJURY,0,0,0,0,0,2,0,7,6,2,41.97566398,-87.70498094,POINT (-87.704980941017 41.975663980754),20
e86e5f5981862818b33fb2cfa3eb2f49907b207c776d4eb802213fdd57cdef57d5e4668020ff285cc03c5e33349e64928a8786570213223c2f8e0495d65235a7,2025/2/28 7:12,30,TRAFFIC SIGNAL,FUNCTIONING PROPERLY,CLEAR,DAYLIGHT,TURNING,NOT DIVIDED,STRAIGHT AND LEVEL,DRY,NO DEFECTS,NOT ON SCENE (DESK REPORT),NO INJURY / DRIVE AWAY,"OVER $1,500",2025-02-28T07:46:00.000,UNABLE TO DETERMINE,UNABLE TO DETERMINE,6000,S,COTTAGE GROVE AVE,313,2,NO INDICATION OF INJURY,0,0,0,0,0,2,0,7,6,2,41.78578373,-87.6061847,POINT (-87.606184701516 41.785783730894),30
b73464c1dac988c52c1819d1b65b5efbfb01c1ec677b8c5dec504dd372515b7e722e8e91a62dd05784fbe66aaed5116572b1c1050d1f58a7cc98569f90c83fdc,2025/2/28 7:00,30,NO CONTROLS,NO CONTROLS,CLEAR,DAYLIGHT,REAR END,NOT DIVIDED,STRAIGHT AND LEVEL,DRY,NO DEFECTS,NOT ON SCENE (DESK REPORT),NO INJURY / DRIVE AWAY,"OVER $1,500",2025-02-28T08:03:00.000,UNABLE TO DETERMINE,UNABLE TO DETERMINE,7050,W,63RD ST,812,2,NO INDICATION OF INJURY,0,0,0,0,0,2,0,7,6,2,41.77748052,-87.79748332,POINT (-87.797483319567 41.777480518851),30
ff379706b58ae038a0ef2c2e40bf7f7079aad3955b0fa0a2d918467f279bd03442d737ee7d0ba97a6f18a9daed0aca9ed0ef7076a7542cb289a330188b5b0d33,2025/2/28 7:00,30,NO CONTROLS,NO CONTROLS,CLEAR,DAYLIGHT,PARKED MOTOR VEHICLE,ONE-WAY,STRAIGHT AND LEVEL,DRY,NO DEFECTS,NOT ON SCENE (DESK REPORT),NO INJURY / DRIVE AWAY,"$501 - $1,500",2025-03-03T09:20:00.000,DRIVING SKILLS/KNOWLEDGE/EXPERIENCE,UNABLE TO DETERMINE,1832,E,85TH ST,412,2,NO INDICATION OF INJURY,0,0,0,0,0,1,0,7,6,2,41.74075528,-87.57936804,POINT (-87.579368042918 41.740755284665),30
1940403e91dda8625ae16c2014fcb61cff9140d06ec52cdacaaad8d8f8ebab5332e48d87eadc3ca5cf4a1f09778fc5a60661b118b875588fda6346179f05fbf6,2025/2/28 6:50,30,NO CONTROLS,NO CONTROLS,CLEAR,DAWN,REAR END,DIVIDED - W/MEDIAN BARRIER,STRAIGHT AND LEVEL,DRY,NO DEFECTS,NOT ON SCENE (DESK REPORT),NO INJURY / DRIVE AWAY,"OVER $1,500",2025-02-28T07:20:00.000,UNABLE TO DETERMINE,UNABLE TO DETERMINE,4727,S,ASHLAND AVE,933,2,NO INDICATION OF INJURY,0,0,0,0,0,2,0,6,6,2,41.80778034,-87.66480518,POINT (-87.664805182314 41.807780343457),30
d5151c034cc1866bf50d0a6fc8264c62ff8915d4965ead59526d836ddd52cce7addc4110c732b436a412b24d8caebb29561543a70942bd5c4650026d431f4dff,2025/2/28 6:50,30,NO CONTROLS,NO CONTROLS,CLEAR,DAYLIGHT,HEAD ON,PARKING LOT,STRAIGHT AND LEVEL,UNKNOWN,UNKNOWN,NOT ON SCENE (DESK REPORT),INJURY AND / OR TOW DUE TO CRASH,"OVER $1,500",2025-02-28T09:15:00.000,FAILING TO YIELD RIGHT-OF-WAY,UNABLE TO DETERMINE,3041,S,MICHIGAN AVE,133,2,"REPORTED, NOT EVIDENT",2,0,0,0,2,1,0,6,6,2,41.83829978,-87.62329681,POINT (-87.623296811988 41.83829977603),30
2b7437a0dccb2e9147bc46152a447293d77e6e186741859fa7b1f88c17127ccdb2d12d83ddd44f650edaa9401f62993955f783c9d304921ece3ba2b1c60c83e1,2025/2/28 6:40,30,NO CONTROLS,NO CONTROLS,CLEAR,DAYLIGHT,REAR END,DIVIDED - W/MEDIAN (NOT RAISED),STRAIGHT AND LEVEL,DRY,NO DEFECTS,ON SCENE,NO INJURY / DRIVE AWAY,"OVER $1,500",2025-02-28T06:50:00.000,DISTRACTION - FROM INSIDE VEHICLE,UNABLE TO DETERMINE,6315,S,WESTERN AVE,825,2,NO INDICATION OF INJURY,0,0,0,0,0,3,0,6,6,2,41.77870817,-87.68347969,POINT (-87.683479687329 41.77870817467),30
0a4de8823f83c993c6ad59604959e05bd510beb43a2a6a6ce5e441b951e82191bd08675730416ffe1d41d5773486f1f5c99884b9fbec1f13fb5a9d617798dc7d,2025/2/28 6:30,30,TRAFFIC SIGNAL,FUNCTIONING PROPERLY,CLEAR,DAYLIGHT,REAR TO SIDE,FOUR WAY,STRAIGHT AND LEVEL,DRY,NO DEFECTS,ON SCENE,INJURY AND / OR TOW DUE TO CRASH,"OVER $1,500",2025-02-28T06:33:00.000,IMPROPER BACKING,NOT APPLICABLE,5701,N,AVONDALE AVE,1612,2,NO INDICATION OF INJURY,0,0,0,0,0,2,0,6,6,2,41.98511738,-87.78770139,POINT (-87.787701386368 41.98511738438),30
bc91d4e22a67697a929666e4c52be6198c51e6bae1f360a3f276e948a4145bd4c675de4be3b7200ea199627525664667081ae7280d43dd67965157659e36f299,2025/2/28 6:30,30,NO CONTROLS,NO CONTROLS,CLEAR,DAYLIGHT,PARKED MOTOR VEHICLE,NOT DIVIDED,STRAIGHT AND LEVEL,DRY,NO DEFECTS,ON SCENE,NO INJURY / DRIVE AWAY,"OVER $1,500",2025-02-28T06:44:00.000,UNABLE TO DETERMINE,UNABLE TO DETERMINE,942,N,ELSTON AVE,1213,2,NO INDICATION OF INJURY,0,0,0,0,0,3,0,6,6,2,41.89969205,-87.65678773,POINT (-87.656787732846 41.899692047216),30
f680d640447ab121f8a563c7fc48352ade02a377874c0408f4157f5571c1bce080c5bba7c40eb32ed130ee419bd11ea0b8106c1acd9c317203a997223ff5d0a3,2025/2/28 6:22,30,TRAFFIC SIGNAL,FUNCTIONING PROPERLY,CLEAR,DAYLIGHT,ANGLE,DIVIDED - W/MEDIAN (NOT RAISED),STRAIGHT AND LEVEL,DRY,UNKNOWN,ON SCENE,INJURY AND / OR TOW DUE TO CRASH,"OVER $1,500",2025-02-28T06:32:00.000,UNABLE TO DETERMINE,UNABLE TO DETERMINE,5000,W,DIVERSEY AVE,2521,4,NO INDICATION OF INJURY,0,0,0,0,0,2,0,6,6,2,41.93157444,-87.75163128,POINT (-87.751631280336 41.931574443856),30
ce7abbc7f7c5105cf662a39ce27b87c42d706b33c685b8929e42dc5e9ca59b2c3870cd6a20ad7c446839c2b94382268bc19756a77fe8d1d4f02f09b87e3d34de,2025/2/28 6:10,30,NO CONTROLS,NO CONTROLS,CLEAR,DAYLIGHT,SIDESWIPE SAME DIRECTION,NOT DIVIDED,STRAIGHT AND LEVEL,DRY,NO DEFECTS,NOT ON SCENE (DESK REPORT),NO INJURY / DRIVE AWAY,"OVER $1,500",2025-02-28T06:35:00.000,FAILING TO YIELD RIGHT-OF-WAY,FAILING TO YIELD RIGHT-OF-WAY,7300,N,SHERIDAN RD,2423,2,NO INDICATION OF INJURY,0,0,0,0,0,2,0,6,6,2,42.01395778,-87.66424324,POINT (-87.664243236398 42.013957776681),30
8b3452929348a41cb30096ae9d43d04562389028f975a41f69d9f7e2c7c805bb35431b4274c959d22cdf40ad847dfab15af1c7d2bd748420f41372900092c6f8,2025/2/28 6:00,30,STOP SIGN/FLASHER,OTHER,CLEAR,DAYLIGHT,PARKED MOTOR VEHICLE,NOT DIVIDED,STRAIGHT AND LEVEL,DRY,NO DEFECTS,ON SCENE,NO INJURY / DRIVE AWAY,"OVER $1,500",2025-02-28T06:54:00.000,NOT APPLICABLE,NOT APPLICABLE,3119,W,36TH ST,911,2,NO INDICATION OF INJURY,0,0,0,0,0,1,0,6,6,2,41.8279997,-87.7029065,POINT (-87.702906500841 41.82799970331),30
ad9b2a4dc622d568861dfa55ee0d69ae4f591f6790c893a1f916cc69fd62dbcec9733fe6facb060db38fd9d422d992a725b0ff79dc42cbe7e2b9e8857b0ba8be,2025/2/28 5:55,30,STOP SIGN/FLASHER,FUNCTIONING PROPERLY,CLEAR,DAWN,ANGLE,NOT DIVIDED,STRAIGHT AND LEVEL,DRY,NO DEFECTS,ON SCENE,INJURY AND / OR TOW DUE TO CRASH,"OVER $1,500",2025-02-28T05:57:00.000,FAILING TO YIELD RIGHT-OF-WAY,NOT APPLICABLE,3758,N,OAK PARK AVE,1632,2,NONINCAPACITATING INJURY,1,0,0,1,0,1,0,5,6,2,41.94896085,-87.79627507,POINT (-87.796275068317 41.948960848294),30
3d3de657f90bb378bd8555bcb2905ece478bd500fad65776a812ec5bee460e3f0fbbca595cd14888d5a131648f99ab1fbaeacbd447865c7d41c373949e217e3f,2025/2/28 5:44,45,NO CONTROLS,NO CONTROLS,CLEAR,"DARKNESS, LIGHTED ROAD",REAR END,DIVIDED - W/MEDIAN BARRIER,STRAIGHT AND LEVEL,DRY,NO DEFECTS,ON SCENE,NO INJURY / DRIVE AWAY,"OVER $1,500",2025-02-28T05:50:00.000,FOLLOWING TOO CLOSELY,FOLLOWING TOO CLOSELY,10300,W,IRVING PARK RD,1654,2,NO INDICATION OF INJURY,0,0,0,0,0,2,0,5,6,2,41.95840752,-87.88633325,POINT (-87.886333247534 41.958407523899),45
7d63a47e066720340654acce27eb0dcf1553db1aa4728bcf2d2aa536f434f0e209a5a925eafc2af2c17782823cededbdef5931c9718e4aab6f0b8e016e4d9a69,2025/2/28 5:30,30,NO CONTROLS,NO CONTROLS,CLEAR,"DARKNESS, LIGHTED ROAD",SIDESWIPE OPPOSITE DIRECTION,PARKING LOT,STRAIGHT AND LEVEL,DRY,NO DEFECTS,NOT ON SCENE (DESK REPORT),NO INJURY / DRIVE AWAY,"OVER $1,500",2025-02-28T17:45:00.000,UNABLE TO DETERMINE,UNABLE TO DETERMINE,12600,S,TORRENCE AVE,433,2,NO INDICATION OF INJURY,0,0,0,0,0,3,0,5,6,2,41.66611299,-87.55900308,POINT (-87.559003080261 41.666112991211),30
bf74e2552c7e9308a4d8252a7dc0aaf637dcb5c32cca2f28e7c5b293d73187ba10ce2b7b53e1f1f8d69d63336cd6d7b14266a2711292328bf183621357433d57,2025/2/28 5:30,30,TRAFFIC SIGNAL,FUNCTIONING PROPERLY,CLEAR,DAWN,REAR TO FRONT,DIVIDED - W/MEDIAN (NOT RAISED),STRAIGHT AND LEVEL,UNKNOWN,UNKNOWN,NOT ON SCENE (DESK REPORT),NO INJURY / DRIVE AWAY,$500 OR LESS,2025-02-28T11:00:00.000,UNABLE TO DETERMINE,DRIVING SKILLS/KNOWLEDGE/EXPERIENCE,2600,W,59TH ST,824,2,NO INDICATION OF INJURY,0,0,0,0,0,2,0,5,6,2,41.78659584,-87.6887819,POINT (-87.688781895372 41.786595843368),30
0bdc0ace7ee6cc716b409920904d5ee43aecbeca13b955d395674490d23cd147b639e07307dff2bfcd8fedb75adbc80eefd4bfbe3bb12c1fd9ee7edc9f413683,2025/2/28 4:13,30,NO CONTROLS,NO CONTROLS,CLEAR,DARKNESS,SIDESWIPE SAME DIRECTION,NOT DIVIDED,STRAIGHT AND LEVEL,DRY,NO DEFECTS,ON SCENE,NO INJURY / DRIVE AWAY,$500 OR LESS,2025-02-28T04:20:00.000,UNABLE TO DETERMINE,UNABLE TO DETERMINE,10300,W,IRVING PARK RD,1654,2,NO INDICATION OF INJURY,0,0,0,0,0,2,0,4,6,2,41.95840752,-87.88633325,POINT (-87.886333247534 41.958407523899),30
bb442136ac6d757f182e05f4608eaaa76c57a0737fa97353aa8c054ab1f65fac6d256eadcb348a0294ad5d72e6c0e59a706bda97aa734c622a2ecab88f02b2af,2025/2/28 4:13,30,NO CONTROLS,NO CONTROLS,CLEAR,"DARKNESS, LIGHTED ROAD",OTHER OBJECT,NOT DIVIDED,STRAIGHT AND LEVEL,DRY,NO DEFECTS,ON SCENE,INJURY AND / OR TOW DUE TO CRASH,"OVER $1,500",2025-02-28T04:13:00.000,NOT APPLICABLE,NOT APPLICABLE,1443,W,107TH ST,2212,1,NO INDICATION OF INJURY,0,0,0,0,0,1,0,4,6,2,41.69933408,-87.65872096,POINT (-87.658720961625 41.699334078558),30
2c18975849d9b3237b07066b8ec777d07edd6d5c7c9a08e3d60ce9e719e13553bf3ad4b7dff447e7cb7e6e68465b9a6c012f0bb73635f3b1d52f82c3118d17b8,2025/2/28 4:00,25,NO CONTROLS,NO CONTROLS,CLEAR,"DARKNESS, LIGHTED ROAD",FIXED OBJECT,NOT DIVIDED,STRAIGHT AND LEVEL,DRY,NO DEFECTS,ON SCENE,INJURY AND / OR TOW DUE TO CRASH,"OVER $1,500",2025-02-28T04:05:00.000,FAILING TO REDUCE SPEED TO AVOID CRASH,NOT APPLICABLE,11427,S,LOOMIS ST,2234,1,NO INDICATION OF INJURY,0,0,0,0,0,1,0,4,6,2,41.68583752,-87.65662857,POINT (-87.656628568479 41.685837522748),25
8428066481fe5caaa580877f439114896ede1c20fea74ee2abeed950b69d19f5eee9e40c2ee9f6646e80217d7177d41927c48b506b04756d9b0eb401596c4b30,2025/2/28 4:00,30,NO CONTROLS,NO CONTROLS,CLEAR,"DARKNESS, LIGHTED ROAD",FIXED OBJECT,PARKING LOT,STRAIGHT AND LEVEL,DRY,NO DEFECTS,ON SCENE,INJURY AND / OR TOW DUE TO CRASH,"OVER $1,500",2025-02-28T04:05:00.000,UNABLE TO DETERMINE,UNABLE TO DETERMINE,5200,S,PAYNE DR,233,1,NO INDICATION OF INJURY,0,0,0,0,0,1,0,4,6,2,41.80020115,-87.60776882,POINT (-87.607768818361 41.80020114811),30
e29347ca2270da9c10be599f94e9e24cbd77af1c28924728e97c059ad69ee72f5eea03abc83ba36574fdff2ecbac22a74a03c8c652d819761b7ad456231f68d4,2025/2/28 3:08,30,NO CONTROLS,NO CONTROLS,CLOUDY/OVERCAST,"DARKNESS, LIGHTED ROAD",FIXED OBJECT,PARKING LOT,STRAIGHT AND LEVEL,DRY,NO DEFECTS,ON SCENE,INJURY AND / OR TOW DUE TO CRASH,"OVER $1,500",2025-02-28T03:09:00.000,UNABLE TO DETERMINE,NOT APPLICABLE,2400,W,47TH ST,922,1,NO INDICATION OF INJURY,0,0,0,0,0,1,0,3,6,2,41.80854224,-87.6845482,POINT (-87.684548201832 41.808542244315),30